date,00:00:00,01:00:00,02:00:00,03:00:00,04:00:00,05:00:00,06:00:00,07:00:00,08:00:00,09:00:00,10:00:00,11:00:00,12:00:00,13:00:00,14:00:00,15:00:00,16:00:00,17:00:00,18:00:00,19:00:00,20:00:00,21:00:00,22:00:00,23:00:00
2018-01-01,840.76,712.29,585.82,520.49,422.83,440.22,457.37,464.7,539.04,656.43,680.15,710.31,761.7,743.72,757.79,785.94,868.97,871.56,1017.69,1106.48,1117.63,1190.4,1214.36,1222.72
2018-01-02,1077.68,799.22,586.62,439.24,425.22,445.64,464.01,437.59,826.6,841.9,743.76,762.74,793.95,807.38,727.33,666.75,887.36,883.71,991.66,1023.16,1111.19,1156.97,1216.76,1283.16
2018-01-03,1046.62,795.52,543.24,455.43,436.98,434.15,450.82,495.98,794.02,902.13,817.21,798.5,835.41,866.74,819.4,836.24,965.83,910.99,1026.54,1111.92,1299.45,1322.6,1344.36,1395.33
2018-01-04,1135.85,833.76,600.71,486.98,468.55,457.12,485.96,528.81,884.42,991.71,895.58,846.78,863.42,848.63,841.88,858.92,978.1,1066.8,1139.59,1190.79,1358.59,1391.72,1482.02,1432.91
2018-01-05,1256.29,882.33,690.72,560.69,477.88,502.62,568.03,582.46,949.76,1044.7,943.92,826.91,857.57,866.73,,754.89,967.34,941.95,1194.37,1249.04,1329.17,1400.76,1379.05,1430.73
2018-01-06,1275.1,1031.42,786.08,601.91,548.15,520.03,589.81,556.75,656.8,953.91,953.39,975.04,1075.58,1132.43,1032.41,979.32,1118.86,1149.54,1203.94,1333.46,1293.34,1303.86,1330.82,1342.59
2018-01-07,1251.52,943.09,726.66,578.27,521.39,487.78,523.68,544.21,697.39,809.43,813.4,838.65,941.83,1072.85,1019.48,1006.43,1124.22,1149.19,1224.23,1282.13,1303.46,1350.95,1379.93,1483.33
2018-01-08,1302.43,979.21,708.38,536.02,505.2,490.41,530.58,542.7,888.16,1010.11,993.05,921.15,955.81,942.82,840.53,844.42,1014.83,993.3,1165.06,1263.42,1307.74,1474.59,1518.91,1525.14
2018-01-09,1344.66,992.6,750.52,593.46,561.41,535.42,615.39,632.37,962.96,976.08,902.98,882.13,937.4,914.42,835.1,823.86,932.08,979.54,1085.77,1178.24,1390.89,1386.66,1415.5,1483.51
2018-01-10,1291.49,939.03,649.05,522.47,521.25,517.74,530.23,593.08,939.91,1038.6,923.07,864.95,946.35,908.96,783.52,786.4,921.86,920.76,1079.4,1156.33,1317.28,1355.88,1402.51,1478.51
2018-01-11,1336.18,1023.22,712.49,583.73,550.05,536.69,634.06,644.19,969.15,946.92,873.28,767.96,748.59,684.59,609.95,634.71,795.03,871.45,1085.5,1227.48,1357.63,1465.35,1487.5,1512.56
2018-01-12,1306.5,1031.34,720.24,608.83,568.55,551.79,624.59,608.35,937.4,1048.27,1061.75,917.94,1026.67,928.16,801.58,760.19,901.45,908.81,1101.69,1230.59,1375.78,1402.96,1484.91,1473.03
2018-01-13,1337.97,1021.82,756.26,577.78,545.08,562.86,579.47,615.49,799.85,1046.41,959.89,1003.54,1037.25,1044.76,934.42,972.24,1118.21,1082.21,1194.61,1215.04,1275.12,1402.09,1473.39,1462.98
2018-01-14,,,526.65,420.02,434.88,409.83,442.27,440.84,638.55,843.46,765.13,747.76,788.01,718.82,727.13,742.86,825.41,823.65,879.79,924.83,967.51,990.21,1023.07,1033.39
2018-01-15,959.79,753.7,561.96,472.16,474.05,457.53,518.23,466.39,687.87,863.31,854.0,704.1,749.88,719.09,590.43,601.01,709.4,638.6,727.28,768.62,816.94,811.73,848.62,880.59
2018-01-16,826.89,629.7,492.23,408.76,383.05,376.51,467.42,476.65,,863.58,779.24,686.92,751.16,726.89,686.35,668.32,710.55,693.66,781.8,852.03,921.16,1006.15,1029.16,986.77
2018-01-17,885.56,669.29,493.73,430.84,427.42,421.81,485.54,466.68,640.59,838.0,785.4,682.02,735.34,712.66,590.56,625.86,745.76,635.85,761.71,785.2,894.6,956.08,1011.0,1028.35
2018-01-18,936.65,,,,,,,,,,,,,,,,,,,,,,,
2018-01-19,784.75,604.52,465.65,402.22,431.11,388.71,445.11,457.03,643.46,807.3,798.26,652.92,722.69,706.57,641.42,588.39,654.21,637.29,715.51,792.66,836.55,934.71,920.19,892.84
2018-01-20,773.66,640.53,477.37,391.59,377.45,398.43,455.32,413.29,519.44,688.67,772.98,669.9,755.92,690.91,663.72,599.71,692.61,666.03,766.11,736.33,785.2,774.0,794.92,761.26
2018-01-21,729.13,592.54,418.83,375.98,359.7,383.09,409.71,404.02,543.19,647.64,673.15,681.65,733.23,739.39,653.3,665.6,735.49,712.82,828.17,846.59,893.6,942.55,868.42,858.84
2018-01-22,714.61,571.53,423.69,342.34,354.94,367.32,416.85,414.81,585.02,702.98,736.94,661.95,640.56,606.88,562.29,586.24,626.55,602.54,686.79,752.93,869.69,844.34,788.0,835.54
2018-01-23,737.38,,,,,,,,,,,,,,,,,,,,,,,
2018-01-24,891.32,598.03,481.02,410.48,383.66,426.43,508.49,504.86,682.66,728.15,827.11,666.75,740.29,698.06,647.79,587.69,709.06,695.12,729.47,811.54,1011.53,967.52,975.32,982.89
2018-01-25,850.73,652.47,523.8,457.08,424.16,488.93,511.35,504.4,686.15,825.37,809.73,761.51,827.34,821.11,727.35,730.42,772.74,702.35,804.54,911.88,940.87,990.71,1018.99,1001.85
2018-01-26,914.36,669.59,571.72,514.67,490.32,507.92,550.28,570.02,749.11,800.7,812.47,728.83,809.22,812.1,697.47,772.57,894.7,801.93,861.19,919.16,1001.9,1055.82,1101.65,1057.12
2018-01-27,958.31,797.6,650.97,552.47,528.31,598.52,610.02,579.44,673.68,801.32,867.19,836.61,846.8,813.45,767.23,826.48,858.79,785.8,835.57,903.75,974.5,1002.83,980.4,926.61
2018-01-28,863.73,716.28,605.99,484.9,520.45,570.6,579.56,592.63,633.07,758.36,831.94,740.15,853.62,801.39,807.26,848.63,848.97,865.73,894.97,927.96,943.05,948.17,982.63,1015.37
2018-01-29,921.98,731.99,593.89,522.75,490.28,520.99,532.74,585.93,778.65,825.68,846.82,765.24,737.09,737.2,676.24,725.56,764.55,720.22,765.22,895.94,1002.37,1009.57,993.46,1007.89
2018-01-30,917.4,695.4,609.52,521.22,458.29,469.01,520.39,540.79,771.22,817.2,853.25,844.34,791.51,739.87,677.52,724.43,805.57,735.44,829.2,918.44,953.01,971.57,945.91,980.37
2018-01-31,848.66,703.58,591.14,498.2,483.43,484.01,540.94,570.76,774.76,854.86,856.71,784.63,800.11,808.81,733.74,746.51,849.81,790.51,840.86,877.59,913.18,920.55,960.82,1022.41
2018-02-01,882.42,736.99,561.8,489.72,479.53,504.62,559.69,522.94,726.89,835.76,840.96,737.86,688.76,766.51,642.0,670.86,736.81,656.51,700.42,817.45,894.66,928.5,925.26,974.66
2018-02-02,848.68,705.97,581.39,485.4,472.62,503.65,557.54,567.6,722.76,780.58,735.78,701.68,669.82,692.81,621.74,669.71,673.04,608.19,668.78,798.36,841.5,866.72,915.07,905.6
2018-02-03,876.75,652.32,568.58,467.7,461.36,487.98,536.34,522.63,633.24,732.23,745.7,649.34,606.12,624.46,674.15,668.21,740.6,692.18,737.97,814.61,782.08,827.89,848.02,808.91
2018-02-04,712.79,625.99,523.0,476.97,451.91,464.91,520.87,529.01,601.58,643.53,696.67,626.71,623.48,565.17,589.57,654.27,750.93,717.88,792.73,767.22,809.98,819.02,846.93,814.22
2018-02-05,697.75,601.21,485.07,458.86,431.01,419.77,449.36,517.67,585.74,693.22,655.98,615.56,631.57,606.6,583.42,595.51,635.85,568.26,644.5,704.53,716.04,757.25,769.66,772.7
2018-02-06,658.97,549.18,459.66,430.99,400.53,389.07,428.34,479.19,589.35,646.12,644.43,621.19,616.33,610.0,552.68,584.34,599.3,548.99,550.43,659.63,688.73,713.82,730.82,761.42
2018-02-07,635.72,537.1,448.39,403.59,393.41,399.27,439.41,457.48,579.7,680.77,653.01,562.09,600.09,534.49,541.73,516.0,608.29,534.08,630.56,702.2,763.02,808.29,782.63,702.38
2018-02-08,630.96,505.84,429.5,403.0,374.28,378.69,411.86,472.28,550.32,595.2,569.35,575.87,558.43,550.3,481.04,504.67,524.25,541.73,583.11,628.66,675.24,731.59,729.91,685.64
2018-02-09,539.95,475.38,433.79,360.09,333.67,349.88,363.13,409.46,490.05,633.63,542.01,527.33,509.27,492.06,471.03,454.52,522.28,438.47,520.85,562.38,612.82,651.21,617.97,562.46
2018-02-10,543.0,485.63,393.59,365.77,324.65,355.94,352.12,374.48,366.83,458.0,471.13,467.92,501.46,527.01,447.25,434.41,441.37,430.98,500.84,535.49,567.66,562.18,574.97,555.4
2018-02-11,521.35,432.07,399.88,330.29,307.42,314.49,340.53,331.52,377.41,472.78,466.33,454.88,465.73,446.27,426.45,418.06,408.75,405.48,465.85,487.8,501.53,510.44,466.51,509.79
2018-02-12,474.23,399.31,355.12,332.02,305.41,296.09,342.13,352.2,387.34,477.18,437.71,445.19,433.59,473.19,385.36,391.04,361.9,386.09,495.73,546.78,517.89,515.89,524.04,490.95
2018-02-13,452.51,389.07,349.52,309.58,291.3,294.43,312.35,327.1,335.07,389.92,378.87,419.08,413.8,393.14,374.95,366.92,325.5,326.85,367.37,420.73,441.32,459.25,458.38,412.11
2018-02-14,383.04,327.99,302.98,281.9,266.31,265.55,289.42,294.26,308.31,348.91,283.22,308.87,296.64,298.28,290.21,281.76,252.94,266.83,292.84,338.85,342.87,348.13,345.5,301.79
2018-02-15,315.19,279.42,274.36,245.93,235.93,246.57,237.93,221.91,246.94,272.44,256.28,275.47,277.52,315.12,281.03,287.82,250.87,261.23,301.9,316.1,333.06,317.66,320.69,312.35
2018-02-16,331.61,312.39,262.43,238.65,231.22,216.76,254.45,251.84,248.41,264.58,253.95,261.97,285.16,287.05,273.17,253.2,255.64,238.2,305.25,330.96,332.49,349.28,318.1,348.87
2018-02-17,289.67,278.72,263.49,255.25,240.49,227.88,263.48,255.59,267.59,272.6,268.76,252.79,250.39,305.98,273.01,265.02,238.1,254.94,274.14,325.74,324.89,359.66,331.06,334.7
2018-02-18,313.86,307.86,251.87,234.29,231.83,242.26,266.82,248.99,262.4,275.55,275.6,275.4,286.82,307.86,289.21,269.24,258.26,282.4,327.48,351.65,340.46,327.91,308.06,292.08
2018-02-19,316.53,292.68,281.24,236.49,247.45,241.48,272.45,249.81,270.6,285.3,275.49,289.64,308.58,302.67,305.09,307.82,294.46,302.08,346.41,362.24,352.85,370.87,363.33,363.5
2018-02-20,330.66,311.13,275.7,256.46,239.81,259.24,250.86,245.61,273.27,304.74,300.38,280.0,312.45,305.43,336.41,325.51,343.43,330.37,362.39,417.64,409.45,417.42,385.32,388.11
2018-02-21,355.52,326.53,287.21,275.37,275.8,276.1,280.42,246.58,265.81,356.37,323.0,337.26,350.89,346.36,335.59,341.62,338.84,360.27,394.36,451.26,504.52,505.46,476.0,470.97
2018-02-22,412.51,382.91,329.25,290.48,275.31,291.06,297.02,300.0,341.56,401.79,492.5,518.39,491.82,436.87,426.18,389.24,379.6,357.79,420.11,488.25,526.87,548.6,520.15,520.45
2018-02-23,444.21,366.97,343.32,314.43,286.48,297.33,297.34,314.33,397.25,394.78,409.94,404.09,430.03,383.05,395.01,405.96,496.15,399.09,439.13,529.06,567.39,589.23,602.09,547.36
2018-02-24,479.03,431.68,342.0,311.96,292.96,269.93,328.54,341.35,365.65,480.79,472.74,487.12,493.55,484.32,481.67,462.33,505.6,454.12,495.65,604.35,625.35,694.87,698.4,628.61
2018-02-25,576.4,499.91,396.28,357.26,326.84,340.8,339.1,330.2,361.79,468.64,493.73,511.76,557.35,545.88,521.9,529.17,578.3,555.3,590.28,679.38,703.83,793.63,793.34,764.46
2018-02-26,655.32,,,,,,,,,,,,,,,,,,,,,,,
2018-02-27,683.43,506.1,417.71,359.29,328.59,355.44,353.18,368.71,517.28,633.16,603.52,606.25,568.76,552.1,415.01,416.24,530.44,527.0,568.26,666.52,724.33,759.46,858.34,759.9
2018-02-28,616.28,492.8,313.83,353.83,324.07,348.25,371.37,325.92,523.23,689.7,684.84,633.26,647.59,646.25,513.58,514.06,497.5,508.35,601.83,658.01,797.46,782.68,761.04,843.84
2018-03-01,690.17,540.26,366.56,384.11,362.95,389.7,475.3,364.32,569.64,687.56,663.28,490.86,514.07,470.79,450.09,534.62,630.63,567.35,623.42,771.59,825.45,763.4,823.29,848.65
2018-03-02,658.43,555.93,404.09,384.03,382.85,395.86,422.23,421.78,561.87,714.49,724.42,700.64,714.97,673.32,618.65,614.12,773.59,688.31,709.5,755.52,763.82,751.57,753.78,783.12
2018-03-03,748.38,587.51,435.37,375.47,400.52,398.33,408.8,379.43,538.81,668.05,700.92,642.85,700.56,686.44,586.33,597.47,647.68,680.22,705.94,817.49,850.86,832.37,922.27,883.6
2018-03-04,776.35,608.05,444.93,366.87,383.44,415.07,399.45,379.2,496.35,652.44,691.65,632.58,641.64,640.33,538.52,485.67,630.77,680.07,781.23,788.76,937.2,1010.42,977.63,924.8
2018-03-05,731.02,,,,,,,,,,,,,,,,,,,,,,,
2018-03-06,913.34,607.7,474.05,389.1,356.88,392.07,401.02,424.89,690.71,774.96,729.17,693.12,681.81,628.6,516.7,494.58,652.29,637.03,777.0,934.51,995.37,1076.84,1075.81,849.04
2018-03-07,915.07,628.32,430.68,366.71,359.11,375.92,415.62,389.76,669.85,787.78,777.31,696.4,774.39,712.02,664.98,629.18,763.69,764.05,901.72,982.36,1061.06,1126.97,1182.12,1106.35
2018-03-08,891.03,625.22,486.7,399.09,395.24,418.62,449.53,453.81,730.18,799.56,854.97,737.8,689.49,700.15,627.96,586.83,792.59,725.53,893.01,959.61,1045.5,1131.46,1179.1,1205.9
2018-03-09,961.1,688.69,498.23,456.46,446.47,422.19,474.98,503.55,757.71,841.17,826.8,697.32,688.98,670.64,599.54,535.35,695.57,717.15,784.78,927.14,1009.7,1097.16,1091.15,1152.54
2018-03-10,906.94,684.07,508.54,442.47,403.35,428.16,441.29,416.87,520.43,682.19,685.83,738.6,700.64,720.64,585.13,623.57,704.05,629.86,730.13,830.78,849.51,930.5,965.8,951.22
2018-03-11,830.48,627.48,498.67,367.42,390.41,404.23,408.7,369.88,499.84,650.15,668.5,630.23,693.81,686.79,613.93,625.31,682.95,686.77,792.31,842.8,900.95,991.54,1031.59,996.01
2018-03-12,853.76,587.46,427.74,372.85,319.45,358.76,372.82,361.75,649.45,717.2,654.36,517.54,567.83,557.85,424.86,440.84,566.45,,,,,,,
2018-03-13,,,,,,,,,,,,,,,,,542.97,544.87,668.52,822.87,867.52,910.5,941.78,950.94
2018-03-14,792.59,577.38,373.92,327.61,345.59,331.64,362.55,330.77,588.95,744.43,651.4,576.94,628.37,547.96,449.25,474.08,606.55,561.25,685.76,798.5,910.62,866.37,866.13,910.69
2018-03-15,735.13,499.51,355.21,290.36,296.62,308.21,343.17,298.96,570.96,704.47,615.28,577.63,660.39,565.25,477.1,414.04,625.47,601.83,633.58,738.75,869.69,919.46,939.43,962.66
2018-03-16,763.01,461.19,360.89,345.65,355.08,348.41,355.11,360.81,614.51,746.66,699.91,646.74,628.55,603.11,529.48,576.92,685.72,650.34,764.26,816.11,847.37,907.38,934.04,924.62
2018-03-17,784.17,553.71,438.38,370.02,343.42,348.2,346.73,391.53,443.02,591.13,680.67,606.33,680.68,653.41,595.4,596.32,714.11,637.74,651.71,737.52,824.7,829.14,,904.0
2018-03-18,736.56,536.51,432.2,360.25,333.54,358.94,394.5,311.08,436.85,585.38,645.13,628.46,706.13,722.69,661.07,698.69,673.7,725.93,790.13,833.33,927.71,970.6,996.35,953.17
2018-03-19,771.86,557.06,423.73,321.61,339.44,358.7,373.06,381.52,654.2,768.88,705.51,654.59,670.54,637.5,585.26,567.35,683.23,699.49,792.24,920.83,957.26,983.8,1002.89,1109.79
2018-03-20,924.78,603.51,472.9,411.77,378.99,389.48,413.48,404.87,628.07,756.3,859.8,688.51,727.24,711.95,594.28,661.78,768.01,707.87,840.96,1032.05,1086.91,1194.54,1211.4,1165.46
2018-03-21,941.52,681.51,501.84,401.47,375.29,442.28,442.04,445.63,695.23,854.58,769.46,751.21,844.57,803.48,799.22,712.46,855.23,835.69,869.55,1023.05,1115.84,1144.31,1219.75,1172.81
2018-03-22,951.8,674.75,471.63,409.85,394.09,404.25,441.79,454.4,657.07,873.62,716.54,650.18,621.98,733.26,591.93,568.18,684.8,705.81,757.07,904.96,1008.83,1096.04,1149.86,1096.01
2018-03-23,974.98,647.29,472.42,374.17,351.37,375.4,375.49,389.9,615.84,767.03,657.6,597.89,567.55,588.28,473.66,514.51,649.41,594.18,649.91,788.44,857.48,856.16,909.1,964.22
2018-03-24,801.0,598.87,436.69,385.07,329.65,346.67,347.88,393.99,444.34,623.24,688.36,629.27,687.98,567.69,532.89,535.77,673.07,630.18,645.87,769.12,727.08,802.38,840.64,876.31
2018-03-25,687.04,557.74,406.55,324.77,308.77,325.73,348.01,322.45,390.18,604.94,616.12,600.02,680.26,678.67,586.28,601.39,667.26,657.01,710.78,764.37,785.82,899.19,890.62,912.23
2018-03-26,726.19,504.75,359.14,299.9,282.87,308.27,341.37,300.42,608.07,743.24,587.03,568.32,571.9,530.06,378.95,468.94,579.26,555.92,673.87,738.08,824.61,895.68,943.51,955.85
2018-03-27,724.75,505.13,336.81,265.13,295.67,305.3,315.27,317.13,558.38,743.22,686.26,583.69,593.51,533.36,365.7,408.48,546.94,563.74,645.28,803.63,825.68,878.46,889.49,932.24
2018-03-28,729.8,520.05,355.32,304.59,315.82,302.46,336.63,327.82,594.64,669.5,635.01,584.93,606.94,538.1,491.11,547.01,604.44,580.94,632.47,738.72,834.38,858.96,875.73,872.78
2018-03-29,720.17,492.8,338.5,327.31,269.16,294.06,298.81,307.33,543.39,678.83,638.45,511.31,608.62,584.74,482.87,462.07,559.89,524.23,617.08,780.19,796.73,840.0,870.44,868.29
2018-03-30,687.64,493.38,343.04,292.94,284.08,282.63,314.14,313.53,581.75,734.27,662.94,580.26,587.35,547.15,531.96,398.01,550.25,554.47,555.42,703.69,765.56,718.43,729.14,809.07
2018-03-31,653.76,491.0,353.45,311.62,302.71,300.52,320.69,273.56,441.92,596.96,636.06,662.58,662.39,622.2,499.16,450.68,514.34,531.82,553.96,690.71,660.06,627.85,748.59,736.41
2018-04-01,543.61,444.81,337.57,281.58,271.26,282.18,301.19,298.65,362.62,589.59,552.57,670.21,647.68,658.17,532.19,521.66,606.06,618.25,677.66,736.1,801.2,803.6,805.55,786.16
2018-04-02,608.37,460.08,322.12,280.25,272.87,273.62,293.77,300.84,479.97,598.88,617.01,520.16,556.16,576.58,452.7,396.66,562.65,531.23,654.99,761.0,733.37,747.23,799.58,794.43
2018-04-03,639.4,438.82,311.57,277.45,257.46,300.47,280.89,303.94,512.87,655.75,619.67,540.12,568.1,548.35,448.7,390.19,542.71,528.62,634.25,726.66,815.84,733.25,809.23,783.27
2018-04-04,644.33,444.25,324.11,299.56,288.22,283.32,287.39,320.23,514.05,624.48,605.24,579.07,600.35,522.94,474.91,400.07,506.15,526.0,564.11,653.61,670.83,571.0,606.21,569.08
2018-04-05,523.92,394.32,310.93,300.73,285.32,274.54,308.62,298.63,418.58,477.72,603.14,489.69,566.36,588.23,450.01,486.05,488.6,571.17,582.38,587.12,626.74,552.44,535.97,571.69
2018-04-06,559.88,401.35,363.79,295.17,284.89,290.04,325.73,306.64,380.09,522.48,568.27,511.59,552.48,533.72,450.82,461.22,548.23,504.75,573.95,639.86,610.17,625.11,623.68,658.14
2018-04-07,590.16,459.37,344.68,280.66,310.08,293.22,312.81,311.02,410.65,528.93,603.57,534.56,650.28,634.29,548.25,501.12,648.29,605.75,672.15,814.56,834.87,785.83,761.59,829.06
2018-04-08,646.71,472.19,354.92,329.56,300.22,309.68,305.77,353.95,561.02,701.54,628.47,563.7,609.43,611.07,536.73,480.87,632.58,555.6,591.53,718.21,807.21,785.07,832.32,894.75
2018-04-09,687.92,484.45,338.14,277.56,285.56,299.84,296.99,316.16,532.73,685.68,672.01,620.68,584.29,577.58,423.82,423.19,544.93,511.09,578.38,846.15,786.82,829.69,884.77,842.28
2018-04-10,700.73,489.57,335.86,256.9,286.0,324.91,294.09,290.31,558.89,652.19,664.77,628.13,580.73,536.95,470.03,392.39,592.57,533.55,638.07,784.37,828.97,812.61,839.25,888.22
2018-04-11,683.14,501.65,355.04,308.91,284.54,277.63,300.24,300.5,521.4,629.37,604.19,529.68,568.92,543.28,468.35,471.23,551.57,516.17,596.81,698.97,804.47,806.24,800.9,789.42
2018-04-12,649.55,438.46,334.75,282.98,288.18,285.9,307.97,314.47,542.49,580.88,641.87,553.63,557.03,492.31,418.94,411.03,542.67,548.78,646.51,710.08,730.6,793.42,792.21,822.02
2018-04-13,656.43,427.67,310.24,275.46,279.8,277.31,310.84,300.95,469.1,612.38,592.87,534.32,602.42,557.23,477.13,432.13,555.08,569.34,607.87,705.98,707.08,745.4,752.09,694.04
2018-04-14,577.9,421.38,332.25,281.52,293.35,298.92,309.11,298.72,455.57,552.21,540.67,576.21,627.59,588.29,547.38,518.44,627.55,520.74,556.61,663.53,682.85,666.5,738.41,706.03
2018-04-15,635.13,443.09,326.82,309.79,298.72,301.14,303.93,301.62,438.81,568.42,614.09,595.15,657.1,603.23,579.91,479.85,647.66,579.46,599.1,701.74,782.26,764.88,775.02,808.82
2018-04-16,652.5,453.1,325.64,315.45,282.36,294.56,305.03,302.87,501.28,623.66,616.71,522.37,597.68,516.84,448.49,418.66,599.83,565.89,611.55,754.78,835.31,811.49,871.28,884.83
2018-04-17,677.61,465.91,340.16,302.43,301.6,292.38,308.9,308.22,491.77,648.66,627.45,600.12,642.85,567.22,434.87,405.14,525.79,527.21,582.59,727.17,818.96,767.38,872.42,862.02
2018-04-18,682.7,456.95,325.53,295.08,293.8,308.38,296.39,316.51,572.98,670.76,583.53,548.32,582.45,515.77,458.27,433.81,589.74,582.56,626.9,741.15,811.99,868.06,837.05,831.42
2018-04-19,651.21,437.0,307.15,296.76,270.52,285.88,271.58,292.13,538.14,714.73,653.19,590.59,600.11,584.91,442.25,419.14,545.52,534.92,615.05,778.13,826.82,787.78,787.24,826.47
2018-04-20,651.92,489.6,351.3,262.51,272.82,294.25,300.6,322.73,526.35,635.44,631.44,529.76,502.39,518.69,466.59,397.08,532.23,518.16,555.63,701.47,733.73,668.04,724.23,716.72
2018-04-21,624.46,415.67,332.03,304.01,301.41,296.13,291.07,295.09,430.79,513.48,592.28,526.62,572.24,552.57,470.27,479.54,608.62,565.74,622.74,766.78,663.61,620.38,710.45,731.18
2018-04-22,562.25,435.38,351.3,301.08,279.26,304.07,276.16,262.55,424.71,525.08,587.26,519.84,627.24,555.55,570.93,513.41,658.75,581.86,619.15,767.2,801.16,771.13,795.63,756.48
2018-04-23,657.36,450.36,326.85,293.11,284.74,306.86,267.9,305.5,490.62,640.06,616.26,542.52,550.87,497.96,405.6,424.58,588.63,517.68,580.6,703.31,762.03,720.67,713.89,694.82
2018-04-24,549.27,382.5,282.05,272.05,283.07,278.24,314.94,300.17,516.87,639.98,635.88,608.46,555.09,544.9,470.91,441.52,557.82,508.87,633.58,727.67,748.02,745.08,775.04,794.13
2018-04-25,598.06,411.32,322.45,279.69,297.39,289.79,302.17,321.3,535.37,611.34,571.02,483.19,595.29,493.65,483.15,494.56,573.54,486.28,575.58,700.8,789.56,798.01,827.65,780.19
2018-04-26,640.01,440.17,323.52,268.54,256.17,310.43,316.63,321.32,499.57,592.0,543.17,543.94,595.38,533.2,415.83,413.65,564.41,478.69,536.45,668.72,810.57,707.29,735.97,769.17
2018-04-27,618.47,417.2,331.46,284.14,251.0,268.09,300.43,317.29,508.53,626.35,569.7,530.79,563.91,475.0,458.9,373.87,537.29,523.86,599.96,661.29,734.44,697.78,408.74,698.63
2018-04-28,581.01,408.04,344.53,289.69,240.42,286.68,286.19,308.9,450.73,601.65,537.12,525.91,571.13,480.89,382.2,386.01,519.84,518.28,438.81,640.56,617.69,654.39,582.58,628.38
2018-04-29,471.27,408.17,304.65,278.77,292.41,302.3,281.43,266.09,366.78,556.02,494.29,529.19,592.65,499.48,433.97,410.03,455.53,491.03,544.08,601.05,497.6,574.02,575.56,600.17
2018-04-30,503.75,,,,,,,,,,,,,,,,,,,,,,,
2018-05-01,497.81,420.94,334.88,331.37,295.41,292.38,273.75,286.65,334.86,498.6,536.56,482.89,541.83,555.66,432.74,530.75,534.89,481.9,607.06,684.8,648.84,649.72,681.21,693.48
2018-05-02,570.78,413.49,360.91,363.29,319.75,341.65,303.46,313.28,445.58,549.06,532.65,498.42,501.65,589.04,457.15,423.04,545.54,475.73,528.01,681.71,678.93,721.69,676.59,647.39
2018-05-03,545.26,366.16,281.97,304.25,263.6,259.04,293.23,294.23,470.77,637.08,543.03,485.27,496.91,472.61,391.74,422.02,515.7,455.28,557.26,680.37,752.65,726.59,760.0,714.55
2018-05-04,543.9,377.04,317.14,294.75,296.49,274.85,285.22,303.51,484.57,541.49,616.98,461.96,553.42,543.93,401.1,402.2,573.58,494.45,520.61,672.21,648.71,623.0,615.42,669.02
2018-05-05,548.76,433.12,317.37,307.9,334.35,299.86,278.87,275.68,352.85,532.27,476.24,550.52,558.84,558.37,421.89,440.85,581.11,539.65,520.88,658.1,636.12,607.09,618.79,579.15
2018-05-06,579.0,417.32,337.2,315.85,310.79,282.49,282.93,246.19,368.66,556.96,580.69,519.45,609.11,610.09,549.36,550.27,632.37,585.81,671.17,772.25,718.45,764.75,778.09,755.77
2018-05-07,612.33,458.52,360.53,349.18,291.2,288.11,317.86,314.87,443.48,565.34,554.21,542.9,529.63,457.48,346.37,409.32,523.08,511.34,590.73,661.35,680.76,667.71,661.08,676.79
2018-05-08,564.65,407.08,284.57,271.53,279.7,256.94,278.85,277.5,474.74,585.47,545.59,497.11,512.47,475.27,388.12,456.94,490.5,511.35,563.37,755.61,737.54,722.55,713.2,722.42
2018-05-09,585.82,377.74,326.63,269.8,298.97,262.67,287.01,294.31,467.64,568.19,618.45,581.88,584.43,531.22,462.98,502.69,565.79,513.86,566.16,704.55,748.54,682.78,755.59,719.62
2018-05-10,578.99,395.03,291.07,280.74,274.09,263.64,294.93,297.02,539.33,613.95,545.9,509.28,570.12,527.12,371.65,389.44,508.79,470.77,563.64,694.05,730.18,752.29,723.19,733.45
2018-05-11,555.92,388.43,323.78,271.34,311.81,271.04,292.81,326.51,546.56,507.35,561.5,504.55,500.56,527.47,404.12,385.33,510.43,414.4,520.81,645.77,665.92,646.62,662.24,649.02
2018-05-12,558.83,385.91,353.23,301.29,321.92,299.03,311.18,260.6,365.84,495.78,532.43,550.32,581.56,552.36,429.27,457.76,536.73,532.82,554.68,658.0,670.9,679.57,697.69,673.22
2018-05-13,596.73,434.96,373.18,339.52,310.28,266.42,323.68,284.52,449.99,482.81,555.86,529.69,615.16,566.63,547.89,506.23,638.78,590.16,601.69,715.91,846.53,738.81,789.75,781.13
2018-05-14,628.13,456.19,351.41,357.25,324.78,337.22,309.73,312.0,502.29,599.93,524.48,558.7,694.52,636.57,584.67,571.64,683.89,689.62,842.68,865.14,881.7,888.25,882.12,998.31
2018-05-15,762.64,579.52,462.82,420.22,416.77,404.36,374.61,378.32,581.47,678.42,654.5,699.21,752.59,803.45,581.35,613.3,843.53,815.3,916.59,1000.61,1080.61,1128.23,1075.6,1091.21
2018-05-16,949.43,750.8,614.4,568.4,520.35,501.54,519.85,510.96,712.37,752.59,775.82,758.0,868.79,926.77,810.35,839.16,917.49,876.61,908.72,1077.64,1153.8,1215.81,1304.08,1301.0
2018-05-17,1192.29,914.91,749.34,696.82,642.12,620.6,620.93,588.52,741.82,803.03,764.85,766.89,822.54,833.76,674.87,665.75,903.95,844.43,923.59,1072.38,1119.64,1178.27,1227.21,1288.58
2018-05-18,1166.75,932.92,795.08,732.42,712.8,662.39,628.11,625.01,786.56,808.1,823.2,725.43,795.82,819.81,696.63,703.48,859.01,707.48,790.74,914.97,887.48,889.46,842.69,857.0
2018-05-19,863.86,677.3,595.13,540.78,486.92,481.24,449.4,406.22,525.22,578.0,544.29,523.85,534.42,525.84,442.08,434.65,478.4,469.74,556.39,659.6,603.92,586.35,618.64,616.17
2018-05-20,542.67,430.1,386.54,376.85,353.17,360.42,330.9,307.31,418.62,475.79,553.81,457.38,498.39,539.71,435.77,420.78,534.86,448.92,517.34,621.85,624.09,625.33,616.56,633.55
2018-05-21,504.89,403.36,310.71,324.43,316.36,283.98,290.53,310.7,437.23,588.42,534.45,430.75,511.74,442.19,367.2,371.75,513.42,456.5,580.26,680.62,644.37,684.49,623.89,664.44
2018-05-22,505.84,380.68,310.65,288.71,297.03,263.79,302.4,288.92,512.74,526.77,524.53,473.0,514.99,547.9,390.54,391.68,524.73,553.48,633.15,654.32,633.94,646.88,685.27,666.36
2018-05-23,541.08,421.71,306.27,284.56,271.33,285.48,311.71,304.49,505.74,580.99,503.11,518.41,581.86,508.45,444.5,501.66,540.82,518.09,575.72,662.47,736.43,712.94,699.66,701.24
2018-05-24,550.28,435.54,330.66,331.42,290.13,275.37,314.7,318.96,508.91,605.04,582.46,524.62,526.71,470.25,422.51,382.85,473.13,483.74,560.31,654.22,682.21,732.62,709.75,680.86
2018-05-25,531.73,415.71,317.99,299.05,304.5,274.06,278.18,281.58,522.04,598.46,486.65,452.11,504.42,518.25,380.77,403.78,542.98,454.13,530.28,679.39,663.14,644.78,619.89,631.79
2018-05-26,496.88,431.68,344.13,323.4,290.94,296.28,297.27,276.56,393.25,557.87,557.52,478.02,533.97,496.05,426.0,460.63,462.02,498.48,538.21,641.38,587.12,579.14,581.73,605.77
2018-05-27,501.71,402.23,330.1,333.33,301.85,283.03,297.18,292.87,342.04,493.3,475.77,506.7,517.38,574.87,442.78,484.8,544.05,533.41,556.85,691.69,714.51,745.94,710.56,705.27
2018-05-28,555.29,434.19,349.74,306.64,301.62,305.56,309.27,299.65,472.36,623.19,577.96,508.05,579.31,564.84,470.07,426.46,585.9,560.99,667.86,780.82,826.3,847.32,890.65,831.66
2018-05-29,730.02,547.53,429.46,387.82,371.0,343.85,342.29,332.45,507.91,609.62,542.9,519.66,586.29,587.5,422.22,467.43,592.31,604.11,759.46,828.57,810.81,884.48,848.95,871.11
2018-05-30,675.94,546.21,407.42,384.78,372.83,357.3,357.76,362.96,556.33,603.25,532.52,550.38,629.63,610.68,520.0,545.79,664.01,583.39,688.84,720.99,782.25,890.34,869.95,855.56
2018-05-31,689.58,537.25,469.19,395.01,381.6,394.87,365.48,347.07,474.67,569.06,505.63,508.09,546.01,448.75,413.1,406.35,562.82,488.61,564.4,663.6,681.39,706.07,719.72,678.6
2018-06-01,580.01,425.56,356.14,311.08,311.81,316.2,308.06,323.17,493.49,575.54,550.47,485.08,523.04,547.06,442.32,384.36,554.81,524.14,527.09,584.85,686.42,660.5,704.93,651.04
2018-06-02,552.55,412.06,358.3,340.11,351.31,282.71,294.42,317.99,389.98,539.08,517.38,492.44,548.63,550.76,457.64,491.33,507.64,509.07,535.76,624.23,638.86,646.61,640.59,649.9
2018-06-03,558.24,457.05,407.22,354.92,348.11,349.5,306.05,312.07,383.67,486.66,530.33,475.07,555.23,563.98,427.49,442.21,499.31,512.15,557.83,644.83,739.49,693.34,737.06,718.36
2018-06-04,581.41,461.4,383.16,371.5,326.7,315.73,353.74,322.02,475.06,549.28,552.22,487.26,519.9,523.45,411.36,455.28,527.54,532.74,638.1,738.2,737.36,759.83,765.52,826.32
2018-06-05,626.98,483.79,399.24,387.49,341.21,344.27,340.37,322.47,455.81,575.33,584.23,507.7,566.69,567.42,414.54,425.05,583.51,515.37,640.12,723.82,773.34,756.18,737.64,736.53
2018-06-06,619.79,479.48,388.74,367.99,347.16,324.53,341.52,338.54,504.97,573.6,536.73,558.77,655.92,631.59,547.68,537.16,656.12,626.61,649.97,736.32,629.36,832.49,834.03,831.49
2018-06-07,725.62,578.98,466.39,423.8,390.99,374.35,365.81,396.86,527.18,629.46,616.67,607.17,605.29,663.95,531.46,547.11,710.27,623.91,646.53,793.49,866.47,880.37,846.11,895.93
2018-06-08,731.57,600.04,504.69,445.57,428.49,401.34,400.0,399.39,526.25,644.05,619.13,599.46,683.86,645.28,556.86,554.04,707.35,604.85,643.42,706.51,790.16,844.06,822.64,840.25
2018-06-09,723.83,547.02,489.51,450.7,457.23,378.88,381.53,382.52,441.64,618.31,655.02,581.91,578.95,538.64,466.56,475.78,579.86,518.68,572.94,605.45,656.08,688.8,688.47,638.88
2018-06-10,590.14,485.08,424.49,379.97,362.84,322.76,373.72,376.36,424.98,566.89,591.9,530.49,610.75,527.34,534.97,517.41,578.45,544.17,565.27,665.27,759.01,783.02,753.56,733.46
2018-06-11,636.79,534.44,418.14,364.65,345.31,362.89,378.33,341.07,520.0,565.48,609.81,557.26,591.33,588.67,437.96,498.98,672.44,603.55,643.36,743.56,855.96,803.93,877.48,866.5
2018-06-12,708.01,597.79,457.52,409.01,381.22,381.8,376.47,384.16,518.45,642.6,641.24,645.75,661.48,683.79,543.71,610.23,741.24,704.41,821.16,862.91,866.98,968.78,968.45,998.05
2018-06-13,853.93,700.63,615.92,498.69,495.23,469.05,456.76,467.66,602.53,726.68,677.83,753.6,749.98,756.71,646.52,675.06,792.89,753.23,784.56,889.86,890.91,970.94,1010.84,1005.68
2018-06-14,892.07,779.86,645.08,589.69,542.56,493.97,503.26,480.7,644.01,723.33,708.22,735.2,724.99,738.2,600.92,605.56,817.23,788.31,821.67,820.18,896.29,986.83,1012.8,1039.93
2018-06-15,920.07,729.6,625.87,567.13,548.11,533.09,524.92,468.97,616.56,708.88,688.12,659.49,758.2,809.23,640.77,644.87,781.08,775.82,692.02,808.6,786.28,915.1,871.4,933.39
2018-06-16,861.93,658.26,629.33,568.09,551.43,488.19,458.66,479.34,546.69,637.54,624.97,568.72,657.56,708.93,624.79,620.58,697.24,652.92,651.31,647.9,669.14,679.53,684.53,677.48
2018-06-17,656.71,572.76,514.27,476.22,439.36,413.14,389.3,389.29,451.26,580.81,572.03,556.42,660.1,645.14,529.28,597.85,682.27,612.87,592.76,647.57,709.45,707.36,732.31,780.94
2018-06-18,743.47,657.35,550.18,506.53,460.0,452.12,425.29,419.42,536.79,636.39,615.63,591.16,678.29,667.64,583.65,591.51,732.55,734.43,701.45,833.02,841.01,966.73,993.56,1018.63
2018-06-19,887.82,765.26,670.9,628.46,616.18,561.11,560.3,503.05,690.27,788.26,825.06,791.11,807.44,859.0,773.73,713.21,885.83,801.29,796.69,881.52,954.58,966.33,995.98,985.03
2018-06-20,911.49,752.43,655.22,635.08,537.08,494.03,494.9,448.93,549.33,612.13,592.69,584.48,568.47,622.66,477.23,457.28,590.22,575.8,573.7,681.82,763.97,743.01,725.9,764.12
2018-06-21,619.17,559.88,461.05,428.45,383.0,386.82,352.09,364.23,483.22,648.74,671.32,664.22,694.97,716.39,589.42,671.67,717.68,655.49,701.05,714.24,818.43,816.84,852.02,841.24
2018-06-22,733.42,597.22,555.46,464.26,418.77,426.37,405.18,397.0,506.98,616.53,504.51,572.26,640.63,585.25,468.81,431.45,626.54,521.86,571.56,620.2,635.29,594.59,579.48,604.94
2018-06-23,487.54,452.45,362.81,311.72,309.85,308.04,326.25,347.82,421.36,501.09,484.69,453.31,555.11,517.3,454.13,480.24,503.67,474.79,474.94,544.89,582.29,606.85,589.68,630.21
2018-06-24,509.3,421.24,346.02,344.92,333.26,306.19,309.03,311.91,422.83,498.97,508.73,509.04,577.21,529.24,487.92,464.58,542.0,518.65,590.8,610.16,619.81,624.61,651.48,638.33
2018-06-25,584.2,446.14,402.08,366.03,343.06,349.17,336.38,362.82,502.0,605.53,652.79,546.46,676.14,736.22,607.96,721.85,809.71,666.2,714.09,900.61,935.47,958.15,939.56,1025.82
2018-06-26,936.51,766.65,670.5,583.67,545.2,476.55,466.9,486.3,596.46,773.75,825.09,762.83,804.04,822.97,769.1,778.19,868.28,832.95,898.41,1012.8,996.43,1097.63,1120.22,1264.62
2018-06-27,1133.23,981.37,878.53,727.84,690.95,656.34,665.95,638.01,752.4,847.3,855.11,817.64,927.85,917.08,785.63,855.52,808.27,783.94,850.22,988.97,1110.11,1165.25,1164.69,1245.73
2018-06-28,1143.16,1033.02,901.24,833.63,806.55,724.54,698.44,714.45,756.59,844.94,829.13,783.13,893.43,873.42,716.79,766.71,776.76,738.35,757.55,872.55,980.95,969.44,1072.37,1123.5
2018-06-29,979.71,910.42,790.62,701.83,635.87,577.89,586.61,585.0,687.32,778.89,790.91,747.23,815.41,824.28,740.94,705.21,870.95,815.65,799.35,945.54,974.58,1014.86,1067.63,1094.99
2018-06-30,1027.39,928.34,791.97,737.32,682.09,646.56,601.57,578.18,640.12,774.92,715.23,640.06,713.64,679.82,608.35,582.81,635.79,627.24,702.43,834.78,878.68,854.83,912.9,826.02
2018-07-01,799.01,707.62,650.39,576.86,432.16,,,,,,,,,,,,,,,,,,,
2018-07-02,,,,,,,,,,716.21,693.29,673.86,725.53,756.86,655.59,634.96,686.17,660.34,734.03,850.17,876.33,890.08,917.78,967.99
2018-07-03,845.02,734.63,644.79,586.99,568.17,523.29,518.71,500.14,562.46,706.36,616.75,645.01,713.05,706.42,684.69,670.89,714.8,652.86,628.78,788.24,853.86,806.97,826.96,911.97
2018-07-04,805.24,711.43,612.45,564.54,516.53,502.75,496.77,499.89,596.66,747.43,724.96,669.74,721.11,679.22,603.0,588.55,661.79,589.8,629.68,731.01,768.44,762.19,851.01,835.8
2018-07-05,843.69,695.78,585.82,538.88,507.06,479.07,479.75,505.18,542.94,711.73,634.4,594.52,684.96,561.48,467.87,478.21,548.52,513.06,521.17,746.48,727.88,797.81,843.52,827.42
2018-07-06,735.14,643.32,594.75,513.44,455.65,417.75,449.42,434.9,485.38,641.68,631.25,586.61,633.62,577.26,548.56,469.71,529.67,633.38,567.27,702.73,765.92,774.21,762.41,769.26
2018-07-07,745.07,566.84,536.36,496.59,445.77,429.34,439.04,426.05,513.93,655.26,554.89,504.84,573.02,586.04,472.94,468.81,591.88,473.04,513.47,576.46,659.02,656.42,685.78,652.24
2018-07-08,691.53,608.68,532.85,471.45,422.5,415.86,411.76,396.9,476.89,631.97,640.33,614.92,697.34,689.98,619.6,614.74,711.41,684.84,694.31,825.21,873.1,874.06,,955.83
2018-07-09,891.41,736.26,662.19,616.22,560.02,517.96,527.98,539.93,641.28,744.85,682.65,702.73,744.64,743.56,652.85,673.83,745.32,705.26,735.24,829.75,936.19,964.62,1022.56,1083.6
2018-07-10,932.31,818.26,717.57,649.44,620.51,574.94,583.19,529.95,704.14,775.79,696.66,725.38,749.57,783.1,633.59,698.92,809.03,690.15,704.49,827.18,847.4,907.47,1030.16,1068.98
2018-07-11,913.96,786.33,702.18,654.35,617.21,545.78,571.83,596.14,680.11,779.59,648.97,625.23,701.61,720.36,591.23,609.52,747.49,653.68,697.06,785.43,841.77,900.52,972.24,966.03
2018-07-12,908.71,760.02,713.87,607.19,574.38,529.28,557.95,563.92,684.34,742.53,682.08,666.25,729.14,737.4,728.69,721.94,812.22,668.17,695.9,839.21,839.08,907.31,976.73,995.26
2018-07-13,909.49,781.2,698.79,650.22,631.14,545.25,569.25,556.7,680.75,722.09,675.76,698.65,717.58,694.48,622.28,640.0,702.93,671.34,698.16,807.63,872.19,898.73,978.68,975.09
2018-07-14,916.44,808.23,715.0,663.29,629.47,590.26,554.77,571.41,685.4,751.36,749.36,693.38,733.04,787.49,639.56,663.99,777.19,725.5,702.73,802.64,842.32,848.84,927.86,953.63
2018-07-15,877.62,791.2,710.51,653.62,621.05,559.9,554.7,561.18,636.96,760.68,753.8,681.1,729.23,758.08,753.77,710.47,795.88,749.5,763.5,785.52,865.8,937.65,958.41,944.5
2018-07-16,895.1,,,,,,,,,,,,,,,,,,,,,,,
2018-07-17,936.55,804.19,721.62,660.62,633.55,576.84,628.21,595.0,718.71,759.57,795.6,676.7,758.77,741.83,643.16,709.99,696.27,711.41,747.82,825.83,880.65,936.61,1006.5,1001.7
2018-07-18,928.87,789.29,702.94,674.2,610.43,565.92,590.94,580.39,689.25,762.13,729.56,665.01,689.63,686.25,596.92,624.73,728.6,626.44,644.72,781.25,853.94,845.7,940.15,918.42
2018-07-19,870.05,768.59,698.85,626.84,604.32,563.53,580.9,567.17,701.21,814.22,663.8,665.14,664.98,749.47,620.24,651.7,769.54,694.35,756.1,810.39,889.96,887.42,949.1,962.89
2018-07-20,892.25,794.31,724.71,655.43,642.14,581.06,589.16,580.82,659.91,785.08,735.67,688.92,751.01,778.16,691.0,665.51,797.96,704.21,726.78,834.7,877.9,913.5,963.48,971.23
2018-07-21,890.51,780.93,718.17,657.73,625.55,598.53,603.58,578.88,680.55,786.87,764.11,688.07,701.23,735.48,692.56,708.36,746.26,705.24,661.84,788.74,841.58,926.63,955.18,964.19
2018-07-22,870.08,783.29,741.24,704.43,659.54,608.17,569.23,530.01,637.18,742.29,638.85,612.21,658.29,680.36,572.85,618.64,625.56,576.52,637.41,726.81,760.46,807.54,832.99,785.26
2018-07-23,713.03,646.4,593.68,556.22,534.2,456.55,509.5,513.09,607.11,700.75,641.93,606.82,682.85,803.94,721.94,663.31,713.44,634.34,675.77,818.22,947.27,991.04,941.13,960.83
2018-07-24,849.29,743.35,702.11,654.76,580.36,560.1,597.59,560.05,664.94,708.6,689.5,733.6,736.87,805.94,771.67,738.85,814.4,710.92,805.86,973.44,1045.86,1004.1,1100.12,1082.38
2018-07-25,990.73,856.61,794.37,776.25,703.21,631.22,679.0,673.14,737.49,815.72,833.95,763.38,707.58,877.61,806.65,811.1,807.31,737.39,760.8,956.01,1006.09,1106.7,1100.38,1116.34
2018-07-26,1007.39,924.0,825.25,792.07,761.58,689.58,719.15,723.99,778.66,906.19,849.18,863.91,812.12,779.99,766.71,714.38,761.7,647.33,708.88,821.56,897.51,971.67,1040.32,972.01
2018-07-27,864.49,769.43,703.73,679.2,620.87,568.58,591.39,564.53,661.93,804.25,820.48,749.62,783.28,728.49,771.42,693.93,763.52,689.13,733.88,931.84,962.93,963.03,1006.4,1038.97
2018-07-28,946.62,876.28,797.15,778.55,699.01,665.87,662.23,654.1,730.3,842.82,803.56,752.52,797.94,815.47,836.93,770.4,770.52,783.58,742.87,905.43,926.61,960.54,978.82,998.91
2018-07-29,945.37,856.5,824.07,766.36,747.11,656.95,701.15,669.92,711.97,876.68,808.8,735.58,797.3,886.2,791.71,795.65,695.79,657.44,716.63,847.44,933.22,942.31,1020.47,1002.22
2018-07-30,920.35,818.46,769.79,731.04,693.12,665.42,670.85,686.2,809.83,835.2,809.63,760.67,807.97,810.62,720.77,692.51,768.51,706.97,759.86,895.74,990.21,994.21,1089.8,1011.94
2018-07-31,924.03,840.98,762.65,724.4,670.89,598.61,643.78,627.28,741.63,816.71,766.65,761.31,751.53,759.0,800.58,688.09,770.34,718.5,728.85,911.83,971.38,964.54,970.81,966.06
2018-08-01,905.12,824.61,777.1,718.52,676.83,637.16,685.65,675.18,728.93,805.8,776.31,775.24,771.37,814.91,763.88,737.05,856.03,759.56,743.72,909.71,999.49,1070.48,1087.21,1096.79
2018-08-02,956.78,864.97,795.88,757.04,716.8,670.4,703.81,707.84,709.26,808.91,738.78,772.58,770.24,814.36,753.0,718.41,762.03,700.9,731.98,832.21,899.89,970.1,1062.25,1100.99
2018-08-03,953.04,817.98,779.68,760.45,693.02,668.52,643.77,616.81,593.36,721.85,660.36,558.91,643.5,675.22,604.38,606.38,596.49,563.21,641.87,764.65,820.03,846.87,890.12,863.54
2018-08-04,808.64,674.59,624.5,608.89,579.75,521.42,521.01,523.28,598.59,693.18,688.76,600.41,688.63,816.67,673.34,686.44,720.34,696.77,700.54,817.08,871.54,900.83,1009.24,1001.96
2018-08-05,917.22,796.7,746.88,694.22,668.11,631.02,594.68,617.25,666.66,707.91,732.58,694.32,779.31,878.38,747.43,739.64,764.8,712.6,769.89,878.11,872.52,967.26,1074.0,1125.51
2018-08-06,935.06,860.2,770.59,744.42,699.95,690.84,633.67,656.7,761.5,841.55,786.42,733.21,856.08,867.54,740.6,732.28,772.68,670.74,713.78,873.32,967.15,990.22,1085.97,1145.9
2018-08-07,988.54,877.7,796.96,750.15,701.67,672.1,653.22,645.77,673.58,852.31,842.04,755.69,840.4,876.31,764.0,746.16,769.89,662.49,790.69,951.03,996.58,1033.45,1119.02,1082.51
2018-08-08,948.05,867.34,769.93,727.82,691.88,655.92,662.82,683.5,752.17,752.15,740.91,681.03,741.07,757.06,687.96,666.38,688.01,680.58,700.51,892.81,969.97,1018.02,1104.94,1124.23
2018-08-09,1002.28,865.32,829.11,735.92,730.22,675.75,642.55,651.79,722.57,742.7,748.58,711.04,794.3,863.08,754.94,760.68,750.53,677.06,753.34,956.6,963.79,1040.97,1091.85,1124.48
2018-08-10,1023.11,871.18,831.75,757.93,733.48,699.46,710.75,737.56,785.32,817.61,785.34,728.02,842.24,851.44,799.51,710.36,780.65,685.93,745.23,871.08,1017.85,965.04,1090.48,1107.03
2018-08-11,1036.69,948.21,851.29,787.77,762.12,751.94,699.26,700.98,731.6,800.06,790.92,777.59,865.34,820.38,673.1,713.84,807.17,726.7,747.3,862.48,879.08,888.46,1008.39,1072.16
2018-08-12,939.76,852.1,812.62,741.0,734.36,700.36,656.29,648.91,667.01,722.16,669.65,646.11,656.86,667.58,515.63,555.91,640.47,605.83,666.55,790.03,813.37,842.26,939.84,927.8
2018-08-13,826.0,772.13,707.15,644.1,669.35,650.23,595.21,613.75,683.4,778.82,728.67,681.39,762.63,791.46,709.15,695.16,753.61,649.1,691.15,858.29,929.16,1014.22,1098.62,1070.28
2018-08-14,939.89,805.55,755.96,707.87,708.45,670.57,654.88,648.23,739.24,807.11,764.62,808.02,1021.76,825.42,729.23,723.04,823.85,692.04,763.09,933.51,962.84,968.87,1068.21,1158.36
2018-08-15,990.77,883.02,812.65,753.28,726.91,693.68,677.87,623.39,715.17,858.68,851.56,806.44,857.53,836.96,736.01,729.49,865.9,725.82,790.62,901.74,1020.07,1000.23,1103.23,1140.43
2018-08-16,1050.16,896.06,791.53,765.96,753.62,706.95,689.44,705.91,760.53,817.63,782.59,761.39,691.53,788.43,707.28,730.01,772.37,657.82,721.9,863.5,933.5,970.3,963.7,994.67
2018-08-17,894.19,774.1,717.52,668.97,645.63,618.26,627.83,565.11,597.72,704.82,655.94,623.39,561.83,642.08,571.67,547.14,657.38,578.87,628.93,692.35,758.39,759.55,794.65,877.03
2018-08-18,796.23,751.91,622.9,598.73,569.6,508.31,525.04,509.47,579.31,693.7,628.63,612.63,704.56,745.96,633.26,587.71,732.76,613.24,623.21,771.76,818.17,814.97,881.58,856.68
2018-08-19,802.35,710.03,654.57,570.42,557.07,514.01,539.32,509.04,542.86,692.07,682.36,681.24,741.93,767.78,693.37,631.74,758.43,674.74,674.25,785.48,808.84,869.58,910.74,940.87
2018-08-20,817.9,716.85,645.05,585.49,601.69,518.53,544.7,538.23,699.63,738.45,611.82,676.29,728.07,697.17,665.37,630.18,741.06,637.93,708.42,696.25,781.07,875.71,930.96,942.01
2018-08-21,883.32,749.62,664.36,594.77,595.03,554.37,542.6,513.51,617.51,712.32,698.66,629.3,671.22,726.16,620.84,691.79,669.71,608.48,675.38,869.26,855.33,921.64,1032.27,953.29
2018-08-22,818.8,,,,,,,,,,,,,,,,,,,,,,,
2018-08-23,849.4,735.59,653.53,591.39,542.17,512.26,567.04,525.95,612.39,664.58,663.83,556.81,624.94,638.15,563.89,634.69,641.72,549.12,634.92,775.76,823.32,783.29,905.3,895.73
2018-08-24,789.53,631.82,573.82,524.28,502.43,514.0,504.88,485.22,602.11,645.74,703.74,586.35,640.26,621.82,592.95,550.54,708.55,543.79,550.51,715.91,716.59,761.32,857.6,832.47
2018-08-25,746.52,665.24,594.13,542.51,537.53,486.57,504.92,463.34,552.16,571.33,581.25,473.05,544.52,524.16,485.55,503.43,571.33,534.88,565.85,733.79,700.56,719.17,796.5,752.83
2018-08-26,714.99,605.8,540.16,496.39,473.7,442.75,442.99,457.33,499.18,599.54,542.17,572.58,600.91,614.55,529.39,555.74,593.66,587.52,582.65,707.69,758.26,823.0,855.62,801.24
2018-08-27,731.79,641.26,570.34,509.36,513.29,482.16,505.51,471.9,561.61,673.23,674.52,591.02,731.14,761.49,619.83,641.11,742.63,663.44,627.81,754.26,850.73,878.13,907.72,975.45
2018-08-28,873.72,,,,,,,,,,,,,,,,,,,,,,,
2018-08-29,901.0,758.39,669.19,615.78,605.38,581.11,562.81,554.62,662.14,764.06,685.3,723.36,760.82,785.54,649.47,712.79,736.67,674.98,752.91,859.94,868.67,967.64,1041.23,1023.56
2018-08-30,988.34,811.42,716.55,663.65,633.96,605.88,585.79,585.45,669.5,750.43,736.6,664.88,775.62,795.15,635.05,665.97,748.0,686.6,713.1,883.56,941.22,965.63,1048.61,1049.45
2018-08-31,919.88,822.04,743.97,680.19,656.37,663.3,586.15,661.26,654.67,799.55,756.71,774.95,880.36,762.33,638.49,673.22,730.27,750.4,762.7,914.95,913.04,827.56,870.58,946.69
2018-09-01,887.04,785.05,697.54,652.63,631.76,607.72,582.45,557.97,603.19,715.42,695.38,701.16,733.26,732.09,659.02,639.56,720.63,668.02,687.97,819.92,828.69,822.3,895.77,844.2
2018-09-02,816.59,729.53,659.41,620.82,553.69,547.8,525.88,515.94,597.93,704.5,667.96,664.33,716.65,697.9,650.99,686.62,736.89,704.65,703.49,857.85,842.37,889.88,849.67,872.3
2018-09-03,803.51,661.73,619.42,576.24,565.83,532.52,511.99,549.56,674.02,752.66,688.42,692.2,843.2,764.31,757.94,756.21,847.66,753.32,822.77,880.72,924.59,956.61,968.56,974.84
2018-09-04,977.03,810.01,741.11,656.94,631.96,601.17,565.82,588.32,649.37,769.97,745.91,654.54,783.44,771.37,706.91,687.23,726.46,629.55,664.96,805.57,820.76,891.74,884.07,877.94
2018-09-05,813.9,701.75,627.24,559.44,553.14,536.11,501.99,510.85,603.28,767.06,761.18,664.24,782.95,738.46,659.15,719.16,761.72,670.19,764.66,921.48,888.41,919.35,969.35,956.24
2018-09-06,895.84,747.69,702.06,637.58,586.02,592.34,552.96,576.6,692.68,844.22,849.21,866.59,927.38,967.61,896.28,869.71,905.75,945.17,894.2,1011.26,1070.02,1183.6,1206.65,1101.59
2018-09-07,974.11,809.1,703.91,661.26,617.22,576.65,574.68,557.77,594.95,735.71,662.02,688.16,711.13,741.82,650.1,665.1,699.55,614.46,734.58,854.64,832.44,859.34,854.64,861.94
2018-09-08,757.82,633.85,549.19,503.89,455.56,470.21,433.22,406.39,476.8,672.41,623.04,653.79,592.11,699.88,700.65,712.31,807.08,735.44,769.28,881.91,842.76,960.29,971.79,945.4
2018-09-09,778.74,664.23,548.83,512.17,465.08,466.1,435.79,445.77,499.15,600.65,601.44,572.07,,,,,,,,,,,,954.48
2018-09-10,769.07,654.45,530.81,486.36,459.13,462.82,397.77,418.5,581.26,717.98,624.1,639.22,649.95,672.14,607.18,583.15,694.06,626.77,707.12,793.1,883.83,966.42,964.46,922.16
2018-09-11,758.52,616.71,516.29,458.96,445.36,418.88,418.15,464.44,560.9,704.42,684.81,678.27,723.67,678.6,536.33,534.13,677.29,629.39,756.53,935.37,954.03,1009.13,1051.13,949.41
2018-09-12,768.39,619.55,527.12,470.53,490.64,460.15,416.92,479.19,611.14,700.52,674.48,574.66,752.57,802.69,666.59,597.95,667.46,612.26,703.48,935.56,961.29,1025.4,1080.06,935.59
2018-09-13,811.83,657.27,568.96,486.8,451.31,464.82,431.12,453.33,635.59,726.93,688.61,591.58,760.19,804.05,603.62,636.87,705.17,705.19,799.71,1056.23,1085.23,1144.78,1157.29,1067.27
2018-09-14,849.85,727.26,586.57,527.6,501.33,495.04,444.69,520.03,639.93,751.46,708.91,644.33,829.15,844.37,642.14,608.87,800.84,691.73,896.98,1145.37,1153.84,1138.24,1200.68,1110.53
2018-09-15,954.05,734.08,659.01,592.53,527.22,560.96,498.74,520.89,613.09,726.7,780.1,779.83,991.72,1030.66,892.51,885.21,978.13,865.29,888.56,1193.07,1219.81,1284.01,1314.28,1219.03
2018-09-16,1047.64,882.02,801.64,729.8,659.92,664.16,606.24,645.06,728.76,797.82,783.96,878.47,1168.1,1262.35,1100.71,1057.2,1197.97,1035.67,1249.04,1434.59,1487.51,1610.46,1559.02,1418.95
2018-09-17,1239.96,1046.4,869.57,783.96,777.34,724.53,649.96,689.08,718.56,770.15,674.13,686.21,875.82,854.85,751.63,699.59,883.62,868.36,1074.81,1187.84,1280.51,1281.23,1324.96,1293.23
2018-09-18,1072.28,851.84,715.85,650.33,614.51,609.03,589.93,623.16,754.01,774.33,763.55,799.5,1025.0,1089.62,914.81,848.83,984.92,963.04,1199.17,1401.51,1483.67,1463.45,1505.23,1510.96
2018-09-19,1177.12,989.76,836.33,769.05,742.76,703.04,620.73,709.02,837.48,864.4,909.19,841.9,1084.88,1291.8,1033.65,953.45,1044.41,1068.92,1312.94,1506.11,1529.09,1528.76,1666.24,1508.56
2018-09-20,1340.19,1089.96,938.78,803.77,828.9,781.44,702.43,746.72,874.79,894.34,882.78,907.83,1081.03,1135.64,831.54,763.2,876.07,1210.11,1237.64,1318.13,1405.96,1426.42,1394.81,1338.72
2018-09-21,1162.09,967.17,811.01,740.79,724.44,670.95,618.99,622.43,684.17,761.37,708.19,617.34,890.38,772.35,625.71,637.33,699.45,651.7,788.17,894.79,869.92,931.25,1038.25,980.92
2018-09-22,871.54,721.93,582.5,572.74,534.35,523.99,458.24,450.76,546.67,703.02,654.29,716.35,741.18,788.83,684.16,698.03,654.32,675.56,703.67,865.32,835.47,841.78,926.18,925.73
2018-09-23,848.13,657.84,589.23,537.3,474.11,456.01,477.12,461.95,563.23,727.57,616.63,615.01,725.02,713.01,604.72,609.89,639.67,589.02,649.18,768.52,757.0,747.24,848.99,840.15
2018-09-24,732.99,647.24,509.63,468.13,422.92,443.31,417.52,391.79,551.29,604.69,608.97,676.02,674.47,716.75,592.78,604.75,728.35,651.19,758.06,850.3,866.1,974.74,969.0,1006.88
2018-09-25,880.96,655.48,562.13,489.57,476.09,441.03,402.61,448.18,616.62,663.68,618.23,626.77,659.33,614.84,535.67,526.64,685.09,619.5,802.97,923.48,954.71,1011.14,944.1,919.88
2018-09-26,724.29,538.19,462.21,371.43,414.84,390.37,382.66,383.35,597.29,668.46,577.82,539.68,662.24,727.36,616.92,615.32,636.66,624.55,760.06,936.04,1007.8,945.32,1030.45,919.57
2018-09-27,771.33,547.33,438.56,356.5,382.14,373.64,355.82,419.05,546.26,743.07,680.19,579.87,,661.3,216.9,,598.84,656.02,793.77,895.92,989.14,1040.36,980.32,968.57
2018-09-28,741.78,618.82,493.2,397.67,393.09,362.79,361.65,412.07,599.14,691.12,696.83,579.36,682.57,714.0,606.38,595.54,681.4,681.11,770.31,869.07,893.73,945.1,1064.17,1028.58
2018-09-29,823.87,650.67,492.29,447.22,425.99,405.79,353.64,430.27,575.06,709.89,695.84,623.07,,,,,,,,,,,,
2018-09-30,,,,,,,,,557.06,613.36,598.46,516.6,617.05,758.96,604.64,561.71,571.55,531.17,586.32,706.81,705.99,669.33,673.08,712.7
2018-10-01,569.89,474.7,377.59,357.78,327.09,348.86,306.33,338.69,,,,,,,,,,430.25,492.43,522.6,554.61,532.59,545.82,530.55
2018-10-02,435.68,373.7,320.65,265.13,261.25,304.47,293.96,290.7,357.31,472.93,456.24,403.19,478.28,477.21,410.97,385.28,422.71,461.25,473.99,563.46,532.74,521.87,498.52,458.38
2018-10-03,436.45,387.74,343.49,279.12,280.19,300.48,236.04,269.1,379.85,512.49,446.27,393.22,467.35,448.37,367.18,424.17,423.04,436.17,453.35,588.43,492.33,540.39,472.29,498.12
2018-10-04,400.44,370.78,327.74,280.47,261.74,294.19,273.34,288.37,367.13,431.91,456.2,436.89,467.3,437.8,392.93,392.87,445.81,390.45,493.2,530.09,479.11,531.44,480.07,504.95
2018-10-05,434.84,366.67,293.81,298.82,275.01,288.57,267.16,294.46,334.99,398.4,395.05,363.44,425.04,422.73,355.61,407.56,404.39,416.38,465.79,542.61,539.62,529.59,568.22,506.68
2018-10-06,452.17,408.65,309.52,285.86,273.03,284.74,288.6,283.57,323.13,450.15,455.31,439.88,534.87,476.31,441.28,442.22,484.3,448.13,529.18,631.79,600.37,585.76,656.83,595.28
2018-10-07,528.31,456.12,376.77,316.49,292.54,327.15,297.2,318.02,404.1,502.91,508.71,495.29,623.27,599.3,497.66,537.87,609.07,574.59,758.38,822.99,874.26,893.96,901.71,846.27
2018-10-08,692.62,530.34,405.53,336.0,332.81,320.38,319.08,383.08,577.78,653.03,571.99,599.98,661.23,588.48,491.69,575.22,652.11,636.57,745.63,826.53,919.17,1005.78,1034.43,977.29
2018-10-09,731.83,547.3,415.98,346.95,342.17,332.27,361.75,376.16,572.05,650.5,608.62,530.47,580.27,520.12,403.46,470.97,610.8,578.9,742.1,860.17,1010.67,964.23,983.82,956.16
2018-10-10,720.96,537.38,390.02,331.76,327.18,321.73,302.35,372.68,568.7,613.23,558.81,560.48,630.34,570.38,494.78,484.82,544.48,528.28,788.28,846.06,897.22,978.29,972.99,896.31
2018-10-11,708.28,550.98,390.86,318.5,299.84,311.7,294.6,375.25,574.85,619.87,668.76,538.71,615.31,558.4,436.61,443.77,558.32,529.89,777.14,819.74,905.16,1001.44,969.4,942.6
2018-10-12,739.51,476.64,362.75,315.71,301.32,295.9,306.64,343.76,602.91,663.56,644.66,539.02,638.86,554.95,487.5,484.94,529.22,566.86,691.3,773.1,805.32,817.92,838.89,866.36
2018-10-13,703.26,541.15,381.88,354.41,315.95,312.26,295.3,343.56,458.75,576.17,557.46,612.28,624.6,652.3,528.81,601.73,591.69,574.46,722.3,737.37,783.98,804.56,902.22,866.41
2018-10-14,685.76,545.27,381.81,253.59,299.81,332.21,301.97,359.96,432.43,524.33,541.41,536.68,625.4,662.49,525.0,586.21,593.2,619.22,810.75,852.99,867.07,904.11,959.2,894.58
2018-10-15,738.17,531.13,390.59,311.6,319.91,298.9,298.84,365.54,594.8,687.61,621.93,616.05,705.67,578.54,429.14,447.71,574.59,581.24,735.93,943.63,973.29,999.63,1032.52,935.82
2018-10-16,736.31,533.45,369.75,296.36,318.78,298.56,320.2,329.36,576.42,672.17,598.52,642.65,688.35,574.37,498.02,443.16,588.4,617.08,852.69,868.73,964.56,942.82,1092.34,1084.77
2018-10-17,747.3,595.85,392.62,295.19,316.24,312.37,312.02,360.37,599.36,723.25,592.21,563.92,634.96,588.84,515.5,517.27,590.24,602.73,802.33,863.76,907.65,1047.69,1016.92,1102.36
2018-10-18,786.04,551.36,427.9,308.98,303.29,308.18,328.5,387.38,569.88,711.88,682.25,567.02,624.28,530.63,471.34,420.67,597.66,597.11,768.59,904.47,980.8,1019.7,1011.62,1017.66
2018-10-19,776.98,548.97,372.67,345.09,311.37,315.73,320.98,396.94,689.93,705.22,543.48,506.5,608.56,555.32,512.45,469.07,558.13,589.1,659.54,708.64,757.32,914.57,912.69,924.1
2018-10-20,741.98,562.99,381.31,333.32,319.27,363.39,315.74,348.77,468.28,638.8,567.87,641.59,644.32,621.84,561.57,542.91,715.7,554.14,750.67,801.87,766.13,798.75,857.48,815.08
2018-10-21,677.19,587.74,437.39,324.83,332.56,343.8,319.3,365.77,417.51,535.36,541.79,529.45,644.35,600.32,592.58,639.2,663.18,663.48,788.47,902.66,912.74,915.12,944.54,978.53
2018-10-22,782.25,588.56,409.47,303.46,311.43,318.47,314.38,348.6,605.69,694.26,619.05,593.07,667.47,586.33,478.17,484.83,583.27,644.13,772.66,902.84,954.05,1017.68,1050.81,1026.52
2018-10-23,737.83,511.1,402.02,332.52,337.41,305.19,295.9,361.7,611.4,707.51,649.88,594.99,664.89,603.71,408.7,473.34,591.54,585.36,810.06,890.86,940.7,1028.85,1013.07,1023.53
2018-10-24,792.33,566.63,387.61,306.82,326.55,339.76,282.53,364.84,585.34,708.4,665.48,631.67,672.03,632.37,601.03,504.39,575.57,607.5,851.27,874.71,927.56,1007.52,978.29,975.5
2018-10-25,816.34,560.28,376.45,338.44,349.05,347.79,308.78,373.29,606.96,680.12,763.46,588.07,686.81,614.39,479.31,475.75,587.03,638.05,795.9,907.1,947.38,1017.09,965.27,989.31
2018-10-26,760.09,517.24,403.06,322.39,303.79,318.94,318.49,357.69,627.77,671.13,641.39,605.61,643.03,605.78,434.54,455.09,619.12,511.41,693.13,761.33,773.06,824.06,854.57,864.8
2018-10-27,733.91,591.0,408.38,338.57,351.94,331.15,347.26,342.27,473.01,593.96,619.12,535.72,650.42,630.87,569.18,514.38,642.77,575.18,735.25,764.22,761.98,833.96,830.86,884.96
2018-10-28,648.12,541.0,399.8,307.36,303.75,317.39,312.09,348.72,431.33,563.94,528.57,564.03,741.05,636.3,564.14,574.8,667.1,707.14,817.12,838.14,895.11,966.82,1020.74,938.06
2018-10-29,790.65,524.75,403.79,318.93,307.48,326.9,293.85,356.37,590.53,754.44,690.74,561.82,701.22,614.36,491.92,488.57,598.28,618.38,802.29,863.13,985.18,993.79,1020.64,965.53
2018-10-30,754.14,575.92,395.77,327.7,343.9,348.11,312.23,347.18,591.23,669.61,636.15,572.54,682.43,609.43,456.09,483.96,664.05,622.42,829.78,894.68,967.81,943.63,1056.54,1019.88
2018-10-31,804.39,556.13,396.5,315.74,341.68,340.9,290.04,367.33,631.64,733.14,618.79,597.83,696.32,576.76,583.67,542.76,610.81,628.77,772.21,855.3,1011.88,1004.62,1011.53,1001.54
2018-11-01,807.27,585.94,410.0,331.1,356.73,311.93,359.9,423.9,696.35,674.4,702.56,611.29,721.24,615.72,519.67,501.66,610.37,619.9,841.18,881.73,959.45,1011.63,1046.14,1006.06
2018-11-02,829.22,585.74,390.72,324.66,332.39,350.54,313.44,413.79,602.82,823.51,606.71,570.39,558.63,535.95,546.9,572.27,622.46,578.72,778.85,758.04,791.39,879.44,920.79,893.3
2018-11-03,737.35,560.73,422.07,386.27,320.75,344.95,356.21,375.68,391.11,621.42,522.81,586.01,702.59,696.79,559.68,596.23,668.07,615.08,658.12,729.62,794.5,823.07,799.44,916.71
2018-11-04,741.27,567.76,431.89,357.08,300.1,334.72,339.89,344.29,408.71,644.03,583.44,593.41,738.15,665.21,583.14,623.92,677.93,691.06,852.95,917.31,911.51,1005.2,940.13,948.52
2018-11-05,790.19,589.32,417.28,351.27,332.86,323.51,377.51,360.01,626.67,708.91,658.87,629.93,678.79,594.01,462.08,492.28,661.42,738.44,790.01,871.47,1005.3,1042.66,1083.68,1057.87
2018-11-06,762.11,590.12,414.32,351.74,315.56,333.19,363.86,387.9,650.73,714.62,726.51,565.66,737.72,618.33,521.37,529.17,633.55,711.38,864.83,959.27,1016.43,1002.1,1060.26,1118.33
2018-11-07,791.14,592.36,440.9,341.3,334.5,322.86,327.46,372.28,643.13,766.49,696.23,650.44,704.13,690.5,624.93,566.8,666.38,691.22,786.31,929.18,999.92,1070.72,1038.62,1011.05
2018-11-08,826.24,633.57,437.68,334.13,359.41,363.34,352.35,388.4,650.11,784.16,811.48,649.69,730.91,736.25,580.08,523.67,670.97,690.59,885.76,1010.22,1072.15,1118.98,1164.62,1106.74
2018-11-09,816.62,611.52,464.05,390.42,374.32,374.09,387.51,413.76,662.39,771.17,655.75,570.34,718.16,712.34,620.21,537.3,570.31,713.18,762.97,850.2,918.11,962.78,961.57,956.44
2018-11-10,842.42,627.52,479.09,412.61,342.93,404.45,369.95,404.73,487.58,630.41,637.81,667.33,757.96,724.62,631.37,676.88,656.73,706.91,807.29,861.94,854.26,886.78,943.22,879.46
2018-11-11,758.64,589.58,522.38,415.02,394.25,374.5,348.58,377.98,429.51,607.02,610.44,636.27,775.73,688.41,586.07,606.27,704.49,804.42,930.28,913.92,967.14,1034.51,1045.48,1049.27
2018-11-12,897.41,645.13,482.16,364.28,381.5,363.94,360.23,410.7,688.64,691.91,710.15,658.62,713.48,645.45,535.47,535.51,644.34,723.49,911.39,961.24,1052.92,1090.3,1155.12,1126.51
2018-11-13,882.57,650.64,461.39,386.99,376.96,379.24,379.67,461.6,621.48,745.8,777.34,707.88,746.56,682.6,587.44,570.9,656.15,741.36,963.81,1019.69,1067.72,1108.7,1166.66,1177.87
2018-11-14,892.05,643.35,473.94,384.76,361.31,374.78,377.27,436.06,724.3,845.41,726.12,578.23,719.37,730.42,706.19,597.85,716.3,728.28,930.33,1019.76,1003.82,1111.82,1151.92,1163.6
2018-11-15,946.06,661.6,480.55,352.14,361.36,354.33,380.31,409.49,689.16,798.07,745.68,659.33,760.49,714.58,619.77,573.13,630.84,772.42,922.59,1033.06,1017.76,1077.53,1091.13,1107.23
2018-11-16,867.05,662.48,468.49,383.19,379.7,401.27,392.26,413.13,703.57,797.1,772.51,650.53,804.78,737.85,704.25,563.88,752.61,671.54,829.64,857.39,921.68,933.66,1000.24,1009.51
2018-11-17,896.05,659.12,508.14,389.32,348.7,387.72,359.43,414.12,522.43,694.5,700.15,663.12,724.74,726.17,647.83,623.05,739.61,730.67,817.24,896.96,875.29,970.5,943.43,995.43
2018-11-18,835.46,702.4,541.91,386.8,355.36,413.14,435.26,389.5,499.33,662.72,602.3,685.81,843.14,831.47,732.97,754.58,905.62,895.16,1014.92,1082.32,1074.99,1140.5,1189.19,1189.11
2018-11-19,927.79,699.39,532.45,418.41,395.33,380.45,432.39,413.58,756.79,821.84,796.5,682.28,796.3,786.26,557.82,548.03,770.23,828.2,979.33,1132.44,1161.39,1298.0,1377.8,1369.22
2018-11-20,1118.9,754.04,536.78,419.93,358.98,413.36,424.92,480.99,746.05,830.8,835.5,705.37,763.43,745.75,604.65,603.99,636.16,775.83,985.97,1117.86,1205.06,1225.92,1392.63,1390.01
2018-11-21,1044.78,728.55,522.48,393.28,384.25,390.76,401.58,421.68,768.76,836.08,721.93,611.45,799.39,793.06,703.87,661.04,747.04,840.38,943.89,1209.14,1309.15,1230.51,1339.16,1337.3
2018-11-22,1047.49,750.67,546.47,439.0,371.8,452.15,434.96,451.71,672.53,838.08,829.46,742.53,820.78,785.08,673.17,610.73,744.94,770.73,1060.62,1200.73,1248.08,1286.77,1354.22,1300.01
2018-11-23,1055.01,805.71,553.16,429.99,416.1,396.61,433.22,503.06,790.48,845.33,801.29,709.09,803.85,757.58,619.25,656.37,721.96,725.66,867.54,1003.36,989.16,1071.65,1136.93,1131.02
2018-11-24,950.03,728.93,541.77,468.2,423.44,429.55,420.97,468.15,502.36,736.72,678.86,667.9,816.39,766.92,614.27,637.61,748.27,776.85,966.84,992.99,981.49,1073.24,1044.56,1032.89
2018-11-25,899.4,726.07,533.23,443.34,419.66,421.0,421.59,438.79,492.15,648.04,691.41,668.91,807.61,820.98,648.69,694.74,713.98,807.27,921.27,1002.36,1088.99,1148.02,1209.77,1145.82
2018-11-26,970.75,711.04,501.85,454.39,381.43,378.78,379.33,419.57,724.13,799.85,743.96,649.7,762.83,680.23,508.78,567.09,666.8,729.2,940.15,1091.48,1148.72,1192.93,1243.26,1262.41
2018-11-27,930.16,710.86,472.42,394.46,325.62,395.02,388.42,390.77,705.01,798.95,750.55,707.26,768.57,808.22,656.25,631.76,678.05,830.7,965.73,1182.01,1169.63,1229.64,1289.25,1303.64
2018-11-28,1029.0,751.54,527.86,447.41,395.69,398.15,434.14,448.09,829.26,879.3,761.55,654.23,819.98,745.64,675.9,664.52,682.55,771.62,1044.86,1081.6,1184.82,1235.12,1313.77,1236.4
2018-11-29,973.63,727.7,501.05,398.05,354.51,417.22,415.82,428.42,688.18,846.1,785.46,741.39,778.51,792.19,676.66,629.59,646.39,757.99,933.16,1069.32,1174.04,1255.49,1191.23,1205.45
2018-11-30,1043.01,742.36,470.32,400.1,380.93,380.47,428.4,438.45,691.11,823.22,748.93,615.11,731.32,749.89,541.53,606.73,633.79,714.78,833.14,1014.03,944.14,955.11,1042.71,1030.59
2018-12-01,852.2,696.72,487.51,403.62,372.81,392.58,385.54,381.09,517.0,648.73,660.89,680.11,735.17,766.04,654.67,700.9,730.45,683.38,858.43,915.0,857.07,872.35,922.64,973.41
2018-12-02,788.79,595.14,464.1,373.42,352.62,352.18,377.83,381.47,433.55,611.53,577.75,655.58,817.81,754.55,691.51,675.19,735.17,823.49,909.0,1014.61,1003.76,1071.07,1062.34,1069.01
2018-12-03,861.16,644.16,447.92,391.85,396.0,377.38,359.57,364.13,654.42,742.38,692.28,704.48,775.48,690.24,612.54,642.03,662.57,729.62,865.42,954.75,1106.19,1102.9,1080.1,1113.23
2018-12-04,874.78,624.26,479.03,371.64,320.4,344.78,389.59,415.21,698.47,683.57,713.31,695.99,799.68,781.76,658.18,633.06,707.32,872.28,1071.44,1139.5,1176.43,1186.37,1243.26,1234.88
2018-12-05,929.58,686.26,522.88,424.22,383.99,418.22,442.03,432.74,696.21,822.16,763.26,632.27,850.59,794.01,701.16,730.6,809.37,940.07,1026.39,1126.16,1171.36,1209.94,1241.54,1303.27
2018-12-06,1083.37,730.94,547.77,436.53,414.05,407.65,446.99,461.26,772.57,793.15,880.16,790.39,893.64,849.83,759.83,745.9,917.37,886.92,1082.8,1239.96,1274.89,1324.68,1313.72,1346.23
2018-12-07,1068.35,819.86,568.84,455.58,433.98,455.53,453.26,515.3,861.1,951.39,913.7,825.78,956.67,983.18,909.57,915.6,1059.56,1113.66,1213.16,1330.98,1349.22,1382.6,1411.52,1465.12
2018-12-08,1288.52,963.24,764.38,613.18,565.3,538.71,560.42,559.48,683.88,885.7,941.2,987.88,1144.56,1248.37,1150.06,1120.36,1242.52,1218.32,1295.21,1378.17,1438.36,1479.81,1522.71,1520.37
2018-12-09,1402.6,,,,,,,,,,,,,,,,,,,,,,,
2018-12-10,1470.57,1086.31,811.5,631.82,588.4,608.38,609.3,606.78,919.03,1027.53,946.17,965.69,1082.57,1064.09,911.2,975.99,1173.31,1235.23,1452.37,1501.35,1690.29,1724.81,1737.66,1744.91
2018-12-11,1500.8,1110.87,788.26,609.96,538.9,634.76,616.88,569.08,931.28,1030.88,995.18,954.49,1049.01,1079.73,948.87,830.78,983.03,1190.99,1421.79,1552.48,1615.33,1718.93,1868.24,1804.28
2018-12-12,1589.88,1152.82,863.01,716.9,642.47,652.8,687.73,666.1,1080.64,1168.9,1094.82,959.32,1147.9,1117.93,1019.17,995.14,1118.62,1184.69,1416.64,1613.75,1736.72,1814.9,1846.27,1861.55
2018-12-13,1540.19,1133.9,822.8,711.71,699.03,634.88,616.19,650.27,937.22,1207.47,1172.63,1051.42,1201.12,1188.89,957.46,926.01,1041.41,1189.27,1477.41,1687.26,1727.41,1784.67,1880.93,1835.86
2018-12-14,1599.7,1204.4,905.5,709.05,667.41,705.98,704.71,728.26,1041.25,1189.28,1108.8,995.39,1076.94,1068.44,933.82,912.57,1045.9,1086.4,1292.92,1488.72,1457.25,1498.99,1574.49,1639.13
2018-12-15,1443.2,1169.88,828.82,681.34,571.92,607.0,575.27,602.0,707.85,960.03,963.38,988.79,1132.73,1128.52,992.18,1084.14,1193.4,1146.6,1260.42,1338.97,1280.0,1374.38,1400.96,1412.26
2018-12-16,1326.11,1094.8,812.92,610.58,543.61,579.78,594.94,554.15,675.28,863.2,897.94,929.72,1064.27,1082.45,994.01,1080.9,1133.69,1181.23,1261.21,1399.01,1492.35,1550.38,1650.81,1601.82
2018-12-17,1442.62,1132.52,735.2,617.26,512.02,527.23,569.51,604.4,896.11,1016.1,1011.34,853.61,1011.29,917.15,821.33,813.9,903.17,1009.02,1263.52,1409.53,1577.77,1656.57,1669.02,1650.79
2018-12-18,1434.85,1021.88,812.98,636.86,542.84,552.08,566.22,625.92,966.6,986.76,1004.83,978.51,1056.82,978.65,861.76,815.62,877.92,987.13,1168.02,1328.24,1427.15,1524.46,1589.49,1609.07
2018-12-19,1487.7,1005.83,711.83,535.14,486.91,548.93,529.87,601.58,884.79,1030.85,930.57,893.44,951.03,964.16,914.87,877.88,900.83,970.49,1213.23,1405.0,1407.62,1406.52,1430.95,1482.63
2018-12-20,1307.44,,,,,,,,,,,,,,,,,,,,,,,
2018-12-22,1089.09,935.5,643.13,510.53,431.05,490.86,445.33,433.05,579.5,792.3,802.53,825.5,893.69,913.16,817.88,789.43,935.76,927.69,993.17,1051.07,994.63,1124.05,1189.94,1205.36
2018-12-23,1041.62,854.67,662.72,543.43,475.89,529.56,457.76,444.08,546.53,712.31,773.7,777.39,956.06,960.78,821.57,869.54,922.78,979.17,1113.19,1225.85,1137.98,1258.75,1319.29,1342.55
2018-12-24,1150.07,887.2,688.55,534.04,472.47,523.35,505.82,531.06,770.84,955.23,931.27,838.29,912.3,816.81,670.47,715.12,833.21,888.35,1041.56,1169.83,1116.33,1223.63,1316.08,1366.86
2018-12-25,1263.14,915.69,681.44,547.37,470.41,524.0,547.31,524.66,745.62,891.38,879.84,819.84,951.46,928.45,868.26,832.79,886.56,982.04,1047.54,1107.23,1191.38,1189.63,1327.72,1337.22
2018-12-26,1215.67,886.59,666.88,543.55,484.69,532.38,521.03,510.55,771.07,952.94,924.27,843.43,942.07,1005.68,878.8,875.55,948.25,974.81,1130.34,1151.95,1284.09,1339.1,1439.5,1450.04
2018-12-27,1242.67,1000.83,653.34,550.71,524.7,528.31,559.06,561.34,823.41,991.74,1000.66,866.17,938.11,1036.22,947.95,984.24,1066.17,1140.9,1247.52,1437.48,1489.99,1510.73,1504.37,1587.44
2018-12-28,1379.01,1088.59,816.9,649.53,553.55,605.74,578.47,584.78,924.31,1096.01,1124.95,1016.82,1162.37,1058.88,1011.28,970.45,1124.45,1209.03,1314.19,1445.83,1490.82,1576.95,1682.67,1760.0
2018-12-29,1640.36,1226.05,915.68,771.25,640.38,699.46,706.14,749.11,938.7,1183.35,1198.89,1123.47,1299.76,1185.61,1101.37,1064.51,1087.04,1131.67,1284.82,1428.6,1406.74,1453.1,1488.04,1631.31
2018-12-30,1477.69,1211.63,918.96,753.98,634.91,675.87,652.91,674.45,836.01,1018.98,1021.32,1131.0,1276.52,1244.82,1154.93,1234.93,1248.65,1235.48,1376.45,1455.25,1457.58,1473.85,1532.55,1625.78
2018-12-31,1507.74,1174.4,951.44,790.0,694.2,722.49,734.34,691.25,785.47,983.3,982.52,1056.87,1229.8,1167.07,1063.97,1051.12,1159.19,1115.36,1193.46,1244.57,1208.69,1244.72,1309.06,1282.9
2019-01-01,1181.15,,,,,,,,,,,,,,,,,,,,,,,
