date,00:00:00,01:00:00,02:00:00,03:00:00,04:00:00,05:00:00,06:00:00,07:00:00,08:00:00,09:00:00,10:00:00,11:00:00,12:00:00,13:00:00,14:00:00,15:00:00,16:00:00,17:00:00,18:00:00,19:00:00,20:00:00,21:00:00,22:00:00,23:00:00,cluster
2019-01-01,108.36,108.96,115.8,99.6,95.64,97.02,109.32,114.44,121.2,171.96,368.16,334.44,325.32,338.04,330.42,310.12,259.92,356.76,280.56,249.84,250.66,247.92,142.8,103.98,2
2019-01-02,114.0,97.8,96.24,105.96,109.8,104.52,96.0,125.88,164.48,214.44,269.52,395.01,399.42,365.16,368.28,415.44,358.1,392.04,173.52,295.02,274.06,259.14,209.64,164.52,2
2019-01-03,158.16,93.0,91.62,50.28,81.12,48.36,88.44,87.72,154.2,224.16,298.08,304.44,377.52,382.44,340.8,364.92,350.88,413.16,320.52,334.56,295.68,294.12,213.24,179.04,2
2019-01-04,166.44,144.36,87.65,92.28,90.0,87.24,81.0,79.2,122.4,190.68,388.44,416.04,407.16,421.8,397.8,421.2,403.2,236.84,489.21,421.32,437.76,339.72,215.88,139.08,2
2019-01-05,109.92,121.62,112.12,109.79,123.36,110.64,114.4,112.44,129.24,192.72,350.88,320.1,333.9,290.16,302.64,334.57,317.96,386.95,186.33,317.88,303.12,145.0,158.04,95.88,2
2019-01-06,84.42,87.66,79.32,78.84,72.0,69.72,75.6,74.64,99.4,207.12,331.68,406.92,466.68,505.2,483.06,490.68,394.32,379.2,327.24,336.48,302.16,273.0,170.4,116.76,0
2019-01-07,95.44,93.3,93.6,84.12,76.44,73.02,70.68,77.46,97.68,208.2,256.56,277.08,340.44,324.6,168.0,303.24,304.44,342.12,308.16,283.2,237.12,225.84,176.4,149.88,0
2019-01-08,113.88,127.84,115.92,100.38,116.04,97.68,98.04,85.16,102.96,187.2,242.94,257.16,250.62,245.64,257.76,298.36,339.24,335.52,300.54,304.8,281.4,257.4,179.4,183.6,2
2019-01-09,123.6,92.04,39.96,103.92,93.96,75.24,91.44,85.68,230.88,491.52,571.8,564.3,628.44,655.56,579.72,592.2,587.88,607.08,388.68,336.72,300.36,249.36,188.48,126.48,2
2019-01-10,104.16,103.8,97.92,86.92,73.68,70.64,72.36,96.0,101.4,165.6,297.2,331.2,333.6,370.8,396.0,402.0,396.84,414.0,347.28,315.72,276.96,270.3,215.76,136.72,2
2019-01-11,121.56,113.04,114.6,108.6,90.3,109.68,119.82,149.34,174.36,279.06,321.84,358.44,411.0,387.72,357.36,340.74,355.8,411.24,381.72,351.36,338.2,284.28,169.2,136.14,2
2019-01-12,102.0,93.6,87.6,87.6,82.2,85.2,89.1,96.6,103.8,132.6,278.7,373.2,389.1,308.4,314.4,318.0,312.6,382.2,344.4,326.7,321.0,289.8,175.2,126.96,0
2019-01-13,119.64,111.12,114.24,54.72,94.68,73.92,72.84,76.32,101.4,150.24,284.52,302.04,298.2,282.96,294.84,281.88,247.02,303.12,347.28,363.24,171.84,201.84,138.0,49.6,0
2019-01-14,46.56,87.6,86.4,82.2,90.9,90.3,94.8,91.2,144.0,200.7,233.6,241.2,271.5,426.0,435.6,438.48,436.08,362.28,266.88,248.76,232.28,216.48,161.58,103.8,0
2019-01-15,93.72,71.4,74.4,61.2,65.0,55.8,68.4,188.4,84.0,161.98,224.4,259.8,275.88,257.16,224.22,275.88,298.62,354.54,282.24,297.36,278.8,224.64,187.2,119.52,0
2019-01-16,108.06,105.84,109.92,98.88,98.04,96.12,95.16,123.0,110.16,73.08,120.84,168.6,230.4,203.4,239.7,265.2,324.3,319.2,285.9,287.7,292.2,269.1,168.6,120.4,0
2019-01-17,102.01,100.44,97.6,85.2,85.44,88.32,97.89,110.4,112.32,217.2,306.84,329.28,355.12,351.84,367.2,366.84,366.96,409.44,344.52,307.32,297.6,287.54,180.36,134.54,2
2019-01-18,40.68,43.8,40.37,104.4,97.92,88.92,92.76,106.56,138.36,186.84,283.88,331.32,351.12,359.76,317.52,357.96,330.96,389.34,387.96,370.3,318.6,285.48,163.76,116.76,0
2019-01-19,108.0,109.98,100.38,114.24,106.4,104.88,105.36,93.24,49.8,141.92,301.68,346.96,338.76,340.5,343.32,338.88,346.92,405.84,386.82,329.28,335.88,261.0,159.0,118.44,2
2019-01-20,107.28,101.94,99.24,104.64,102.24,94.56,96.96,101.88,119.76,176.64,333.6,340.86,334.56,314.64,290.52,331.08,306.0,317.04,360.96,347.64,292.5,233.88,158.52,132.0,2
2019-01-21,110.46,112.32,110.28,106.62,108.36,114.96,108.12,102.48,146.52,206.16,220.32,232.92,284.16,282.84,291.0,271.44,254.28,295.38,274.68,164.31,291.36,276.36,132.6,193.8,2
2019-01-22,200.52,114.8,128.64,117.0,111.9,86.84,89.04,100.56,112.2,213.0,297.96,336.18,326.92,344.37,365.58,481.76,336.6,483.72,565.8,513.72,537.0,501.12,445.11,211.56,2
2019-01-23,223.14,146.52,117.12,131.58,111.96,114.36,126.36,141.96,170.88,314.68,536.28,563.04,553.8,583.92,550.68,565.56,591.48,622.44,404.52,291.6,275.28,278.64,160.98,127.41,2
2019-01-24,128.04,128.25,152.04,96.6,88.2,98.64,99.24,101.04,158.52,205.92,291.15,325.63,371.28,339.96,332.76,335.7,342.0,336.48,372.24,342.84,306.84,336.36,215.88,173.64,2
2019-01-25,98.28,95.16,90.0,78.0,81.48,89.64,76.32,78.72,164.64,447.48,544.44,538.44,522.06,528.12,520.62,564.48,570.72,417.72,602.16,633.48,607.74,272.64,186.32,125.1,2
2019-01-26,109.92,124.68,124.64,121.92,118.92,112.8,117.0,114.0,137.4,245.4,301.8,376.8,391.2,339.0,418.2,463.4,351.3,385.2,368.4,340.8,341.7,246.0,157.8,123.24,2
2019-01-27,120.84,128.52,117.48,138.36,110.04,95.64,92.94,96.0,48.12,210.36,333.66,324.44,296.28,282.12,102.36,306.6,301.74,291.24,296.16,253.92,239.04,197.4,150.84,103.92,2
2019-01-28,112.44,109.8,114.54,112.68,114.48,96.24,42.36,81.12,121.96,233.28,271.32,409.68,468.24,442.44,461.4,447.84,435.24,466.08,355.8,221.52,229.8,189.6,158.76,72.72,2
2019-01-29,109.02,128.4,123.6,111.0,111.0,121.2,92.7,107.51,303.78,351.36,458.76,493.8,477.76,453.6,476.4,465.3,472.8,514.2,524.4,509.4,313.2,257.4,175.2,137.92,2
2019-01-30,90.84,92.46,91.08,85.56,83.76,91.8,87.96,85.92,135.12,154.2,185.13,208.2,189.72,188.4,205.8,167.4,204.12,171.84,219.36,200.4,179.46,193.08,119.76,36.6,0
2019-01-31,69.0,58.8,58.8,58.2,58.2,60.6,56.4,60.0,110.4,161.4,190.8,232.32,242.46,234.48,217.32,197.34,204.36,210.0,260.4,115.92,215.88,198.96,128.52,95.52,0
2019-02-01,85.08,91.32,72.48,73.56,72.6,70.02,69.3,72.0,87.96,127.38,177.6,163.68,140.88,97.32,155.88,147.66,166.8,79.44,213.0,95.4,191.28,183.84,101.16,90.36,0
2019-02-02,61.44,59.28,60.0,64.8,66.84,80.64,85.56,83.16,102.12,119.52,155.52,144.72,136.2,146.76,158.55,162.03,164.4,169.44,169.28,178.8,164.16,157.44,106.44,78.72,0
2019-02-03,68.1,69.6,60.96,66.48,61.44,67.32,70.62,69.84,80.88,114.0,140.4,173.4,174.9,137.4,133.8,132.0,128.4,143.4,150.6,153.0,197.82,176.52,122.4,83.28,0
2019-02-04,77.12,74.7,73.2,78.6,73.2,76.2,60.7,58.8,64.8,60.0,90.9,88.5,83.4,87.6,86.1,90.3,87.6,95.4,115.8,139.8,138.6,131.4,104.4,69.24,0
2019-02-05,59.76,58.2,68.64,66.0,59.4,61.92,59.22,70.16,72.36,66.6,76.8,66.96,59.56,39.12,60.84,60.12,66.24,56.52,109.44,104.76,102.6,95.04,93.96,63.72,0
2019-02-06,65.04,57.36,56.76,52.02,52.44,50.34,59.64,64.68,67.68,64.56,60.48,61.2,63.56,58.2,60.48,63.48,60.12,57.96,99.12,110.22,108.24,116.52,105.12,77.16,0
2019-02-07,65.88,63.48,57.36,55.68,55.56,56.64,58.14,57.12,58.44,60.0,62.64,75.96,74.46,79.0,76.2,74.58,63.0,60.0,100.2,101.24,66.48,103.08,101.76,80.4,0
2019-02-08,70.5,59.28,58.56,58.8,61.08,59.76,60.96,58.32,63.84,60.0,109.8,91.5,66.0,92.4,92.4,92.88,76.56,69.48,98.28,110.94,114.84,99.04,96.6,64.0,0
2019-02-09,53.74,56.48,54.76,55.32,55.44,67.8,71.94,70.02,70.92,72.84,73.15,70.08,75.78,67.44,94.08,73.2,92.34,68.88,100.68,102.54,99.96,100.08,111.0,82.2,0
2019-02-10,71.4,59.76,29.76,58.08,58.56,58.44,57.36,58.92,73.08,74.76,76.44,78.6,80.64,82.56,86.2,76.32,77.28,70.2,108.6,111.48,109.62,109.86,93.72,76.68,0
2019-02-11,27.84,57.18,54.4,54.12,55.56,54.9,57.09,66.76,119.28,237.64,246.93,255.0,246.48,257.28,252.72,214.12,201.24,233.28,228.84,246.12,207.72,193.68,140.98,100.35,0
2019-02-12,89.64,88.8,89.28,85.84,96.18,83.5,86.12,85.32,123.81,208.61,256.2,320.52,329.64,306.36,278.28,309.6,355.88,319.29,293.28,269.4,251.52,241.32,139.8,98.94,0
2019-02-13,89.16,88.04,89.64,90.66,88.44,74.76,72.3,87.84,140.76,252.0,317.52,400.26,347.76,328.8,293.52,321.54,394.68,357.42,286.2,284.04,252.48,228.12,130.9,94.14,0
2019-02-14,85.86,87.84,112.33,40.2,93.48,84.96,89.16,89.88,138.9,286.12,331.8,391.68,410.16,424.92,440.8,355.08,369.48,377.7,306.54,311.88,251.28,215.04,132.28,89.04,0
2019-02-15,82.32,82.32,94.86,78.0,79.92,82.08,77.46,76.2,101.82,181.28,294.36,366.0,364.02,183.6,374.28,330.72,385.78,439.08,419.76,377.4,353.28,243.96,176.54,115.04,0
2019-02-16,103.68,105.72,109.2,101.28,98.32,108.72,117.12,106.2,132.0,219.6,394.08,395.46,429.24,362.4,371.76,363.06,349.08,359.4,374.28,389.76,340.32,233.04,146.76,111.4,2
2019-02-17,94.48,79.56,89.34,78.24,96.28,88.56,80.34,83.88,131.8,181.42,325.4,348.12,355.6,334.08,339.24,341.04,347.4,367.19,376.8,351.96,306.48,257.72,156.72,101.04,0
2019-02-18,88.8,90.12,91.92,90.96,94.68,107.88,83.16,113.52,146.76,189.36,228.24,252.36,280.88,253.02,256.84,317.28,288.96,302.76,275.4,283.08,255.72,229.56,153.12,114.96,0
2019-02-19,91.32,96.36,105.36,82.53,87.48,86.28,80.28,91.92,134.04,202.68,195.36,291.68,316.68,260.52,267.0,229.2,235.08,272.28,336.96,281.52,267.36,246.36,148.4,102.24,0
2019-02-20,54.0,100.6,113.4,82.8,93.0,104.4,88.2,88.8,140.4,193.2,290.4,358.8,382.2,421.8,320.4,377.8,372.6,378.6,354.3,308.2,264.0,219.0,162.0,99.12,0
2019-02-21,81.96,83.52,72.72,65.52,71.16,73.2,73.32,74.28,122.52,189.36,326.28,313.8,338.76,354.48,375.78,352.08,353.46,337.44,299.4,295.08,287.04,240.88,170.76,122.16,0
2019-02-22,110.44,124.5,114.18,96.04,97.08,110.96,99.84,120.48,157.8,216.64,317.82,400.92,401.76,396.72,351.48,364.08,390.24,389.4,351.96,364.98,353.22,236.12,160.08,109.54,2
2019-02-23,89.84,84.8,87.84,85.38,83.28,67.08,92.04,98.28,144.08,217.44,374.4,394.8,390.66,388.2,333.36,370.8,380.4,352.2,342.0,361.2,347.28,231.5,165.0,113.4,0
2019-02-24,88.2,85.44,75.6,73.08,82.2,77.4,77.52,96.0,107.52,185.04,314.4,328.8,305.4,297.4,291.6,279.0,298.2,296.4,303.0,325.2,263.4,216.36,152.97,107.88,0
2019-02-25,80.16,81.96,66.96,68.88,63.72,62.34,37.08,99.48,128.4,158.4,193.4,139.2,119.28,131.16,225.24,126.24,125.76,145.56,176.34,241.08,247.56,240.0,150.0,119.68,0
2019-02-26,88.8,86.28,95.04,85.26,40.44,73.92,71.04,80.04,119.16,196.8,218.76,215.39999999999998,212.04,242.04,230.16,224.76,236.28,261.6,247.32,256.2,234.84,216.72,143.88,105.84,0
2019-02-27,78.0,78.0,76.52,76.8,60.84,59.64,70.08,62.64,119.28,188.22,322.68,357.3,339.12,356.16,303.12,302.76,341.4,369.48,283.68,278.76,256.56,235.32,138.0,95.88,0
2019-02-28,95.16,83.4,82.68,78.84,71.2,77.64,68.28,77.28,116.4,189.36,270.24,299.46,318.0,313.59,308.4,344.4,334.3,326.25,271.8,264.4,240.6,244.8,150.0,101.64,0
2019-03-01,84.24,85.9,79.56,68.28,69.08,69.24,64.56,72.0,96.36,194.28,248.5,298.92,308.64,316.3,294.0,338.4,294.6,336.9,350.1,328.8,290.4,212.16,127.56,87.24,0
2019-03-02,81.96,82.8,73.92,69.0,68.28,72.24,65.88,77.16,91.56,172.14,287.52,354.24,340.44,330.84,174.72,309.0,309.42,299.94,334.8,344.64,335.4,222.6,136.3,84.84,0
2019-03-03,71.04,78.36,72.0,68.64,66.36,70.32,73.92,92.52,124.8,213.72,328.08,317.52,317.16,284.64,299.76,288.36,302.04,303.06,311.04,308.64,258.04,210.9,134.7,88.2,0
2019-03-04,82.64,89.76,97.74000000000001,105.72,113.7,121.68,129.66,137.64,145.62,153.6,201.24,201.12,211.08,238.68,221.76,211.92,203.76,238.63,315.0,307.2,256.8,216.6,128.7,98.58,0
2019-03-05,85.08,77.88,81.96,79.08,64.2,71.28,67.2,71.64,97.56,147.48,223.08,253.68,234.84,270.84,239.76,256.56,237.24,272.88,289.32,238.2,224.4,208.8,171.0,121.32,0
2019-03-06,122.76,111.84,105.6,103.44,104.34,98.64,97.8,101.28,106.32,255.36,352.2,278.28,345.36,270.72,283.56,311.4,322.44,284.88,270.84,282.48,244.32,247.2,167.4,126.24,2
2019-03-07,103.56,81.26,79.06,74.88,69.51,63.76,63.48,68.4,100.08,169.72,252.06,313.08,296.56,303.75,290.04,307.84,286.56,271.17,237.36,227.46,219.32,192.27,147.72,143.76,0
2019-03-08,133.32,132.24,126.0,97.68,101.28,99.9,99.72,70.38,104.64,220.08,319.92,322.32,350.76,333.19,365.28,352.26,351.96,340.2,353.4,530.64,496.8,417.12,333.6,88.5,2
2019-03-09,80.92,76.08,78.0,69.36,79.29,28.68,69.9,60.6,86.28,157.4,310.98,335.04,322.92,309.12,268.68,256.2,509.1,539.04,512.31,528.72,320.6,364.88,364.88,364.88,2
2019-03-10,279.72,279.72,279.72,279.72,279.72,279.72,279.72,279.72,279.72,279.72,279.72,276.96,288.18,252.72,247.32,266.76,243.96,266.28,285.48,266.82,252.84,205.08,147.24,115.92,2
2019-03-11,99.36,97.2,97.62,83.82,83.16,79.68,72.0,75.6,113.58,157.08,188.88,167.4,212.04,199.32,200.34,74.64,199.44,210.84,244.92,236.76,251.7,228.54,143.88,94.31,0
2019-03-12,89.49,83.4,72.96,80.34,35.28,78.6,75.84,89.4,119.64,166.56,220.44,207.6,181.92,180.0,179.52,192.9,215.76,172.68,193.53,227.04,200.76,238.9,151.8,102.24,0
2019-03-13,90.36,86.46,80.76,79.92,73.92,75.24,75.0,84.4,37.4,169.08,269.52,227.28,240.48,219.84,236.04,250.08,232.2,253.44,223.92,251.22,228.48,199.44,137.32,108.12,0
2019-03-14,94.44,84.72,85.8,85.32,86.64,105.4,86.88,109.44,305.4,352.68,439.8,478.44,466.68,479.1,453.48,503.34,492.96,463.44,222.3,249.48,145.8,203.91,161.52,133.8,2
2019-03-15,114.3,101.88,70.08,81.06,76.8,73.48,86.44,83.4,103.74,192.82,234.78,253.32,236.16,215.22,231.36,254.88,247.68,276.84,276.64,283.56,239.28,216.36,155.4,99.48,0
2019-03-16,84.16,85.8,70.14,67.68,69.96,79.53,84.6,79.29,94.32,173.0,237.05,216.92,228.92,210.87,222.12,85.68,214.38,255.24,132.36,316.08,245.52,208.88,139.2,109.2,0
2019-03-17,85.74,86.16,88.08,84.24,80.4,28.08,84.84,87.48,108.12,156.72,228.6,207.6,211.2,202.8,205.44,205.32,229.2,247.98,239.64,266.64,237.72,213.24,141.12,76.8,0
2019-03-18,87.6,89.4,88.5,86.16,77.4,79.8,80.4,80.64,114.86,176.52,212.88,244.56,239.4,210.48,222.2,227.88,211.1,225.0,227.64,250.44,251.88,220.08,177.36,95.48,0
2019-03-19,80.28,75.6,74.72,82.2,76.6,78.0,78.0,88.2,127.8,135.6,251.2,207.0,242.4,234.6,228.0,195.0,188.4,212.76,204.6,260.88,226.2,197.4,152.18,128.04,0
2019-03-20,98.64,95.52,86.4,86.22,81.12,83.82,83.04,80.28,100.08,169.32,208.92,208.44,189.36,213.6,223.68,233.04,210.84,222.72,211.2,224.04,223.08,208.92,99.96,85.38,0
2019-03-21,69.96,67.86,66.0,69.0,64.74,56.4,58.92,28.8,90.54,130.26,220.68,202.56,219.0,170.76,190.8,245.8,236.97,258.96,218.28,239.34,191.88,194.52,105.6,79.8,0
2019-03-22,67.68,65.52,62.16,57.53,58.44,64.2,73.5,74.04,126.12,203.76,264.0,318.24,312.36,312.48,286.8,270.72,292.56,310.92,297.48,336.84,270.72,207.68,144.24,103.44,0
2019-03-23,79.56,32.16,76.32,64.48,62.28,63.72,61.32,66.96,96.72,167.88,199.98,191.88,216.75,228.06,231.96,94.32,219.96,237.78,216.84,255.36,228.0,179.16,122.16,99.48,0
2019-03-24,89.28,86.4,86.04,76.32,68.4,71.76,74.64,75.36,109.92,182.4,204.6,260.4,238.2,240.6,220.2,238.8,250.8,265.2,248.7,245.7,257.84,184.36,123.7,101.64,0
2019-03-25,76.8,74.28,75.84,71.52,67.56,66.0,78.42,60.12,102.65,135.72,182.16,177.96,220.68,201.24,181.68,181.68,199.8,207.48,209.88,228.84,204.84,188.76,119.34,87.08,0
2019-03-26,69.68,69.6,64.16,60.12,54.24,54.69,54.9,58.52,81.48,119.69,181.32,180.32,192.36,186.24,166.44,177.93,188.4,162.32,89.84,212.04,189.0,172.47,136.2,90.96,0
2019-03-27,64.92,54.12,70.32,54.12,54.36,58.83,57.24,81.6,34.8,161.88,205.56,187.68,195.36,202.32,249.72,256.2,248.76,226.32,163.92,224.64,218.16,218.36,117.36,84.88,0
2019-03-28,66.6,68.92,58.47,62.0,58.98,58.44,58.2,60.6,76.2,147.6,215.85,231.9,258.96,225.0,210.24,208.56,224.1,259.4,228.32,217.8,226.86,199.2,123.66,92.76,0
2019-03-29,75.96,72.3,68.64,64.98,61.32,60.15,59.7,60.06,85.6,136.56,210.72,191.28,221.64,229.56,231.36,235.92,242.52,228.36,239.04,243.0,270.96,199.8,142.56,61.68,0
2019-03-30,77.16,77.28,77.07,36.2,68.6,66.24,67.08,75.72,93.72,153.6,195.6,217.68,187.86,169.62,192.12,192.72,208.32,187.12,203.28,242.54,206.16,182.64,120.72,84.18,0
2019-03-31,77.88,62.28,62.48,69.42,64.2,63.24,71.04,65.12,88.44,123.6,214.92,276.0,236.7,211.8,197.28,202.64,189.48,210.36,192.6,252.12,238.44,180.96,69.12,86.52,0
2019-04-01,77.04,77.52,76.08,87.2,79.86,75.54,72.88,83.07,89.88,122.88,156.54,149.4,154.32,194.96,184.2,179.4,191.34,182.22,201.4,208.23,227.76,184.83,120.08,90.36,0
2019-04-02,63.84,62.4,69.6,63.6,57.3,64.8,63.6,72.6,112.2,135.6,193.2,146.4,159.0,158.4,173.04,140.1,173.4,212.4,189.6,239.7,216.0,223.2,123.0,100.36,0
2019-04-03,76.32,69.84,60.6,61.77,57.32,65.04,69.06,68.04,91.92,135.84,166.8,140.32,194.64,192.14,197.4,177.6,167.4,211.5,199.8,223.8,228.0,204.0,115.2,84.48,0
2019-04-04,88.12,67.22,61.62,65.2,69.32,65.64,67.0,83.16,85.8,112.92,198.54,216.84,200.52,215.4,174.12,202.2,247.24,108.84,187.44,239.16,201.72,198.0,140.76,81.96,0
2019-04-05,68.28,58.92,57.84,67.08,53.64,60.84,62.52,70.44,35.4,108.18,160.36,172.08,152.16,186.36,168.84,181.92,183.48,178.68,160.8,191.76,183.12,187.08,102.36,69.6,0
2019-04-06,58.36,53.88,53.88,57.24,52.8,54.66,52.02,55.44,64.56,106.2,195.2,181.2,148.2,180.0,199.2,157.8,169.8,150.08,189.12,218.4,205.44,169.8,108.6,81.6,0
2019-04-07,66.36,61.38,51.6,55.88,53.04,56.64,55.8,55.2,67.2,88.2,123.6,152.4,158.4,166.0,153.3,132.6,142.2,157.2,139.5,195.6,183.4,159.0,114.6,87.12,0
2019-04-08,60.24,56.58,60.12,66.24,58.38,61.38,61.55,66.36,94.8,43.08,151.32,138.24,166.2,140.91,153.24,141.6,153.12,164.04,187.2,180.72,178.08,175.92,122.08,93.48,0
2019-04-09,67.56,69.48,57.32,59.16,56.64,27.48,65.64,64.14,80.76,135.84,151.56,126.72,136.92,159.6,192.72,193.68,165.72,210.24,186.6,220.72,194.73,174.66,113.16,78.66,0
2019-04-10,67.98,65.16,68.64,62.82,62.88,55.2,60.84,57.3,87.0,46.92,180.6,201.24,223.16,219.6,223.02,234.48,86.16,234.96,194.64,227.64,219.84,204.96,72.6,89.7,0
2019-04-11,76.92,79.92,66.36,68.4,62.1,64.02,62.28,65.73,95.4,137.4,217.2,237.6,248.4,217.5,213.6,190.2,232.8,237.0,195.0,219.6,219.6,196.86,154.32,117.42,0
2019-04-12,102.48,111.24,92.4,82.8,68.4,69.0,64.1,71.65,114.0,122.4,196.8,201.6,180.0,155.4,175.2,176.4,183.5,184.08,206.8,246.0,202.8,200.4,153.6,116.28,0
2019-04-13,112.98,91.44,93.96,108.36,94.44,83.04,75.84,79.08,123.6,170.7,256.62,209.04,217.84,231.36,197.58,225.72,206.04,202.92,224.76,240.0,243.44,189.24,135.68,104.04,0
2019-04-14,30.6,81.78,83.88,80.52,78.12,79.68,66.12,72.0,91.68,141.84,194.22,197.76,217.32,184.8,230.88,212.52,235.87,250.54,208.44,220.32,205.92,222.54,150.24,123.78,0
2019-04-15,95.88,91.92,85.68,60.24,64.56,60.48,63.84,64.08,73.44,105.96,162.6,154.8,125.4,174.0,177.9,179.4,168.0,188.4,156.0,195.45,211.08,198.12,120.6,86.76,0
2019-04-16,76.32,72.36,72.0,66.0,63.0,61.8,63.6,66.0,73.2,111.3,179.4,155.4,162.0,207.0,189.0,184.2,169.5,173.88,167.52,219.84,222.48,224.88,134.52,93.0,0
2019-04-17,78.0,79.02,77.76,78.92,75.96,78.84,74.64,88.32,107.64,147.0,208.08,204.88,219.24,200.64,224.64,248.4,222.2,219.24,212.04,218.52,228.42,227.34,128.7,93.48,0
2019-04-18,80.24,78.12,76.98,76.68,75.72,74.72,76.92,67.92,95.0,116.76,203.16,173.52,187.92,198.96,176.46,175.8,197.64,203.7,102.6,227.52,207.68,193.68,121.56,90.68,0
2019-04-19,77.88,70.44,73.56,25.92,75.36,70.92,71.88,75.36,96.3,134.88,177.48,183.36,173.76,185.88,185.04,192.48,192.06,194.4,190.8,232.68,205.2,192.6,100.8,64.92,0
2019-04-20,55.23,53.04,60.36,57.48,56.76,57.0,59.4,67.2,81.48,114.12,185.76,183.72,182.28,171.6,155.1,202.76,168.0,200.4,209.7,238.0,226.2,217.0,121.2,77.76,0
2019-04-21,69.42,63.0,61.68,58.56,63.52,58.56,59.64,62.64,86.4,117.52,181.8,185.4,183.48,217.76,201.36,198.24,205.68,202.5,216.48,209.88,216.12,205.8,119.04,81.0,0
2019-04-22,75.24,59.82,60.0,57.78,66.56,60.84,63.6,62.76,93.12,141.12,179.9,182.52,154.92,166.8,200.4,179.28,75.4,192.96,201.72,223.68,216.96,197.66,117.36,73.47,0
2019-04-23,81.72,66.36,58.92,58.08,56.98,61.8,68.88,67.32,93.08,154.8,189.96,151.44,161.76,177.6,171.12,182.1,173.88,175.8,147.42,192.0,190.56,209.46,113.88,97.32,0
2019-04-24,78.6,60.09,58.02,64.35,55.56,57.72,63.24,61.44,82.08,121.92,166.08,191.64,178.8,179.88,174.88,189.12,183.72,204.36,183.96,203.24,190.2,196.92,110.64,76.26,0
2019-04-25,67.68,70.38,65.16,63.24,63.12,56.04,57.96,69.0,79.68,123.0,76.56,148.26,159.16,176.16,186.48,176.88,179.4,178.56,159.84,209.64,201.48,183.96,110.76,72.36,0
2019-04-26,70.44,61.86,70.32,74.31,64.92,65.16,64.62,64.56,91.32,137.08,176.88,197.52,199.2,170.64,208.2,196.2,178.48,180.96,181.08,210.84,213.12,225.24,135.84,101.64,0
2019-04-27,69.09,59.52,59.67,59.04,58.4,57.8,62.85,58.89,180.12,200.04,236.68,243.48,261.39,246.6,241.92,250.56,259.68,186.42,199.56,218.52,203.88,172.56,119.4,85.44,0
2019-04-28,76.32,30.84,70.2,73.44,72.96,64.2,60.96,72.96,69.36,97.44,159.96,176.88,183.4,162.6,173.76,163.2,182.4,161.4,159.4,209.4,202.2,173.4,114.6,78.84,0
2019-04-29,64.8,63.0,64.68,26.16,28.08,61.32,56.88,57.78,74.28,117.96,164.76,153.48,145.92,151.2,134.28,148.08,157.8,166.32,150.3,185.76,169.56,196.8,113.16,84.6,0
2019-04-30,73.88,63.4,57.42,57.48,58.35,57.48,60.42,59.52,73.32,99.48,154.2,134.88,174.48,205.56,182.76,170.52,158.04,148.2,178.44,209.22,192.78,195.42,119.04,82.8,0
2019-05-01,28.08,57.84,55.92,27.96,26.4,29.28,56.82,61.62,31.44,113.04,181.52,156.24,162.12,165.6,138.84,136.5,179.52,168.72,186.6,207.6,206.88,189.36,109.8,76.02,0
2019-05-02,64.32,64.92,67.32,63.42,37.86,64.44,58.8,63.6,64.12,105.84,160.56,142.44,135.12,148.92,150.12,165.48,169.92,179.32,173.7,211.44,201.66,198.24,116.16,74.76,0
2019-05-03,61.68,58.92,58.92,57.84,58.68,55.92,58.56,70.44,72.84,109.92,184.92,173.88,182.16,159.96,165.84,174.48,83.4,149.76,155.52,211.2,207.12,186.66,119.64,84.12,0
2019-05-04,79.11,75.48,69.9,67.52,61.12,61.87,59.52,64.06,70.8,105.36,174.96,168.48,158.64,89.4,157.44,169.68,161.76,162.48,145.8,194.4,193.17,171.72,117.0,78.0,0
2019-05-05,63.72,61.92,61.74,57.0,58.5,57.0,61.2,72.6,85.2,141.0,138.0,160.8,156.6,167.4,157.2,162.6,173.8,171.0,153.0,200.4,187.8,187.8,120.6,94.44,0
2019-05-06,60.08,58.02,58.8,61.32,58.8,61.0,60.68,60.04,84.18,42.8,169.44,156.6,180.72,166.08,144.6,143.64,164.97,172.2,170.4,216.0,186.0,171.0,130.35,86.74,0
2019-05-07,73.68,71.76,63.12,58.08,58.44,58.68,53.31,58.2,76.8,103.8,164.4,153.0,121.8,141.6,136.56,141.0,148.5,166.32,153.76,189.72,207.84,203.76,153.0,106.87,0
2019-05-08,75.36,60.84,71.04,28.8,64.44,59.6,62.23,56.04,85.41,103.32,148.56,168.12,159.3,174.72,154.32,198.24,169.32,205.68,168.96,199.68,206.88,188.28,118.6,92.28,0
2019-05-09,70.44,65.64,62.04,60.56,62.64,58.44,61.15,63.0,81.0,114.0,190.2,170.1,186.0,156.6,165.0,195.6,196.0,187.8,165.0,205.0,219.9,204.6,123.6,82.44,0
2019-05-10,63.84,61.56,70.2,56.4,59.28,55.56,59.28,60.0,72.0,117.0,171.0,181.8,189.0,192.49,199.2,176.1,208.5,192.96,188.0,217.8,200.64,221.8,142.2,97.6,0
2019-05-11,80.28,82.08,80.88,77.94,79.52,60.6,69.84,118.56,183.84,230.52,248.22,282.48,220.44,162.48,272.76,262.44,313.44,299.58,178.56,219.06,181.32,122.52,119.82,99.3,0
2019-05-12,61.8,64.32,61.32,60.84,66.68,62.48,63.8,65.4,89.76,123.24,188.76,165.84,167.64,175.8,192.96,196.92,195.72,170.76,187.12,222.8,198.24,186.12,126.39,91.68,0
2019-05-13,73.92,61.68,58.92,57.12,61.68,58.08,57.6,61.68,90.24,112.44,164.88,184.68,176.28,176.64,173.16,178.56,195.0,212.46,202.92,210.36,191.28,216.12,119.22,100.68,0
2019-05-14,72.36,31.8,58.8,58.0,60.16,59.68,66.72,71.78,90.24,125.64,178.68,160.32,195.0,173.52,199.8,188.16,175.67,196.72,176.88,212.04,205.2,201.0,116.34,89.88,0
2019-05-15,75.24,61.8,58.32,57.0,58.68,56.92,62.04,61.68,95.76,148.68,207.88,211.68,189.12,209.4,183.36,189.36,213.48,189.0,195.36,206.98,206.16,186.12,121.68,84.27,0
2019-05-16,67.4,66.33,66.45,58.2,57.36,55.2,56.64,61.88,94.96,130.04,206.76,172.8,216.6,217.2,216.0,204.6,204.6,176.1,171.91,210.48,231.24,230.76,133.8,81.0,0
2019-05-17,66.24,58.98,60.64,59.04,58.32,59.28,88.56,70.08,97.2,149.16,202.8,220.62,261.0,190.08,232.32,250.68,221.91,223.52,217.32,273.36,254.22,221.68,154.2,90.72,0
2019-05-18,72.0,75.36,61.44,62.52,68.52,61.44,60.12,64.8,136.92,165.84,197.88,221.52,235.68,233.4,204.0,222.0,222.72,194.76,208.2,244.44,211.44,193.08,118.26,96.4,0
2019-05-19,72.36,68.64,60.12,56.16,57.12,57.96,61.8,61.38,126.66,168.57,199.56,217.2,229.68,218.8,231.0,221.16,245.04,226.86,212.52,237.0,239.4,165.6,125.4,79.74,0
2019-05-20,64.05,62.12,67.08,61.52,62.16,57.6,60.0,67.8,97.2,121.8,145.8,140.4,165.0,185.64,157.68,175.92,191.04,159.6,193.2,229.2,226.2,186.0,121.8,91.68,0
2019-05-21,77.76,71.52,61.62,60.84,58.86,59.28,60.96,60.36,88.44,132.42,204.36,205.92,199.14,191.28,196.92,214.59,185.8,189.72,186.69,234.0,220.83,198.24,116.68,86.04,0
2019-05-22,74.04,71.16,70.32,59.88,62.4,59.76,63.84,72.0,109.92,154.2,203.8,209.4,198.48,222.96,109.08,243.72,221.28,253.68,228.6,265.96,244.08,222.84,124.74,90.92,0
2019-05-23,67.8,58.96,58.68,59.64,65.49,57.36,59.12,76.22,101.16,137.64,213.84,199.09,217.02,239.64,218.64,229.11,232.92,244.8,185.94,256.56,234.96,190.92,111.36,84.36,0
2019-05-24,74.88,61.2,58.8,60.96,57.96,59.04,58.8,60.72,115.56,164.04,236.52,220.08,263.6,243.24,231.66,257.68,231.0,235.92,238.32,285.36,246.84,213.0,124.08,69.56,0
2019-05-25,67.92,62.1,32.16,64.44,60.64,63.42,59.28,92.64,124.8,155.16,223.0,223.2,263.66,228.12,230.43,228.6,215.64,259.68,257.04,229.68,254.45,229.68,176.52,119.04,0
2019-05-26,96.72,67.2,68.32,62.88,63.6,62.88,62.52,101.4,142.08,185.22,205.56,228.6,257.04,240.0,239.82,253.48,225.24,250.68,239.76,237.48,244.92,226.92,126.96,86.58,0
2019-05-27,75.0,64.2,66.84,63.96,63.83,66.12,77.64,89.04,99.84,138.03,189.0,185.88,182.64,196.56,190.8,191.4,172.8,172.8,208.8,222.0,245.4,218.4,123.6,72.48,0
2019-05-28,63.12,35.16,60.96,59.49,60.48,58.92,60.22,67.62,115.68,149.79,156.72,190.56,180.36,226.11,186.44,181.2,211.44,240.75,199.8,225.0,231.6,218.4,121.8,92.7,0
2019-05-29,33.6,62.76,58.44,57.1,57.72,61.92,59.64,77.28,119.88,143.52,180.06,175.77,192.24,210.24,239.28,232.38,245.64,238.02,194.1,261.42,228.6,184.32,119.76,67.08,0
2019-05-30,58.2,68.52,56.64,56.52,56.52,61.2,86.46,73.98,131.28,133.08,162.0,180.48,197.05,197.1,222.36,231.66,212.76,207.6,195.0,228.24,239.76,204.36,120.42,81.84,0
2019-05-31,62.04,61.8,59.88,59.52,60.76,60.96,59.04,77.88,139.27,177.96,192.0,196.8,160.59,181.32,206.22,235.44,210.92,233.16,247.08,262.08,236.04,118.56,126.0,88.74,0
2019-06-01,63.36,66.12,62.16,64.92,61.2,61.32,60.16,62.4,117.6,162.0,192.0,230.7,214.8,210.6,256.2,249.3,255.0,282.9,241.1,263.7,222.9,191.1,164.52,119.4,0
2019-06-02,97.62,102.72,103.32,105.08,111.6,99.96,98.76,122.04,188.28,232.92,240.84,518.76,737.52,697.68,615.0,606.24,507.24,285.12,272.88,290.73,245.28,209.12,143.32,80.28,2
2019-06-03,68.4,62.7,64.08,59.04,58.56,62.04,62.88,75.72,120.36,149.48,165.96,168.0,205.32,202.68,196.92,220.32,207.88,223.2,213.96,249.0,240.12,204.48,135.12,88.68,0
2019-06-04,82.68,60.0,62.64,59.16,61.68,58.92,60.48,61.44,132.84,135.6,177.36,172.68,196.44,204.3,213.6,215.25,234.24,187.92,210.6,270.36,248.4,218.16,141.96,99.0,0
2019-06-05,84.6,69.66,70.44,79.92,66.79,66.48,75.42,81.12,146.28,175.32,201.06,222.96,254.4,244.68,280.92,293.76,310.2,270.72,251.64,282.48,273.48,248.76,146.76,102.0,0
2019-06-06,67.56,64.72,65.84,65.88,66.96,67.8,70.38,85.44,133.35,154.8,235.32,217.2,254.88,256.32,299.4,353.04,341.4,267.54,240.6,278.64,265.56,230.8,141.96,87.69,0
2019-06-07,82.68,62.76,65.28,60.84,61.44,63.09,60.6,64.64,48.0,191.4,202.83,236.3,222.84,212.16,218.64,208.48,223.34,237.08,214.5,244.74,254.28,213.64,129.48,77.2,0
2019-06-08,71.52,72.71,61.92,66.72,64.02,66.12,73.68,80.88,104.52,159.6,219.6,235.02,246.42,233.76,251.52,259.08,261.84,279.36,250.08,276.96,271.5,214.92,141.6,75.84,0
2019-06-09,77.16,67.2,68.04,67.72,65.1,64.68,67.32,76.16,128.32,168.12,267.6,246.0,278.72,265.4,269.32,261.6,285.7,267.0,257.4,273.0,235.4,245.2,138.7,80.52,0
2019-06-10,69.24,64.2,65.88,69.0,66.72,64.92,64.44,65.64,140.4,184.08,184.8,199.44,218.88,234.48,211.44,184.92,239.4,214.8,214.36,252.72,244.2,233.28,136.32,88.08,0
2019-06-11,75.6,65.76,65.16,61.92,63.96,62.64,70.08,75.24,151.32,182.91,182.88,209.88,243.96,251.64,233.52,210.84,224.28,193.56,232.74,273.6,255.66,205.38,133.32,86.1,0
2019-06-12,64.62,76.56,69.96,73.92,61.32,62.76,60.36,74.22,138.6,183.72,241.08,227.76,229.92,246.36,254.16,292.92,270.0,249.48,219.6,290.64,268.68,227.04,122.52,85.44,0
2019-06-13,66.24,61.74,62.04,65.28,61.92,66.72,86.52,77.84,120.72,209.64,220.36,212.04,249.48,246.0,237.12,244.44,96.72,208.56,215.16,226.64,235.56,200.04,139.08,73.8,0
2019-06-14,61.5,61.44,58.2,59.28,59.64,59.12,65.16,72.24,114.96,156.0,195.78,199.32,207.92,247.32,216.6,228.48,263.58,249.0,226.68,248.52,268.17,220.08,165.66,110.4,0
2019-06-15,92.52,95.12,96.6,92.8,92.4,93.12,89.76,101.03,158.4,188.4,228.96,240.36,268.68,240.84,239.12,268.2,131.0,271.74,266.04,315.96,282.7,209.4,131.3,74.6,0
2019-06-16,61.5,64.68,61.08,67.92,68.16,67.68,64.56,123.48,580.8,658.08,666.48,725.16,724.44,715.44,720.18,708.08,684.12,717.24,630.0,710.52,670.68,324.72,188.76,72.6,2
2019-06-17,63.24,66.72,68.28,64.68,33.6,58.2,71.44,344.76,584.52,618.36,613.4,610.04,619.44,634.56,610.98,604.56,622.2,502.08,244.87,276.2,257.4,258.6,178.8,132.84,2
2019-06-18,105.48,106.92,86.64,81.36,80.16,81.96,83.28,85.5,133.8,144.06,185.64,230.4,236.4,261.0,222.6,227.4,250.8,204.0,234.6,274.8,239.4,236.7,133.8,114.78,0
2019-06-19,66.84,66.36,65.88,65.4,61.68,63.36,66.48,70.08,120.36,228.0,128.76,256.44,284.04,273.84,274.32,229.08,240.12,234.84,213.72,234.68,155.76,201.0,130.8,79.92,0
2019-06-20,62.76,62.28,62.59,60.9,58.8,67.5,73.2,65.4,127.8,184.5,193.2,234.3,226.8,251.0,246.0,232.2,207.0,250.2,231.8,259.8,241.8,238.8,133.2,75.12,0
2019-06-21,65.4,62.4,61.44,61.8,65.76,64.2,61.56,76.92,126.72,182.88,207.64,225.12,241.68,248.64,281.04,304.38,278.82,242.64,247.2,281.88,270.0,232.92,143.16,87.48,0
2019-06-22,72.0,69.0,62.4,61.8,61.2,62.1,69.6,61.2,128.1,146.4,205.8,241.2,258.0,201.0,230.4,226.8,235.8,217.2,236.7,244.2,257.4,217.8,132.2,77.82,0
2019-06-23,62.4,63.76,62.28,64.2,61.56,63.78,76.68,34.14,123.0,150.36,204.84,231.24,257.73,245.4,247.5,234.84,274.32,285.51,264.48,277.52,260.64,217.32,165.96,117.84,0
2019-06-24,94.32,91.56,92.04,95.88,90.36,91.2,87.96,96.72,126.72,186.24,194.76,193.2,189.6,190.44,208.24,220.2,650.16,316.8,218.28,261.96,231.12,213.72,129.84,78.12,0
2019-06-25,70.92,69.72,71.16,68.28,69.84,164.76,552.36,504.54,611.52,632.58,684.16,659.44,682.8,680.1,646.68,657.96,355.68,240.6,231.72,247.92,255.36,228.6,170.16,128.88,2
2019-06-26,92.58,67.56,71.52,77.16,62.28,65.16,78.84,106.8,210.0,309.84,323.4,329.64,365.88,327.54,309.72,335.64,269.28,267.72,257.16,264.16,290.88,251.4,137.8,93.48,0
2019-06-27,80.28,84.12,71.56,66.6,63.36,67.32,72.96,75.72,108.24,183.6,224.4,251.76,247.92,253.56,273.96,249.6,233.28,269.88,222.96,304.08,269.04,237.84,143.16,91.79,0
2019-06-28,80.76,80.25,82.76,81.08,76.8,78.12,81.72,99.72,117.24,237.84,230.4,288.12,277.36,297.04,298.5,293.4,289.8,316.2,297.2,361.2,309.0,264.96,168.48,91.08,0
2019-06-29,79.92,78.0,78.72,78.96,84.72,78.6,82.62,73.5,126.84,194.76,259.68,297.12,324.36,299.76,294.24,264.0,273.0,305.04,317.4,322.02,299.16,172.8,148.92,95.64,0
2019-06-30,90.6,92.4,83.52,82.28,84.12,76.08,79.8,99.24,120.06,174.0,241.08,272.4,259.14,273.0,264.6,271.8,279.0,307.8,266.4,298.44,258.48,232.44,172.76,99.85,0
2019-07-01,79.62,94.97,81.3,79.38,80.64,85.08,80.4,89.72,130.2,211.52,227.56,250.08,663.12,563.64,521.16,517.08,319.56,230.28,196.56,240.96,248.16,230.16,123.88,84.54,0
2019-07-02,74.76,73.56,78.84,64.32,63.6,67.0,89.04,86.76,105.48,217.68,237.48,238.68,232.5,249.6,274.8,231.6,224.8,225.6,199.8,240.0,247.2,222.0,76.2,80.52,0
2019-07-03,65.64,55.36,70.02,75.04,72.52,77.34,72.6,83.76,107.52,221.04,244.26,246.0,282.48,270.84,287.3,266.1,303.6,295.08,258.36,255.06,265.6,220.8,120.6,86.88,0
2019-07-04,76.92,73.08,70.84,74.16,66.72,66.72,69.0,81.12,117.72,224.16,266.76,275.56,301.86,294.6,301.2,296.4,309.0,283.8,269.4,319.8,292.2,239.4,172.8,119.76,0
2019-07-05,71.88,67.8,70.38,68.04,66.84,67.56,76.44,84.72,445.74,623.52,606.12,414.4,297.84,305.64,383.64,384.84,357.6,335.96,350.76,307.08,265.38,223.04,127.8,91.08,0
2019-07-06,80.76,71.4,74.4,67.2,74.88,66.12,72.24,81.48,132.9,301.32,328.32,363.48,386.28,294.96,277.5,305.28,302.64,316.8,272.64,296.52,265.92,254.2,152.76,100.96,0
2019-07-07,94.44,71.0,71.88,68.0,68.4,69.03,68.2,169.96,237.36,296.12,349.32,394.5,376.38,379.32,359.88,374.7,382.2,384.6,276.0,265.4,244.2,241.2,141.6,102.48,0
2019-07-08,75.24,70.5,76.2,73.2,72.54,70.32,99.48,79.8,116.4,230.28,305.04,236.52,248.88,271.2,241.68,239.7,238.08,259.32,219.08,268.92,245.88,226.93,131.55,85.32,0
2019-07-09,77.52,72.96,75.12,67.2,69.09,70.74,66.72,82.04,107.27,240.6,270.08,268.68,269.16,265.2,242.6,226.2,213.0,227.4,205.2,256.2,269.4,240.0,120.0,76.08,0
2019-07-10,68.76,63.36,62.88,65.16,64.44,64.32,64.8,80.04,101.4,225.84,244.56,222.48,251.64,294.28,244.08,249.0,281.76,231.12,215.64,270.84,252.96,231.72,128.64,75.96,0
2019-07-11,63.72,64.32,63.72,65.4,63.12,64.26,79.32,78.96,108.36,242.04,244.92,266.64,270.24,286.56,272.88,131.04,290.04,274.44,265.44,297.12,240.36,215.88,132.24,78.84,0
2019-07-12,68.04,70.04,65.64,72.24,68.04,70.56,74.52,100.44,130.92,234.24,247.22,260.2,251.44,298.56,281.76,244.8,258.48,248.22,253.2,305.4,288.6,246.49,156.8,108.6,0
2019-07-13,102.36,101.22,99.0,66.24,63.36,35.28,62.88,72.84,141.24,243.12,276.12,280.8,336.12,321.0,311.16,329.64,297.96,230.04,234.6,237.72,248.52,198.96,118.2,69.78,0
2019-07-14,66.84,61.08,65.28,65.16,64.44,62.4,72.24,35.52,102.36,171.6,243.96,261.96,292.26,274.32,261.6,274.2,294.6,285.6,273.6,283.3,273.96,232.06,132.76999999999998,33.48,0
2019-07-15,63.06,57.96,58.8,65.88,58.08,60.0,56.16,66.24,105.48,218.88,207.3,226.32,256.68,255.96,230.64,235.44,243.72,267.72,237.36,272.4,283.92,257.28,163.8,82.8,0
2019-07-16,73.14,72.6,71.64,68.64,70.32,70.08,71.04,78.6,115.2,285.6,300.0,296.7,316.2,321.6,312.4,321.7,302.16,231.6,251.1,307.32,296.16,264.6,157.2,106.48,0
2019-07-17,98.52,96.24,65.31,68.76,70.74,73.74,72.78,73.92,114.12,290.4,310.32,349.56,403.5,371.5,344.47,354.96,207.48,315.12,601.76,645.96,642.08,408.52,235.48,142.68,2
2019-07-18,86.2,108.72,108.93,109.32,114.68,108.0,106.82,193.28,381.59,582.6,671.35,661.84,738.61,1178.48,1138.76,884.36,706.08,708.61,469.68,719.02,687.13,498.68,221.2,193.8,1
2019-07-19,158.79,152.02,143.64,141.24,147.0,144.4,115.8,120.4,313.4,646.2,786.0,1100.4,985.75,974.2,990.76,915.0,1178.68,1261.44,1255.08,1321.08,1327.06,746.84,330.4,146.12,1
2019-07-20,115.34,79.64,77.4,108.96,116.4,78.88,124.28,121.48,195.72,479.08,560.6,556.96,618.5,574.8,577.2,751.4,1252.4,1215.4,1243.4,1264.8,1261.2,876.0,75.0,64.0,1
2019-07-21,43.0,39.0,40.0,39.0,39.0,38.0,39.0,69.0,373.0,278.0,644.15,652.28,1085.48,1216.32,1255.28,1324.68,1332.4,1325.6,1308.8,836.8,650.4,388.5,262.8,197.24,1
2019-07-22,165.28,162.92,152.04,149.92,129.04,124.34,125.52,146.4,503.81,540.0,989.29,1146.76,1097.12,1080.56,1069.8,1079.92,1130.72,1169.72,834.72,1143.96,1082.56,676.28,479.5,358.28,1
2019-07-23,333.0,348.44,362.96,371.22,372.72,160.68,167.53,162.68,553.61,759.33,823.36,843.57,1090.92,1270.9,1282.44,1327.24,1274.67,760.5,1250.72,1295.44,1286.38,575.44,357.84,258.12,1
2019-07-24,208.98,211.0,203.0,196.1,146.04,144.84,146.32,187.6,588.28,1107.12,1344.44,1331.58,1347.68,1339.96,1342.24,1344.52,1332.8,1346.0,1280.47,1338.12,1221.5,678.02,308.2,231.52,1
2019-07-25,182.36,179.04,179.48,143.56,100.24,246.04,238.76,710.64,1101.64,1024.96,1277.36,1377.45,1408.56,1386.28,1338.48,1347.68,1380.8,1253.65,1169.3,1038.0,731.8,468.8,300.0,232.12,1
2019-07-26,203.0,196.92,191.08,175.96,174.72,184.92,181.33,297.8,520.72,655.8,759.68,776.29,785.68,765.76,804.0,762.9,624.44,806.32,726.28,778.04,768.71,648.26,253.4,183.64,1
2019-07-27,144.48,88.44,114.2,122.1,121.31,121.96,126.16,243.54,561.53,645.83,747.64,854.88,894.38,849.88,805.33,823.48,797.36,788.16,775.2,791.6,777.04,400.8,256.98,178.68,1
2019-07-28,128.02,124.0,122.8,126.27,126.2,123.92,132.24,779.96,619.92,704.24,823.2,881.72,939.4,896.72,890.22,888.65,916.76,939.88,887.74,921.08,928.36,576.76,225.48,149.82,1
2019-07-29,130.92,127.48,129.6,93.08,132.8,91.92,92.96,763.51,410.8,449.3609090909091,487.9218181818182,526.4827272727273,565.0436363636363,603.6045454545455,642.1654545454546,680.7263636363637,719.2872727272727,757.8481818181818,796.409090909091,834.97,814.36,453.52,259.2,184.44,1
2019-07-30,148.54,143.64,148.32,141.44,157.76,141.34,144.81,192.33785714285716,239.86571428571432,287.3935714285715,334.9214285714286,382.44928571428574,429.9771428571429,477.50500000000005,525.0328571428572,572.5607142857143,620.0885714285715,667.6164285714286,715.1442857142858,762.672142857143,810.2,518.0,292.2,214.06,2
2019-07-31,165.5,142.88,140.44,140.36,138.32,149.92,140.54,669.08,758.8,1400.14,1341.68,1034.16,1444.84,1416.84,1429.04,842.2,1438.16,853.26,804.76,873.8,814.4,502.7,228.44,170.72,1
2019-08-01,97.88,143.05,137.08,135.17,141.88,138.36,152.32,639.48,644.22,808.48,871.42,899.92,682.4,584.4,742.52,715.57,762.52,778.29,741.09,759.52,768.44,486.91,240.24,165.36,1
2019-08-02,93.96,121.4,129.72,140.38,126.68,122.48,93.04,191.84,589.34,872.8,956.8,924.06,934.82,973.72,920.9,914.38,914.6,788.84,741.16,810.04,789.68,512.36,255.84,188.66,1
2019-08-03,130.64,132.88,130.16,129.0,130.72,134.4,124.36,333.52,554.72,656.04,815.88,833.28,893.2,894.24,832.64,842.32,840.12,825.84,673.68,690.64,677.68,393.64,221.92,144.83,1
2019-08-04,124.72,133.1,120.84,123.64,125.16,114.36,138.16,136.28,509.08,593.32,691.79,689.12,711.8,648.24,640.56,662.2,649.59,693.92,637.76,675.8,656.69,502.11,166.76,142.84,1
2019-08-05,117.66,114.12,118.6,116.4,120.2,116.9,129.0,264.4,457.6,590.35,656.6,660.6,688.7,652.0,681.8,747.8,699.6,697.55,627.57,707.46,681.08,485.24,233.72,149.2,1
2019-08-06,125.72,125.6,120.32,124.12,122.6,130.8,120.36,126.08,553.0,683.8,542.4,791.42,800.32,829.06,818.04,815.12,729.0,713.4,674.54,739.44,725.86,476.8,241.52,137.55,1
2019-08-07,123.56,117.8,122.68,118.84,119.92,118.4,129.4,283.06,478.36,607.08,699.64,713.8,815.76,819.56,802.16,839.2,754.84,734.26,671.24,722.48,688.48,498.04,232.08,163.6,1
2019-08-08,139.72,123.2,129.24,123.8,126.56,133.72,126.72,243.4,509.8,645.6,861.48,870.6,868.56,867.6,870.08,887.36,854.32,832.6,797.32,816.84,746.92,520.72,263.64,156.6,1
2019-08-09,131.84,131.14,130.44,123.64,126.76,128.59,132.12,449.68,476.16,731.72,763.4,701.64,763.68,782.24,795.16,790.64,794.28,739.24,639.4,704.8,670.8,494.96,213.96,155.84,1
2019-08-10,140.16,118.08,119.29,119.88,124.56,120.93,141.22,192.44,491.04,479.98,619.08,692.24,650.8,632.52,643.8,651.56,656.44,653.36,679.68,663.54,617.0,358.04,230.2,188.08,2
2019-08-11,149.68,142.0,140.12,135.36,130.0,138.04,133.52,198.49,483.16,519.64,597.43,628.48,652.56,617.92,664.6,642.88,673.08,636.84,612.4,644.04,630.28,370.16,212.96,138.72,2
2019-08-12,115.36,108.48,82.16,114.68,108.56,107.24,111.56,179.8,430.76,658.88,526.56,675.64,676.0,516.52,631.52,656.72,695.48,663.83,635.24,688.7,687.6,380.8,218.64,164.04,2
2019-08-13,119.0,124.04,127.64,76.56,116.64,132.24,82.68,294.68,522.4,626.2,744.8,702.56,735.64,700.56,727.6,723.5,743.01,712.84,616.72,627.88,644.4,493.6,243.0,169.04,1
2019-08-14,121.32,81.04,115.52,117.32,118.08,116.4,134.8,248.3,543.84,673.28,735.52,1128.84,1286.16,1293.68,1267.68,1238.96,1056.56,684.36,707.56,705.06,663.18,416.32,219.02,148.68,1
2019-08-15,125.78,119.28,120.39,123.72,122.88,121.4,116.8,221.56,456.88,613.72,654.32,575.4,685.29,720.4,631.3,730.0,563.4,718.2,631.8,682.64,659.0,436.2,268.0,180.76,1
2019-08-16,135.95,130.52,123.72,127.24,128.92,133.2,132.0,259.16,472.64,1072.24,1116.4,1076.0,1136.6,1112.1,1106.4,1116.0,1134.2,966.6,698.8,669.4,673.4,454.0,238.3,166.56,1
2019-08-17,123.84,125.72,123.52,121.36,121.44,124.32,125.12,419.32,453.49,545.48,703.0,687.21,719.73,700.52,693.56,690.41,707.64,696.57,645.29,690.2,686.13,455.96,248.08,168.68,1
2019-08-18,127.56,123.52,114.14,121.6,122.72,128.0,126.0,167.12,425.18,561.0,1099.4,1168.48,1151.16,1135.76,1104.04,1135.48,1199.05,1182.6,1058.16,652.28,647.52,420.96,210.32,144.56,1
2019-08-19,121.12,127.68,123.18,121.37,120.6,121.28,89.08,213.28,426.08,571.84,800.08,1167.88,1147.56,1128.36,1181.08,1149.28,741.84,934.44,551.44,620.2,634.52,431.84,193.08,140.92,1
2019-08-20,114.76,116.35,121.19,117.2,122.56,120.67,121.72,166.8,477.78,521.16,636.08,658.0,617.72,627.0,629.52,625.88,623.8,575.24,558.48,616.08,572.48,451.32,212.12,145.12,2
2019-08-21,122.04,113.78,112.84,109.16,113.24,111.64,112.24,251.12,438.12,548.72,665.72,672.44,675.6,1014.16,1237.8,1226.0,683.9,660.0,588.0,634.0,611.6,481.2,237.0,120.32,1
2019-08-22,125.56,122.24,120.24,122.38,125.64,125.56,128.42,175.24,418.56,914.72,1242.04,844.76,696.28,884.22,1270.48,1266.28,1257.48,1324.72,1246.26,1085.24,730.84,422.02,221.4,164.2,1
2019-08-23,128.44,128.56,135.2,135.5,130.36,137.04,128.48,287.92,864.2,1348.0,1353.3,1385.52,1397.46,1409.44,1336.52,1336.02,1340.8,1443.74,1420.2,890.56,1452.4,1247.0,295.15,172.88,1
2019-08-24,132.2,131.4,118.3,116.6,109.6,125.2,114.8,192.6,459.6,729.34,1323.6,1350.2,1332.4,1337.4,1321.2,1348.2,1326.0,1307.2,1296.6,1338.1,1297.2,394.34,225.32,151.96,1
2019-08-25,125.2,126.68,121.08,125.2,126.72,131.96,285.2,787.3,1066.2,1282.8,1411.4,1466.0,836.64,1355.32,802.76,1351.76,1432.96,1435.66,1397.68,1452.08,1443.0,1203.62,223.88,156.76,1
2019-08-26,123.74,128.28,130.2,129.36,127.8,122.84,130.7,407.4,1037.7,1169.04,1241.2,1237.84,1283.65,1244.4,1275.32,1277.04,1370.4,1320.46,1308.24,1392.76,1394.74,1182.78,264.68,165.16,1
2019-08-27,126.46,126.08,88.96,127.56,123.2,116.2,122.44,431.6,538.7,977.53,1416.36,1481.76,1480.64,1533.72,1506.68,1496.83,1490.4,1355.48,1320.3,1069.36,691.69,522.44,257.28,188.28,1
2019-08-28,161.28,159.32,165.68,163.6,170.64,163.64,172.48,236.72,496.32,641.04,779.84,793.76,775.56,816.52,1174.68,1321.76,1350.96,1347.95,1301.24,1325.53,1310.92,693.68,308.64,248.76,1
2019-08-29,219.16,220.64,219.96,222.04,214.48,216.16,144.4,306.16,412.92,489.0,533.68,539.48,562.4,567.36,496.7,508.52,566.2,506.16,494.8,540.18,451.04,487.26,194.48,240.88,2
2019-08-30,216.36,209.8,221.2,259.44,251.08,241.96,254.6,154.64,511.0,636.8,697.6,695.4,680.6,711.6,911.6,1284.75,788.4,1207.2,1139.0,775.8,771.4,540.2,397.2,341.0,1
2019-08-31,272.32,255.28,274.48,264.52,225.2,139.44,140.92,139.6,240.08,427.24,708.6,1094.54,1302.04,1277.2,1330.44,1315.92,1284.86,1294.04,1288.08,1108.94,1096.28,973.24,61.0,55.0,1
2019-09-01,38.0,37.0,37.0,37.0,38.0,37.0,37.2,66.77,346.6,261.2,1182.16,1183.58,1116.84,1034.24,1049.56,1060.42,721.28,502.12,413.0,416.36,399.26,372.16,238.41,192.72,1
2019-09-02,102.08,149.88,148.3,156.06,152.36,150.64,146.12,110.48,229.4,247.4,251.12,284.28,282.56,307.72,285.6,293.24,278.56,321.42,315.08,370.6,360.34,343.92,224.18,203.32,2
2019-09-03,116.6,122.0,115.94,118.52,119.34,109.2,108.4,112.08,185.56,286.0,384.0,360.96,364.24,355.92,352.6,353.88,381.6,361.54,336.0,400.22,385.28,371.36,199.96,161.04,2
2019-09-04,121.8,103.66,103.6,106.64,107.99,104.49,104.6,117.88,177.42,301.04,349.68,355.52,378.0,395.57,350.24,357.67,384.84,357.96,359.08,407.64,363.48,342.16,227.28,144.52,2
2019-09-05,119.0,109.64,108.62,109.64,108.68,133.04,113.64,124.32,188.04,325.32,435.04,560.62,562.36,555.72,538.92,545.52,435.88,586.84,438.0,417.2,435.0,379.0,249.8,181.58,2
2019-09-06,146.8,139.96,154.88,116.02,112.42,117.36,114.26,128.6,258.24,342.64,399.3,392.96,511.62,613.52,565.04,463.56,428.72,414.24,424.72,483.4,437.0,371.48,242.2,187.04,2
2019-09-07,157.6,168.04,160.52,138.56,136.12,134.96,130.12,149.16,211.32,339.68,409.12,971.8,995.28,1138.48,1090.88,1095.68,1017.36,783.68,530.6,489.62,311.36,327.36,196.6,95.2,1
2019-09-08,117.52,113.58,115.88,112.64,109.68,113.04,111.2,165.24,245.8,519.52,910.08,1091.52,1076.44,1098.19,1079.08,1060.12,1051.38,1085.4,897.72,626.26,460.51,362.96,228.1,218.48,1
2019-09-09,144.24,144.24,144.24,144.24,144.24,144.24,144.24,144.24,144.24,144.24,144.24,144.24,144.24,144.24,144.24,144.24,144.24,144.24,144.24,144.24,144.24,144.24,144.24,144.24,2
2019-09-10,116.56,120.96,117.12,118.04,110.76,115.68,79.72,195.52,308.2,572.4,599.8,628.76,610.76,631.72,613.06,639.56,627.84,571.0,570.28,640.08,471.8,456.3,197.84,128.6,2
2019-09-11,133.82,109.8,110.48,116.4,107.36,106.0,123.88,113.4,270.3,534.8,557.35,593.66,601.52,605.24,669.63,651.41,593.6,597.24,541.52,644.8,474.6,387.2,209.36,172.04,2
2019-09-12,98.64,112.52,113.87,82.64,112.04,116.68,122.64,180.0,232.76,468.08,570.26,584.08,640.0,518.82,655.72,612.16,587.7,601.6,610.24,634.03,525.24,441.16,203.04,158.24,2
2019-09-13,107.96,108.4,106.1,107.8,115.4,114.68,115.4,143.46,177.88,348.48,622.28,583.52,600.47,608.96,584.96,587.88,576.61,575.82,577.87,596.84,387.11,343.92,185.16,143.4,2
2019-09-14,116.28,108.88,115.58,113.44,114.76,112.24,128.1,144.04,249.16,345.48,644.99,611.64,627.93,590.6,578.4,621.0,655.6,612.8,596.4,640.87,521.6,466.9,210.6,150.56,2
2019-09-15,128.48,130.24,126.32,126.32,128.44,128.88,119.92,143.0,185.24,339.72,432.04,412.96,478.4,694.0,566.52,571.4,555.28,578.12,550.88,568.76,493.04,350.52,205.84,149.36,2
2019-09-16,123.23,120.68,121.28,126.86,119.12,122.11,109.6,189.04,234.6,337.22,338.08,320.14,399.94,368.3,326.64,360.0,381.6,382.0,391.2,412.6,378.8,364.2,167.6,167.52,2
2019-09-17,116.2,114.4,111.48,78.6,112.48,119.12,112.62,125.36,232.84,311.92,376.72,394.54,397.64,400.2,361.4,385.8,408.36,416.56,415.56,478.68,450.16,387.48,214.3,177.36,2
2019-09-18,113.6,109.12,108.88,115.84,111.2,115.36,128.9,163.48,227.92,385.4,374.08,359.84,401.12,433.36,410.56,391.4,414.12,412.5,382.6,434.86,406.24,339.32,200.72,140.24,2
2019-09-19,107.2,110.25,122.4,131.0,112.88,105.6,109.56,132.44,177.2,294.84,372.92,389.83,379.43,386.88,374.0,326.72,376.24,351.7,339.16,379.26,345.51,337.54,224.68,151.84,2
2019-09-20,115.2,104.7,115.2,105.2,107.4,107.4,109.0,114.6,200.2,292.18,308.07,310.62,362.7,369.52,369.04,343.0,328.98,347.08,336.6,429.39,387.96,345.44,224.2,185.88,2
2019-09-21,106.6,112.0,104.68,107.56,108.28,113.2,114.0,129.68,171.88,283.32,445.72,844.96,852.64,891.6,785.44,753.4,762.64,352.2,305.6,353.52,374.16,284.04,198.64,148.84,2
2019-09-22,105.88,110.84,102.16,104.92,108.16,113.0,108.2,135.16,223.22,289.88,347.48,430.04,221.6,397.2,406.2,409.37,320.66,307.52,311.79,254.2,353.3,363.13,191.75,144.16,2
2019-09-23,118.84,109.24,105.92,101.44,100.96,102.26,104.72,113.8,176.48,222.72,250.64,231.36,260.4,248.5,282.0,285.28,314.98,289.08,296.64,257.48,348.96,321.28,201.28,137.28,2
2019-09-24,91.2,93.08,97.52,96.32,93.08,95.52,112.04,122.0,168.4,227.47,263.0,262.2,287.6,281.96,308.53,306.2,306.4,320.7,310.76,353.56,352.8,349.32,189.12,143.92,2
2019-09-25,105.08,104.44,106.04,107.52,100.16,106.52,106.82,117.8,167.61,270.8,294.24,321.14,310.32,338.76,340.12,368.52,325.8,331.2,312.2,376.6,319.18,322.64,220.24,164.88,2
2019-09-26,137.32,136.12,137.56,132.76,133.12,132.44,112.4,145.4,280.12,377.76,390.52,408.44,425.0,457.36,423.64,326.64,341.72,320.08,344.08,336.56,331.72,330.48,181.24,138.82,2
2019-09-27,106.58,104.68,103.84,101.48,104.32,102.76,119.16,119.24,187.04,263.12,305.2,323.44,348.58,340.88,318.2,359.32,338.48,317.72,393.23,275.28,397.53,346.51,190.1,134.24,2
2019-09-28,116.4,120.8,114.8,119.6,118.9,116.2,118.7,133.4,193.4,238.8,304.4,341.4,331.4,317.8,345.0,352.2,356.2,345.7,419.2,388.2,400.8,360.0,193.4,128.74,2
2019-09-29,115.76,118.96,115.08,109.11,108.78,106.04,109.64,122.84,173.56,249.24,342.56,331.88,342.05,349.91,345.97,351.2,332.0,301.5,349.3,321.6,340.43,352.4,226.08,152.58,2
2019-09-30,115.84,108.92,121.32,108.86,108.92,111.08,113.68,124.0,173.52,217.98,300.56,270.24,287.92,299.96,238.92,256.44,287.48,274.64,363.44,369.04,361.88,365.2,207.28,146.9,2
2019-10-01,113.72,110.48,111.19,111.44,112.68,111.76,125.58,118.64,134.92923076923077,151.21846153846155,167.5076923076923,183.79692307692306,200.08615384615385,216.37538461538463,232.6646153846154,248.95384615384614,265.24307692307696,281.5323076923077,297.82153846153847,314.1107692307692,330.4,187.4,206.52,160.68,2
2019-10-02,107.88,112.44,114.68,109.88,104.88,106.4,105.66,124.36,165.96,186.38,279.4,282.6,291.24,325.34,304.87,273.6,307.25,304.88,347.68,352.48,337.77,302.4,194.36,149.52,2
2019-10-03,113.8,109.32,106.12,79.8,108.36,112.2,109.2,129.88,165.6,238.48,304.32,305.88,317.56,311.8,327.6,300.63,289.4,316.4,320.0,339.6,342.2,320.4,193.8,156.12,2
2019-10-04,109.4,113.57,110.0,108.8,110.0,111.1,109.34,133.6,164.2,236.2,417.4,518.0,484.1,499.6,552.0,433.2,333.16,340.4,356.2,368.4,324.0,320.4,200.4,149.44,2
2019-10-05,106.72,107.08,107.2,113.78,112.76,107.44,110.48,108.6,166.15,240.52,291.96,300.8,314.6,288.4,258.0,288.0,304.8,312.8,350.8,334.7,304.0,341.3,185.1,136.91,2
2019-10-06,114.12,110.96,104.88,104.12,108.36,108.12,118.2,120.32,163.1,204.62,314.6,329.08,297.38,300.9,285.12,272.88,295.56,287.32,332.24,329.0,301.14,322.28,188.8,160.56,2
2019-10-07,107.96,110.94,98.92,97.38,102.88,100.91,99.6,116.32,159.0,199.88,270.28,273.6,261.4,279.16,253.84,297.32,283.52,284.3,318.4,343.64,204.6,311.88,184.44,141.48,2
2019-10-08,109.16,106.64,104.84,102.44,101.06,104.0,103.8,134.18,165.84,212.4,198.77,220.28,212.52,251.44,229.34,206.04,216.4,278.08,303.44,331.2,344.6,302.12,207.28,141.56,2
2019-10-09,104.52,99.24,105.48,98.16,96.56,68.96,100.8,106.04,166.84,229.68,225.8,240.6,248.4,262.6,309.2,310.5,274.4,317.6,336.6,331.8,340.2,354.4,208.7,148.4,2
2019-10-10,69.52,99.37,97.0,105.76,95.44,97.6,97.08,141.16,174.6,242.4,235.7,243.0,232.2,261.7,254.74,282.05,261.56,276.0,345.0,321.88,346.2,329.64,206.76,160.0,2
2019-10-11,112.6,113.88,115.2,113.56,106.36,110.84,43.0,117.56,174.98,222.72,247.54,289.94,277.78,272.54,237.96,235.54,269.52,303.4,364.2,381.04,359.74,331.6,179.32,134.9,2
2019-10-12,103.92,105.92,101.52,102.84,104.96,104.64,102.72,110.54,170.84,205.04,279.2,314.6,260.2,284.6,287.1,298.1,315.6,283.48,373.72,346.76,334.88,337.52,198.5,152.24,2
2019-10-13,102.32,99.48,104.52,98.52,105.24,95.72,101.98,113.28,173.24,237.4,299.55,298.3,317.31,284.35,324.2,306.76,276.44,296.84,351.2,380.0,363.4,326.2,186.72,136.12,2
2019-10-14,101.78,97.16,100.7,97.56,94.94,101.08,99.56,133.04,183.0,215.8,232.7,240.28,233.04,247.96,235.76,235.2,271.88,321.24,370.6,364.2,314.8,324.4,174.8,134.52,2
2019-10-15,101.04,96.72,99.78,98.88,96.44,95.88,104.98,123.56,183.56,251.68,282.96,265.66,257.85,259.64,261.66,235.24,254.68,268.2,344.28,347.12,309.64,317.22,182.36,146.36,2
2019-10-16,92.3,92.2,96.2,94.26,93.4,99.4,94.4,132.4,243.4,273.73,260.8,221.2,257.9,152.48,270.28,288.08,315.52,295.76,339.02,352.88,302.0,324.48,199.2,157.26,2
2019-10-17,111.96,101.96,106.16,103.44,101.65,104.03,104.91,147.83,177.32,215.64,249.27,264.36,264.04,175.4,235.34,255.73,254.65,284.68,318.8,331.28,325.56,305.32,197.08,167.6,2
2019-10-18,128.72,141.2,130.96,98.44,98.2,66.68,112.52,158.6,236.92,277.08,297.45,227.76,251.92,245.36,254.52,261.36,265.12,294.64,350.05,349.78,340.28,324.2,152.44,185.2,2
2019-10-19,144.12,138.56,138.72,106.08,105.4,109.28,108.52,110.0,215.12,287.12,336.0,329.44,178.88,291.46,301.48,281.74,286.96,287.0,358.84,339.4,356.16,322.64,236.24,192.04,2
2019-10-20,144.96,135.02,134.83,134.84,131.8,133.84,133.44,233.2,272.67,300.67,346.84,308.93,284.55,254.2,257.3,258.0,251.6,279.3,317.0,359.8,358.32,351.3,231.73,166.56,2
2019-10-21,131.28,137.36,140.42,133.5,127.92,133.32,132.11,229.76,279.35,330.8,327.8,335.2,259.4,210.8,235.8,323.8,323.4,346.8,283.84,428.84,410.2,404.16,229.68,189.92,2
2019-10-22,140.6,131.6,107.76,103.8,105.2,104.91,107.44,147.72,268.08,434.64,418.6,346.2,348.6,303.2,331.8,349.64,345.2,363.24,400.52,384.92,424.04,229.88,236.12,166.52,2
2019-10-23,104.88,99.88,100.12,106.96,102.64,100.36,107.1,140.36,315.68,409.78,417.92,405.24,424.52,389.26,588.04,677.28,98.0,809.76,717.72,464.44,436.84,372.36,249.8,165.65,2
2019-10-24,130.06,125.92,125.68,129.12,94.96,97.2,112.74,203.64,383.16,433.6,399.6,358.68,343.44,383.2,383.25,348.4,344.2,385.75,375.52,389.12,246.44,348.16,230.84,195.96,2
2019-10-25,149.44,145.4,89.96,142.0,139.8,143.0,158.12,175.84,257.84,206.6,220.2,256.6,277.12,255.98,263.16,276.56,288.36,282.0,361.04,388.24,364.8,367.68,259.84,205.76,2
2019-10-26,165.4,163.12,161.83,177.52,140.56,107.8,110.08,194.76,298.44,352.32,394.08,405.68,201.56,350.56,318.84,350.52,343.8,395.8,250.04,425.84,382.64,327.48,248.4,175.64,2
2019-10-27,140.36,145.52,140.96,150.6,153.2,138.0,131.4,175.1,287.2,326.0,364.2,380.0,332.2,305.0,275.8,282.4,268.2,273.1,348.2,348.0,340.0,310.6,170.4,131.16,2
2019-10-28,96.4,97.36,96.16,98.04,95.8,94.66,99.58,170.56,244.76,317.78,324.08,297.37,312.8,315.16,244.06,253.12,241.92,260.4,334.4,331.4,350.1,326.8,189.0,137.96,2
2019-10-29,101.56,105.32,100.4,99.4,104.8,100.4,94.0,140.7,228.8,299.0,322.4,303.24,253.28,245.04,239.56,267.12,233.1,261.2,339.8,342.5,351.2,338.0,188.8,133.52,2
2019-10-30,107.6,100.16,97.16,98.28,103.88,97.04,111.24,153.04,239.82,294.84,328.27,252.12,267.8,287.08,318.48,308.88,332.71,313.6,322.68,339.08,343.26,336.88,192.0,136.08,2
2019-10-31,108.28,96.8,98.6,104.7,102.2,101.0,100.0,186.6,206.8,270.15,358.32,369.76,350.34,325.49,224.12,237.23,267.44,298.88,335.97,341.58,353.15,309.97,186.02,158.32,2
2019-11-01,110.88,107.68,97.72,108.92,99.48,97.48,102.12,207.0,245.6,304.9,310.0,259.44,252.48,289.42,245.32,249.82,264.36,286.16,344.08,355.72,312.72,302.04,198.84,101.72,2
2019-11-02,99.6,100.6,100.4,97.4,99.4,113.0,139.4,250.6,253.4,331.7,346.0,290.2,286.6,256.0,224.8,242.21,214.2,273.6,353.4,327.08,308.8,311.48,177.48,135.08,2
2019-11-03,101.44,101.64,106.63,105.52,107.6,100.8,105.8,189.4,233.2,258.9,273.2,273.33,272.2,257.2,281.1,268.5,259.8,332.0,368.0,366.2,321.6,323.2,185.0,150.6,2
2019-11-04,108.4,102.64,107.32,102.16,104.96,113.75,110.0,155.01,235.12,296.55,303.8,266.52,259.23,246.91,149.08,248.12,214.96,279.32,351.21,357.08,352.18,319.22,172.68,135.16,2
2019-11-05,101.84,101.24,100.52,103.0,98.36,103.84,69.88,150.36,233.04,292.24,326.14,250.6,255.56,242.2,227.3,246.88,276.0,266.16,332.46,342.5,366.12,342.2,190.72,151.52,2
2019-11-06,117.68,101.68,105.76,106.48,102.16,97.72,105.32,206.4,257.4,280.8,327.0,266.4,250.4,238.4,279.2,297.4,297.96,305.56,359.44,243.88,336.16,344.23,191.56,141.36,2
2019-11-07,110.0,106.82,101.72,105.96,101.46,105.23,104.24,188.48,240.76,290.92,305.36,273.6,299.2,247.4,244.43,257.6,293.0,335.4,399.0,393.2,315.6,315.6,170.6,129.28,2
2019-11-08,102.52,100.88,112.88,113.32,96.8,102.24,104.2,134.29,249.16,296.28,329.07,324.88,343.48,332.96,275.96,293.64,291.44,275.84,351.88,357.96,371.04,321.76,196.8,127.69,2
2019-11-09,103.63,99.56,106.88,104.6,98.84,113.2,102.0,194.8,236.4,315.2,365.6,357.0,342.63,259.48,291.19,285.26,285.6,325.68,341.96,356.96,348.84,308.0,184.0,145.28,2
2019-11-10,111.68,96.26,98.78,103.16,100.76,99.04,98.72,145.36,228.68,275.68,335.16,350.12,347.84,338.28,363.2,295.72,284.04,296.7,338.24,345.84,351.8,356.6,188.28,145.92,2
2019-11-11,110.72,98.0,96.64,97.72,98.48,95.32,66.4,135.2,237.84,277.44,278.72,294.48,233.56,264.72,226.76,233.8,249.02,285.2,337.96,328.6,336.28,310.68,201.74,150.92,2
2019-11-12,103.24,96.4,98.8,100.28,65.52,96.07,96.28,149.44,225.84,292.34,316.0,338.6,328.16,311.24,275.19,253.66,280.48,286.63,324.12,341.68,317.0,314.12,180.4,143.76,2
2019-11-13,114.08,98.0,68.48,100.32,97.64,101.96,100.2,181.72,222.44,290.32,321.16,334.32,335.72,353.4,300.92,310.0,323.5,328.28,344.48,345.38,339.4,327.92,178.6,134.72,2
2019-11-14,97.04,113.0,110.8,101.24,97.72,68.16,122.04,189.08,247.65,311.72,370.24,352.07,359.0,335.43,330.16,260.26,285.08,285.57,404.12,412.52,443.41,316.0,222.12,143.94,2
2019-11-15,110.0,110.4,110.36,98.14,95.2,96.4,112.24,201.84,338.68,401.2,434.0,457.2,451.9,361.8,383.6,392.8,386.4,422.17,441.9,469.58,443.93,267.5,186.8,143.64,2
2019-11-16,117.0,108.6,94.76,98.48,95.96,97.88,95.66,223.8,391.0,408.52,449.68,465.89,462.34,449.6,458.96,396.9,400.04,456.6,476.1,470.67,380.4,289.1,169.4,99.76,2
2019-11-17,98.4,98.64,98.88,100.08,98.72,101.14,122.2,204.68,345.96,408.72,442.28,445.64,414.52,339.12,366.2,318.84,280.71,291.21,357.3,320.78,322.16,303.0,182.36,142.04,2
2019-11-18,113.36,97.18,103.31,104.92,103.2,108.7,111.0,152.88,233.32,285.16,315.4,288.13,314.76,325.68,305.98,310.6,325.68,387.72,432.8,414.36,263.12,321.52,206.56,154.8,2
2019-11-19,112.64,108.92,112.08,115.52,110.78,120.2,187.08,199.08,197.08,325.28,349.08,348.24,359.4,351.96,308.16,313.72,357.88,284.24,467.92,431.97,430.44,381.32,199.2,140.08,2
2019-11-20,115.28,102.24,108.48,79.64,111.84,106.08,142.48,203.2,238.12,297.59,351.76,347.96,374.76,349.2,385.0,389.57,375.68,430.46,441.6,326.84,451.59,396.72,218.63,185.6,2
2019-11-21,139.99,155.08,127.2,129.6,124.92,128.08,179.04,177.42,229.94,333.16,345.08,368.72,379.88,335.64,334.8,328.28,310.16,377.44,451.84,467.66,422.86,384.88,250.36,192.38,2
2019-11-22,174.42,162.8,181.8,143.0,134.84,128.2,158.42,203.8,253.66,304.88,345.15,354.88,348.84,379.28,381.04,326.76,319.72,387.32,455.84,448.8,443.43,426.64,262.72,195.16,2
2019-11-23,133.18,138.92,135.8,142.44,134.32,141.48,215.52,240.4,341.0,370.8,392.58,393.56,393.24,369.02,358.08,374.24,304.12,333.6,343.89,348.06,341.68,312.92,210.1,160.0,2
2019-11-24,123.4,122.0,120.6,117.0,114.2,118.4,141.2,192.2,312.25,405.6,435.0,370.56,304.52,331.12,372.48,379.0,300.88,405.07,422.36,425.06,395.16,366.44,194.08,151.56,2
2019-11-25,129.82,129.32,130.48,118.92,106.96,103.12,165.92,180.28,283.38,303.32,334.8,363.44,381.28,346.0,254.44,354.48,346.56,411.12,433.62,426.76,443.24,375.12,203.66,149.8,2
2019-11-26,118.68,116.32,111.2,109.74,106.2,108.0,139.64,191.84,269.74,235.32,356.84,356.76,358.64,367.52,393.88,383.84,375.8,428.33,442.45,426.67,405.88,425.99,211.61,147.44,2
2019-11-27,117.24,123.2,107.62,105.04,109.18,108.0,133.08,179.4,247.28,338.8,459.04,400.77,434.28,447.84,464.52,474.65,471.67,498.07,480.2,469.6,447.4,434.0,228.6,175.4,2
2019-11-28,133.88,141.12,126.44,127.4,121.2,131.8,160.17,199.26,253.01,367.44,413.52,462.11,445.2,472.52,409.41,401.1,387.43,429.8,454.8,438.52,413.36,367.16,250.84,171.76,2
2019-11-29,145.16,137.44,134.52,128.24,130.16,126.36,160.32,200.04,272.16,388.36,464.12,504.0,455.4,473.0,462.48,491.4,499.28,548.6,519.24,514.04,479.72,310.76,276.56,220.6,2
2019-11-30,147.52,148.14,151.56,143.54,147.08,166.48,218.88,342.44,408.28,464.39,547.1,537.44,542.08,526.28,525.13,517.72,520.68,523.36,478.42,490.25,468.04,390.88,277.86,201.2,2
2019-12-01,174.6,170.68,163.56,167.04,159.56,226.72,242.04,236.92,283.08,383.04,517.16,522.24,504.68,492.96,489.52,477.96,477.64,502.88,521.92,478.09,459.08,365.84,209.08,196.07,2
2019-12-02,131.12,121.12,126.36,112.48,117.7,173.82,149.32,224.06,282.64,354.28,364.0,357.94,332.78,343.4,357.64,357.0,347.76,416.08,404.32,408.44,397.04,373.89,210.0,153.2,2
2019-12-03,121.84,121.44,134.2,116.7,119.4,182.04,185.16,195.44,238.2,326.16,343.26,321.02,323.24,338.96,322.24,342.12,355.28,417.0,427.76,401.0,399.28,348.88,203.72,161.44,2
2019-12-04,123.3,114.96,117.44,114.7,114.2,167.2,170.7,199.0,238.8,229.2,401.75,393.6,385.07,395.52,428.36,416.24,432.44,512.96,472.94,449.22,438.32,415.2,209.6,166.2,2
2019-12-05,142.92,126.72,147.24,130.2,136.44,127.76,190.36,202.92,272.02,360.52,421.75,432.0,416.6,417.1,397.0,446.43,438.82,486.22,461.28,458.5,442.52,404.4,212.4,171.16,2
2019-12-06,141.84,152.04,144.72,160.4,147.32,124.4,196.48,191.0,296.44,332.84,357.1,387.86,406.12,422.64,426.52,404.18,405.18,504.96,478.64,463.36,492.44,387.0,254.48,181.94,2
2019-12-07,147.93,119.82,114.24,120.84,121.2,153.08,182.28,205.28,268.12,365.76,533.92,653.48,655.56,581.64,596.48,595.88,433.68,509.92,507.64,471.21,468.01,381.96,231.32,202.28,2
2019-12-08,131.08,121.48,122.92,122.2,117.5,165.08,184.56,204.4,279.0,416.2,609.56,612.2,618.38,598.32,623.95,611.78,444.16,480.52,490.24,487.04,445.55,402.24,256.24,207.6,2
2019-12-09,181.24,177.64,178.84,178.84,161.68,215.04,222.52,207.32,286.4,326.4,325.84,328.64,312.76,293.32,289.84,288.0,291.4,361.2,379.0,391.52,387.0,333.24,195.16,140.68,2
2019-12-10,107.84,126.6,134.96,112.92,112.52,187.44,184.12,183.64,241.04,309.24,329.68,340.64,310.4,325.64,292.22,325.92,313.48,404.12,428.16,424.48,399.04,394.24,185.38,145.36,2
2019-12-11,114.88,125.72,132.4,123.4,103.92,185.16,185.14,183.88,242.68,272.56,344.24,365.48,371.52,388.84,384.8,400.6,401.96,466.08,463.04,432.44,425.56,405.75,212.96,169.04,2
2019-12-12,123.28,119.24,121.68,121.76,117.32,103.96,190.24,186.24,242.32,283.8,371.32,377.76,351.32,369.91,334.72,365.17,387.13,423.15,421.28,300.36,415.68,377.64,202.52,150.6,2
2019-12-13,116.96,123.96,125.6,120.87,120.56,105.04,175.2,196.2,238.42,301.32,241.84,386.44,371.1,377.68,353.72,384.08,367.46,450.64,445.64,473.8,441.44,397.28,180.04,139.0,2
2019-12-14,99.2,100.76,105.4,104.76,124.18,162.16,174.16,180.9,221.36,267.28,414.36,445.2,437.08,408.47,392.44,416.68,403.68,271.97,451.4,464.64,451.16,387.73,194.93,164.28,2
2019-12-15,140.14,133.68,128.04,128.88,127.84,122.8,141.48,194.0,228.0,293.72,373.24,385.78,388.78,351.44,360.76,382.4,363.32,420.84,422.38,409.4,380.72,302.04,158.28,135.84,2
2019-12-16,99.36,100.6,98.88,103.76,72.44,145.4,164.2,170.76,222.82,270.76,294.64,211.12,223.83,203.84,227.62,234.4,229.08,304.56,333.0,388.68,408.75,363.08,206.32,174.8,2
2019-12-17,144.92,139.6,138.16,139.0,140.8,176.8,184.1,184.8,248.4,325.2,362.0,346.6,341.8,356.1,354.27,384.8,401.2,462.6,453.4,480.6,401.0,386.6,179.6,148.08,2
2019-12-18,112.44,113.96,112.56,120.36,119.36,181.18,180.84,186.56,241.36,411.42,459.6,471.76,491.0,469.68,528.24,529.12,504.56,548.0,516.16,502.0,426.0,341.48,228.4,177.4,2
2019-12-19,130.24,131.38,129.44,128.84,107.32,123.52,173.32,200.04,250.6,317.24,396.12,388.68,403.84,392.16,386.36,425.12,425.88,472.52,467.76,408.7,432.31,360.62,231.12,178.64,2
2019-12-20,78.4,117.16,113.58,112.68,111.68,117.74,182.16,193.44,281.36,352.4,428.28,569.56,566.8,592.64,592.94,629.4,627.8,658.2,508.2,519.4,477.0,341.2,195.0,155.8,2
2019-12-21,123.16,131.68,124.0,112.24,110.12,109.64,178.32,200.48,416.84,482.16,590.16,626.44,616.2,604.04,588.84,586.86,584.84,496.48,442.68,463.52,452.52,270.26,195.88,159.0,2
2019-12-22,118.4,113.2,114.34,116.06,116.92,136.28,179.16,204.56,435.84,526.36,618.24,641.32,583.49,619.2,622.84,617.24,595.82,491.72,468.72,399.32,399.92,379.48,177.53,145.59,2
2019-12-23,114.2,111.2,114.6,115.4,120.8,184.8,182.0,186.0,218.2,257.8,312.4,299.8,312.4,303.8,266.8,255.6,281.0,379.8,376.1,390.3,401.2,358.6,183.0,148.24,2
2019-12-24,108.68,97.94,101.88,106.76,103.36,129.8,168.0,176.26,221.28,282.94,283.8,298.72,340.72,362.04,344.16,344.8,325.4,374.2,406.8,387.2,442.48,435.92,201.28,170.88,2
2019-12-25,126.88,120.58,115.72,117.64,77.44,178.58,181.21,203.6,248.63,296.05,354.72,357.32,345.42,373.06,386.44,377.46,412.36,433.6,411.28,454.76,442.58,404.84,174.11,145.4,2
2019-12-26,116.64,119.64,118.68,120.76,119.16,148.12,184.44,174.32,232.36,319.66,368.84,375.88,377.18,379.94,360.48,394.44,413.12,446.14,455.72,419.44,388.4,368.14,193.84,166.04,2
2019-12-27,126.6,151.68,135.92,128.48,133.28,182.08,178.36,186.36,228.2,278.0,389.6,381.0,409.8,373.0,370.4,401.8,379.52,453.64,496.76,563.48,537.92,412.64,209.6,151.52,2
2019-12-28,125.24,126.28,127.72,126.84,128.92,160.28,193.52,199.8,229.52,281.68,429.76,419.24,435.56,370.4,386.72,401.08,412.24,488.84,455.93,460.4,265.5,215.82,125.76,92.4,2
2019-12-29,85.08,82.2,93.24,78.24,72.54,71.88,69.96,68.76,94.92,156.72,294.96,289.68,282.6,241.44,270.12,287.4,276.51,354.6,316.08,285.0,251.52,247.32,162.0,105.12,0
2019-12-30,80.04,73.92,83.28,74.4,82.32,74.64,73.68,76.44,98.64,150.36,182.88,224.16,254.94,213.96,157.84,172.36,183.525,194.69,205.85500000000002,217.02,203.4,205.68,139.44,100.32,0
2019-12-31,89.28,101.88,93.36,100.8,97.68,95.76,83.52,110.52,131.4,160.44,191.64,210.36,223.92,210.96,221.76,208.68,248.52,432.76,428.88,389.68,415.93,460.84,270.0,179.08,2
2020-01-01,149.32,149.32,149.32,149.32,149.32,149.32,149.32,149.32,149.32,149.32,149.32,149.32,149.32,149.32,149.32,149.32,149.32,149.32,149.32,149.32,149.32,149.32,149.32,149.32,2
