,total_load,peak_load,valley_load,load_range,load_std,time_of_peak,time_of_valley,day_of_week,is_weekend
1970-01-01 00:00:00.000000000,5995.08,349.68,182.64,167.04000000000002,65.89047493345697,08:00:00,01:00:00,3,False
1970-01-01 00:00:00.000000001,5033.5199999999995,253.32,173.64,79.68,28.79452665381724,09:00:00,04:00:00,3,False
1970-01-01 00:00:00.000000002,5133.120000000001,264.72,166.08,98.64000000000001,33.80180391378671,14:00:00,23:00:00,3,False
1970-01-01 00:00:00.000000003,11778.119999999999,960.36,166.2,794.1600000000001,313.9204463748322,09:00:00,05:00:00,3,False
1970-01-01 00:00:00.000000004,11624.880000000001,930.72,171.48,759.24,306.0446288001005,11:00:00,01:00:00,3,False
1970-01-01 00:00:00.000000005,11716.679999999997,900.0,179.28,720.72,302.3157014576419,09:00:00,02:00:00,3,False
1970-01-01 00:00:00.000000006,11684.16,943.32,175.92,767.4000000000001,299.7161899269838,09:00:00,05:00:00,3,False
1970-01-01 00:00:00.000000007,11480.16,885.84,176.28,709.5600000000001,290.08243577960053,09:00:00,23:00:00,3,False
1970-01-01 00:00:00.000000008,6069.96,373.8,169.92,203.88000000000002,74.88595137302777,09:00:00,22:00:00,3,False
1970-01-01 00:00:00.000000009,4809.12,290.04,57.0,233.04000000000002,67.59601326036656,15:00:00,21:00:00,3,False
1970-01-01 00:00:00.000000010,17065.079999999998,904.68,170.16,734.52,282.43323423421685,12:00:00,23:00:00,3,False
1970-01-01 00:00:00.000000011,11883.84,964.68,163.44,801.24,323.2268992250005,09:00:00,03:00:00,3,False
1970-01-01 00:00:00.000000012,11976.0,923.04,163.8,759.24,315.62374848654156,11:00:00,02:00:00,3,False
1970-01-01 00:00:00.000000013,11531.64,942.96,165.84,777.12,287.63206166151264,11:00:00,04:00:00,3,False
1970-01-01 00:00:00.000000014,11661.719999999998,919.92,166.8,753.1199999999999,294.44457951997634,11:00:00,23:00:00,3,False
1970-01-01 00:00:00.000000015,6099.3600000000015,351.12,168.6,182.52,68.99727026736512,10:00:00,01:00:00,3,False
1970-01-01 00:00:00.000000016,5739.719999999999,294.24,172.92,121.32000000000002,40.842583595833034,13:00:00,01:00:00,3,False
1970-01-01 00:00:00.000000017,16473.000000000004,975.0,192.0,783.0,234.24625698833157,11:00:00,23:00:00,3,False
1970-01-01 00:00:00.000000018,12141.240000000002,986.88,170.52,816.36,312.0634259527882,09:00:00,23:00:00,3,False
1970-01-01 00:00:00.000000019,12055.560000000001,946.2,168.0,778.2,338.98003107788696,14:00:00,03:00:00,3,False
1970-01-01 00:00:00.000000020,12222.840000000004,985.8,162.6,823.1999999999999,341.66588984994763,09:00:00,03:00:00,3,False
1970-01-01 00:00:00.000000021,12603.719999999998,975.12,163.08,812.04,339.2740063468003,10:00:00,22:00:00,3,False
1970-01-01 00:00:00.000000022,6511.8,429.6,157.68,271.92,106.22362584169551,15:00:00,02:00:00,3,False
1970-01-01 00:00:00.000000023,5089.200000000001,257.16,162.24,94.92000000000002,33.35098877355682,14:00:00,22:00:00,3,False
1970-01-01 00:00:00.000000024,12764.04,1006.8,162.96,843.8399999999999,349.49420592323565,11:00:00,05:00:00,3,False
1970-01-01 00:00:00.000000025,11423.52,931.08,162.0,769.08,309.99014649136694,09:00:00,02:00:00,3,False
1970-01-01 00:00:00.000000026,12407.64,963.36,165.72,797.64,327.6130202461169,09:00:00,02:00:00,3,False
1970-01-01 00:00:00.000000027,11901.960000000001,911.76,168.0,743.76,313.4118280418302,11:00:00,04:00:00,3,False
1970-01-01 00:00:00.000000028,12206.279999999999,963.24,175.2,788.04,333.4984508796562,11:00:00,23:00:00,3,False
1970-01-01 00:00:00.000000029,6124.08,392.88,168.84,224.04,81.89506180366486,14:00:00,22:00:00,3,False
1970-01-01 00:00:00.000000030,4865.4,250.92,147.96,102.95999999999998,33.103016675878315,10:00:00,23:00:00,3,False
1970-01-01 00:00:00.000000031,12267.96,970.2,150.84,819.36,335.3890535275219,09:00:00,04:00:00,3,False
1970-01-01 00:00:00.000000032,11925.359999999999,942.96,160.08,782.88,329.766319001541,11:00:00,01:00:00,3,False
1970-01-01 00:00:00.000000033,11031.839999999998,901.32,153.84,747.48,296.7991805918608,11:00:00,02:00:00,3,False
1970-01-01 00:00:00.000000034,11061.000000000002,892.08,156.12,735.96,288.8658458749381,11:00:00,01:00:00,3,False
1970-01-01 00:00:00.000000035,10484.159999999998,850.2,147.48,702.72,269.71867237194937,09:00:00,22:00:00,3,False
1970-01-01 00:00:00.000000036,8785.080000000002,743.16,146.16,597.0,225.97804350827116,09:00:00,02:00:00,3,False
1970-01-01 00:00:00.000000037,4051.7999999999997,201.84,136.56,65.28,15.905647069379233,06:00:00,22:00:00,3,False
1970-01-01 00:00:00.000000038,4583.879999999999,279.84,133.68,146.15999999999997,49.925528278757774,10:00:00,22:00:00,3,False
1970-01-01 00:00:00.000000039,4548.0,261.96,131.16,130.79999999999998,50.83783322444537,09:00:00,01:00:00,3,False
1970-01-01 00:00:00.000000040,4562.5199999999995,269.52,132.12,137.39999999999998,50.167613058625776,08:00:00,22:00:00,3,False
1970-01-01 00:00:00.000000041,4410.24,245.04,133.2,111.84,44.42534176913383,11:00:00,04:00:00,3,False
1970-01-01 00:00:00.000000042,4604.519999999999,266.88,133.32,133.56,47.08900702508703,11:00:00,02:00:00,3,False
1970-01-01 00:00:00.000000043,7612.32,548.16,138.84,409.31999999999994,176.37375019123942,12:00:00,22:00:00,3,False
1970-01-01 00:00:00.000000044,10064.039999999997,853.92,139.56,714.3599999999999,286.65840778969266,09:00:00,05:00:00,3,False
1970-01-01 00:00:00.000000045,10888.44,930.48,141.48,789.0,311.9045582699381,11:00:00,03:00:00,3,False
1970-01-01 00:00:00.000000046,11040.480000000001,923.76,143.52,780.24,310.7423777371525,09:00:00,03:00:00,3,False
1970-01-01 00:00:00.000000047,10983.72,917.28,137.64,779.64,314.7876063661642,09:00:00,22:00:00,3,False
1970-01-01 00:00:00.000000048,10484.4,863.04,136.92,726.12,296.44272443351554,11:00:00,04:00:00,3,False
1970-01-01 00:00:00.000000049,10998.960000000001,931.32,142.44,788.8800000000001,317.9904666331449,11:00:00,23:00:00,3,False
1970-01-01 00:00:00.000000050,5060.52,306.24,138.84,167.4,57.293721713867455,10:00:00,04:00:00,3,False
1970-01-01 00:00:00.000000051,4637.639999999999,239.88,147.12,92.75999999999999,32.79207181489213,14:00:00,22:00:00,3,False
1970-01-01 00:00:00.000000052,11734.32,982.08,145.32,836.76,348.82360156488215,10:00:00,03:00:00,3,False
1970-01-01 00:00:00.000000053,11422.32,955.2,144.72,810.48,324.74247279156856,10:00:00,03:00:00,3,False
1970-01-01 00:00:00.000000054,11067.6,931.08,146.04,785.0400000000001,314.5674096278889,10:00:00,02:00:00,3,False
1970-01-01 00:00:00.000000055,11032.200000000003,909.84,140.64,769.2,309.94641047319357,09:00:00,05:00:00,3,False
1970-01-01 00:00:00.000000056,10971.12,906.12,148.08,758.04,287.60564068968074,09:00:00,05:00:00,3,False
1970-01-01 00:00:00.000000057,4815.96,278.04,138.36,139.68,44.16592558306343,10:00:00,05:00:00,3,False
1970-01-01 00:00:00.000000058,4669.080000000001,242.28,149.64,92.64000000000001,31.621546451747104,14:00:00,23:00:00,3,False
1970-01-01 00:00:00.000000059,10675.56,853.08,141.72,711.36,296.59590212361627,12:00:00,04:00:00,3,False
1970-01-01 00:00:00.000000060,10834.079999999998,897.48,150.96,746.52,291.91248885209774,11:00:00,02:00:00,3,False
1970-01-01 00:00:00.000000061,10827.720000000001,921.36,148.2,773.1600000000001,300.40883963431367,10:00:00,02:00:00,3,False
1970-01-01 00:00:00.000000062,10408.079999999998,826.32,141.0,685.32,275.31468850090044,11:00:00,02:00:00,3,False
1970-01-01 00:00:00.000000063,10415.880000000001,796.32,144.12,652.2,265.0861628094599,12:00:00,23:00:00,3,False
1970-01-01 00:00:00.000000064,4881.240000000001,275.88,133.56,142.32,47.10832632025523,09:00:00,03:00:00,3,False
1970-01-01 00:00:00.000000065,4615.56,261.6,150.0,111.60000000000002,30.22649413719836,11:00:00,04:00:00,3,False
1970-01-01 00:00:00.000000066,10921.2,849.84,143.04,706.8000000000001,294.4152132765826,11:00:00,03:00:00,3,False
1970-01-01 00:00:00.000000067,11920.079999999996,974.4,154.56,819.8399999999999,314.29118445493657,11:00:00,01:00:00,3,False
1970-01-01 00:00:00.000000068,11618.520000000004,957.84,150.36,807.48,316.6985805627092,12:00:00,23:00:00,3,False
1970-01-01 00:00:00.000000069,11717.760000000004,965.28,139.68,825.5999999999999,332.0627509058046,12:00:00,05:00:00,3,False
1970-01-01 00:00:00.000000070,11509.919999999996,936.24,147.0,789.24,311.131564622344,10:00:00,22:00:00,3,False
1970-01-01 00:00:00.000000071,4763.4,269.4,143.64,125.75999999999999,40.679091627667574,09:00:00,03:00:00,3,False
1970-01-01 00:00:00.000000072,4811.160000000001,254.64,146.16,108.47999999999999,39.88659892636928,16:00:00,04:00:00,3,False
1970-01-01 00:00:00.000000073,11634.960000000001,989.64,152.16,837.48,326.5495071594612,11:00:00,02:00:00,3,False
1970-01-01 00:00:00.000000074,11891.04,919.08,146.52,772.5600000000001,326.7521789288981,10:00:00,05:00:00,3,False
1970-01-01 00:00:00.000000075,11239.920000000002,945.84,166.44,779.4000000000001,301.461031355774,09:00:00,05:00:00,3,False
1970-01-01 00:00:00.000000076,11067.119999999999,895.2,159.48,735.72,295.73445415425147,11:00:00,03:00:00,3,False
1970-01-01 00:00:00.000000077,10887.119999999999,887.88,154.32,733.56,292.239580392229,10:00:00,04:00:00,3,False
1970-01-01 00:00:00.000000078,5760.359999999998,352.08,155.88,196.2,69.81111291876475,12:00:00,02:00:00,3,False
1970-01-01 00:00:00.000000079,4601.04,231.24,149.16,82.08000000000001,26.403128273155357,10:00:00,01:00:00,3,False
1970-01-01 00:00:00.000000080,10922.159999999998,914.88,158.28,756.6,292.3002925819238,10:00:00,03:00:00,3,False
1970-01-01 00:00:00.000000081,10847.039999999997,881.28,151.92,729.36,287.3012145739244,11:00:00,23:00:00,3,False
1970-01-01 00:00:00.000000082,11085.960000000001,904.2,151.32,752.8800000000001,299.9641887756371,11:00:00,02:00:00,3,False
1970-01-01 00:00:00.000000083,11162.760000000004,889.2,150.96,738.24,297.5553952810629,12:00:00,05:00:00,3,False
1970-01-01 00:00:00.000000084,10814.040000000003,897.6,162.12,735.48,290.0978254943007,11:00:00,05:00:00,3,False
1970-01-01 00:00:00.000000085,4989.84,266.04,159.36,106.68,36.98753209440693,14:00:00,02:00:00,3,False
1970-01-01 00:00:00.000000086,5130.360000000001,335.16,157.32,177.84000000000003,50.258345186342595,18:00:00,02:00:00,3,False
1970-01-01 00:00:00.000000087,11010.359999999999,869.64,161.88,707.76,291.6129604831362,09:00:00,23:00:00,3,False
1970-01-01 00:00:00.000000088,11174.640000000001,877.44,157.08,720.36,298.14994540973186,12:00:00,01:00:00,3,False
1970-01-01 00:00:00.000000089,10871.039999999999,873.12,158.64,714.48,293.9103550996164,11:00:00,23:00:00,3,False
1970-01-01 00:00:00.000000090,10968.36,923.52,155.28,768.24,295.8149585687706,12:00:00,05:00:00,3,False
1970-01-01 00:00:00.000000091,10490.04,855.96,157.32,698.6400000000001,275.27579196776145,12:00:00,23:00:00,3,False
1970-01-01 00:00:00.000000092,4858.68,242.64,154.08,88.55999999999997,31.637035671613685,11:00:00,02:00:00,3,False
1970-01-01 00:00:00.000000093,4664.280000000001,258.96,97.08,161.88,43.6425589055693,18:00:00,22:00:00,3,False
1970-01-01 00:00:00.000000094,3484.56,232.8,84.96,147.84000000000003,59.540949153393214,08:00:00,04:00:00,3,False
1970-01-01 00:00:00.000000095,6094.080000000001,669.36,89.52,579.84,140.52382499528096,17:00:00,02:00:00,3,False
1970-01-01 00:00:00.000000096,11568.120000000003,981.0,159.6,821.4,322.6258792956702,09:00:00,03:00:00,3,False
1970-01-01 00:00:00.000000097,12491.82,887.64,173.64,714.0,249.70477737851186,13:00:00,23:00:00,3,False
1970-01-01 00:00:00.000000098,10589.880000000001,838.08,164.64,673.44,285.24166591490985,09:00:00,01:00:00,3,False
1970-01-01 00:00:00.000000099,5323.560000000001,290.76,153.84,136.92,47.11173739101541,10:00:00,23:00:00,3,False
1970-01-01 00:00:00.000000100,4606.2,241.92,154.32,87.6,30.095156478713662,15:00:00,03:00:00,3,False
1970-01-01 00:00:00.000000101,11088.240000000002,875.64,154.2,721.44,301.10444404904916,12:00:00,04:00:00,3,False
1970-01-01 00:00:00.000000102,11228.04,864.6,185.16,679.44,287.0186188325101,11:00:00,02:00:00,3,False
1970-01-01 00:00:00.000000103,11677.319999999998,932.88,174.48,758.4,307.57929806799416,11:00:00,04:00:00,3,False
1970-01-01 00:00:00.000000104,12161.999999999998,915.6,190.08,725.52,311.9917020635673,11:00:00,02:00:00,3,False
1970-01-01 00:00:00.000000105,12142.2,951.12,185.4,765.72,316.44314581048326,12:00:00,05:00:00,3,False
1970-01-01 00:00:00.000000106,5366.039999999999,300.48,180.48,120.00000000000003,32.69770434702133,09:00:00,23:00:00,3,False
1970-01-01 00:00:00.000000107,5027.280000000002,239.64,177.24,62.39999999999998,20.751807883526254,18:00:00,03:00:00,3,False
1970-01-01 00:00:00.000000108,11503.2,913.32,173.52,739.8000000000001,302.0388768526906,15:00:00,03:00:00,3,False
1970-01-01 00:00:00.000000109,11468.880000000001,911.76,179.52,732.24,300.62985688745874,11:00:00,02:00:00,3,False
1970-01-01 00:00:00.000000110,11688.720000000001,945.72,182.52,763.2,324.3376692919573,14:00:00,02:00:00,3,False
1970-01-01 00:00:00.000000111,11635.919999999996,922.08,171.12,750.96,321.74124396720606,11:00:00,22:00:00,3,False
1970-01-01 00:00:00.000000112,11660.880000000003,976.44,166.92,809.5200000000001,334.01621939269853,11:00:00,01:00:00,3,False
1970-01-01 00:00:00.000000113,5156.76,284.4,148.08,136.31999999999996,43.94086431241128,09:00:00,23:00:00,3,False
1970-01-01 00:00:00.000000114,4211.52,231.48,139.56,91.91999999999999,25.524609097206906,18:00:00,04:00:00,3,False
1970-01-01 00:00:00.000000115,10244.159999999998,818.52,146.4,672.12,283.0191751377496,12:00:00,05:00:00,3,False
1970-01-01 00:00:00.000000116,10091.64,778.92,149.88,629.04,265.6560716906108,11:00:00,23:00:00,3,False
1970-01-01 00:00:00.000000117,9737.4,774.84,138.84,636.0,260.2874109935767,13:00:00,04:00:00,3,False
1970-01-01 00:00:00.000000118,10213.32,817.92,144.0,673.92,275.94008758991583,11:00:00,05:00:00,3,False
1970-01-01 00:00:00.000000119,8462.4,780.36,154.32,626.04,216.0897653519367,16:00:00,23:00:00,3,False
1970-01-01 00:00:00.000000120,4382.04,224.04,145.08,78.95999999999998,29.238144977736372,11:00:00,00:00:00,3,False
1970-01-01 00:00:00.000000121,4056.96,202.56,137.76,64.80000000000001,19.482165757653732,06:00:00,01:00:00,3,False
1970-01-01 00:00:00.000000122,4934.999999999999,301.56,141.6,159.96,56.625827031104116,14:00:00,03:00:00,3,False
1970-01-01 00:00:00.000000123,10527.12,867.6,142.56,725.04,292.6815631810227,11:00:00,03:00:00,3,False
1970-01-01 00:00:00.000000124,11218.919999999998,880.8,150.24,730.56,304.55718978900154,11:00:00,04:00:00,3,False
1970-01-01 00:00:00.000000125,11323.92,894.0,164.76,729.24,296.498157131893,12:00:00,22:00:00,3,False
1970-01-01 00:00:00.000000126,11812.120000000003,1018.32,148.56,869.76,352.57606113299573,11:00:00,05:00:00,3,False
1970-01-01 00:00:00.000000127,5248.799999999999,313.32,146.64,166.68,54.35323309450954,13:00:00,00:00:00,3,False
1970-01-01 00:00:00.000000128,4660.079999999999,238.68,159.12,79.56,25.089020636958697,15:00:00,05:00:00,3,False
1970-01-01 00:00:00.000000129,10657.2,839.28,155.76,683.52,290.67344994744155,09:00:00,04:00:00,3,False
1970-01-01 00:00:00.000000130,10577.519999999997,813.96,157.44,656.52,266.5007782352614,11:00:00,03:00:00,3,False
1970-01-01 00:00:00.000000131,10908.839999999998,802.08,159.72,642.36,282.1822944095906,11:00:00,23:00:00,3,False
1970-01-01 00:00:00.000000132,10321.560000000001,811.68,154.44,657.24,282.4715583220186,14:00:00,23:00:00,3,False
1970-01-01 00:00:00.000000133,10265.64,814.32,148.56,665.76,275.88885848251033,12:00:00,03:00:00,3,False
1970-01-01 00:00:00.000000134,4641.840000000001,232.08,153.36,78.72,26.955017601794356,09:00:00,04:00:00,3,False
1970-01-01 00:00:00.000000135,4547.28,224.16,148.44,75.72,24.22105803167799,14:00:00,04:00:00,3,False
1970-01-01 00:00:00.000000136,10395.239999999998,805.44,156.96,648.48,268.956559948127,14:00:00,04:00:00,3,False
1970-01-01 00:00:00.000000137,10274.039999999997,776.28,146.52,629.76,263.23759116053316,12:00:00,04:00:00,3,False
1970-01-01 00:00:00.000000138,10152.48,784.92,159.72,625.1999999999999,255.19376576820315,11:00:00,02:00:00,3,False
1970-01-01 00:00:00.000000139,10409.639999999998,840.48,151.68,688.8,277.1587614252572,11:00:00,04:00:00,3,False
1970-01-01 00:00:00.000000140,10461.480000000005,829.8,151.56,678.24,273.4103942078091,09:00:00,01:00:00,3,False
1970-01-01 00:00:00.000000141,5569.32,313.56,165.84,147.72,56.51791166639506,14:00:00,02:00:00,3,False
1970-01-01 00:00:00.000000142,4778.879999999999,260.28,162.48,97.79999999999998,30.557067922168184,06:00:00,02:00:00,3,False
1970-01-01 00:00:00.000000143,10055.76,795.12,149.4,645.72,259.7460044300803,12:00:00,05:00:00,3,False
1970-01-01 00:00:00.000000144,10185.48,779.28,163.92,615.36,256.8639143847253,12:00:00,03:00:00,3,False
1970-01-01 00:00:00.000000145,11039.519999999999,845.04,169.2,675.8399999999999,288.58133646603295,15:00:00,03:00:00,3,False
1970-01-01 00:00:00.000000146,11118.720000000003,906.6,162.36,744.24,304.363105574218,12:00:00,05:00:00,3,False
1970-01-01 00:00:00.000000147,11573.4,864.36,161.28,703.08,287.52039844459586,10:00:00,05:00:00,3,False
1970-01-01 00:00:00.000000148,6150.959999999999,315.0,198.84,116.16,37.63266897142752,14:00:00,04:00:00,3,False
1970-01-01 00:00:00.000000149,5238.48,266.4,165.24,101.15999999999997,25.074642656433326,10:00:00,22:00:00,3,False
1970-01-01 00:00:00.000000150,10977.840000000002,868.56,156.12,712.4399999999999,291.1239425877337,11:00:00,05:00:00,3,False
1970-01-01 00:00:00.000000151,11511.119999999999,890.28,176.04,714.24,299.6440105249532,12:00:00,04:00:00,3,False
1970-01-01 00:00:00.000000152,10448.16,841.8,176.64,665.16,264.1271946553814,11:00:00,22:00:00,3,False
1970-01-01 00:00:00.000000153,10461.720000000001,803.64,171.48,632.16,259.72487431728683,12:00:00,02:00:00,3,False
1970-01-01 00:00:00.000000154,10609.92,780.48,174.6,605.88,246.52192099372175,11:00:00,03:00:00,3,False
1970-01-01 00:00:00.000000155,5974.68,321.0,187.2,133.8,49.880941816707306,16:00:00,05:00:00,3,False
1970-01-01 00:00:00.000000156,5416.199999999999,283.8,181.56,102.24000000000001,31.931056846029197,10:00:00,03:00:00,3,False
1970-01-01 00:00:00.000000157,11160.839999999997,870.24,180.72,689.52,288.32865265028795,11:00:00,03:00:00,3,False
1970-01-01 00:00:00.000000158,10850.640000000003,847.8,171.6,676.1999999999999,283.3798609026714,11:00:00,05:00:00,3,False
1970-01-01 00:00:00.000000159,11213.64,915.24,174.72,740.52,294.19420768394235,12:00:00,04:00:00,3,False
1970-01-01 00:00:00.000000160,5853.719999999999,347.52,161.28,186.23999999999998,63.289080657209595,14:00:00,05:00:00,3,False
1970-01-01 00:00:00.000000161,5991.84,333.96,182.52,151.43999999999997,57.209611840638466,14:00:00,04:00:00,3,False
1970-01-01 00:00:00.000000162,5194.08,259.08,162.6,96.47999999999999,29.374743366131504,18:00:00,23:00:00,3,False
1970-01-01 00:00:00.000000163,11284.44,877.56,155.4,722.16,297.9797100329221,12:00:00,04:00:00,3,False
1970-01-01 00:00:00.000000164,12122.399999999998,944.04,194.16,749.88,313.5178111021141,12:00:00,03:00:00,3,False
1970-01-01 00:00:00.000000165,12187.199999999997,939.36,178.44,760.9200000000001,335.17335828545174,14:00:00,02:00:00,3,False
1970-01-01 00:00:00.000000166,12538.559999999998,1020.36,192.0,828.36,328.4804388061196,11:00:00,03:00:00,3,False
1970-01-01 00:00:00.000000167,12214.439999999999,996.72,187.44,809.28,324.2194258187823,10:00:00,23:00:00,3,False
1970-01-01 00:00:00.000000168,12515.160000000002,952.92,179.76,773.16,326.5541969133747,11:00:00,05:00:00,3,False
1970-01-01 00:00:00.000000169,8044.679999999999,543.48,175.44,368.04,125.65000074395749,17:00:00,05:00:00,3,False
1970-01-01 00:00:00.000000170,6813.0,356.04,215.28,140.76000000000002,53.189027063859704,10:00:00,02:00:00,3,False
1970-01-01 00:00:00.000000171,13607.520000000006,1039.32,210.12,829.1999999999999,332.8209947391096,10:00:00,02:00:00,3,False
1970-01-01 00:00:00.000000172,14589.599999999999,1047.12,225.6,821.5199999999999,341.07830889694526,11:00:00,02:00:00,3,False
1970-01-01 00:00:00.000000173,14407.199999999999,1065.84,259.8,806.04,324.85531741403577,10:00:00,03:00:00,3,False
1970-01-01 00:00:00.000000174,14494.32,1026.84,252.96,773.8799999999999,318.9178620708255,11:00:00,04:00:00,3,False
1970-01-01 00:00:00.000000175,15267.120000000003,1128.96,242.64,886.32,357.44988080422763,10:00:00,02:00:00,3,False
1970-01-01 00:00:00.000000176,7597.559999999999,410.04,234.12,175.92000000000002,62.94546687411255,09:00:00,01:00:00,3,False
1970-01-01 00:00:00.000000177,7415.52,375.0,245.88,129.12,42.70036676352007,14:00:00,04:00:00,3,False
1970-01-01 00:00:00.000000178,12602.64,923.76,203.76,720.0,282.23435423959904,11:00:00,23:00:00,3,False
1970-01-01 00:00:00.000000179,12465.96,974.4,191.28,783.12,304.01214159105984,10:00:00,04:00:00,3,False
1970-01-01 00:00:00.000000180,12983.519999999999,935.04,232.2,702.8399999999999,293.27338994899264,12:00:00,03:00:00,3,False
1970-01-01 00:00:00.000000181,13462.559999999998,994.56,229.08,765.4799999999999,314.7031714516699,12:00:00,02:00:00,3,False
1970-01-01 00:00:00.000000182,13379.759999999998,988.56,232.68,755.8799999999999,311.4386319339166,11:00:00,04:00:00,3,False
1970-01-01 00:00:00.000000183,7982.4,477.84,216.12,261.71999999999997,94.78691379134018,16:00:00,04:00:00,3,False
1970-01-01 00:00:00.000000184,7410.72,429.84,229.2,200.64,64.77450384083299,12:00:00,03:00:00,3,False
1970-01-01 00:00:00.000000185,14157.119999999999,1066.68,234.24,832.44,345.0948113200197,10:00:00,02:00:00,3,False
1970-01-01 00:00:00.000000186,13746.480000000001,1038.6,242.52,796.0799999999999,312.983617240375,12:00:00,05:00:00,3,False
1970-01-01 00:00:00.000000187,13562.28,984.6,230.28,754.32,317.864522371731,10:00:00,05:00:00,3,False
1970-01-01 00:00:00.000000188,13739.280000000002,1015.92,230.52,785.4,325.32939235555517,11:00:00,23:00:00,3,False
1970-01-01 00:00:00.000000189,13721.76,1001.88,235.44,766.44,320.95151165679624,12:00:00,04:00:00,3,False
1970-01-01 00:00:00.000000190,8555.52,524.16,237.72,286.43999999999994,93.38928567164902,11:00:00,04:00:00,3,False
1970-01-01 00:00:00.000000191,7798.44,462.6,236.04,226.56000000000003,80.59453671202587,17:00:00,05:00:00,3,False
1970-01-01 00:00:00.000000192,14438.520000000002,1100.28,226.68,873.5999999999999,340.9389578540545,13:00:00,04:00:00,3,False
1970-01-01 00:00:00.000000193,14210.52,1097.76,243.0,854.76,337.67752660476685,14:00:00,02:00:00,3,False
1970-01-01 00:00:00.000000194,15087.0,1102.8,240.48,862.3199999999999,365.6790649570004,11:00:00,02:00:00,3,False
1970-01-01 00:00:00.000000195,14913.839999999998,1076.88,264.12,812.7600000000001,335.1045719200786,09:00:00,04:00:00,3,False
1970-01-01 00:00:00.000000196,15274.32,1110.36,270.12,840.2399999999999,353.28276803617854,14:00:00,02:00:00,3,False
1970-01-01 00:00:00.000000197,8883.119999999999,543.36,260.64,282.72,94.90307604855735,14:00:00,22:00:00,3,False
1970-01-01 00:00:00.000000198,8819.519999999999,441.48,244.32,197.16000000000003,81.18492642271022,15:00:00,04:00:00,3,False
1970-01-01 00:00:00.000000199,22071.6,1092.48,282.36,810.12,292.41688317403526,00:00:00,23:00:00,3,False
1970-01-01 00:00:00.000000200,15726.0,1158.24,255.12,903.12,374.72673521775374,10:00:00,05:00:00,3,False
1970-01-01 00:00:00.000000201,16222.2,1141.44,270.24,871.2,366.4777850435613,10:00:00,03:00:00,3,False
1970-01-01 00:00:00.000000202,15818.159999999996,1157.88,238.8,919.0800000000002,379.38035488091,11:00:00,23:00:00,3,False
1970-01-01 00:00:00.000000203,15725.459999999997,1174.2,222.0,952.2,391.8578320641301,12:00:00,05:00:00,3,False
1970-01-01 00:00:00.000000204,9172.8,639.6,221.52,418.08000000000004,136.48948741171623,11:00:00,03:00:00,3,False
1970-01-01 00:00:00.000000205,8871.599999999999,550.2,223.2,327.00000000000006,123.62834753018208,17:00:00,03:00:00,3,False
1970-01-01 00:00:00.000000206,16537.440000000002,1231.68,211.68,1020.0,405.1460608761712,11:00:00,04:00:00,3,False
1970-01-01 00:00:00.000000207,16672.32,1197.72,229.2,968.52,381.189605405978,12:00:00,03:00:00,3,False
1970-01-01 00:00:00.000000208,16350.359999999997,1157.64,232.8,924.8400000000001,378.75756794849775,10:00:00,01:00:00,3,False
1970-01-01 00:00:00.000000209,16301.28,1129.08,246.96,882.1199999999999,370.2857923280341,12:00:00,02:00:00,3,False
1970-01-01 00:00:00.000000210,16331.52,1203.36,244.92,958.4399999999999,377.34741293955346,11:00:00,01:00:00,3,False
1970-01-01 00:00:00.000000211,9746.399999999998,611.52,242.16,369.36,138.1443630535762,11:00:00,05:00:00,3,False
1970-01-01 00:00:00.000000212,8342.88,513.24,223.68,289.56,107.47613041366745,14:00:00,03:00:00,3,False
1970-01-01 00:00:00.000000213,15972.479999999998,1151.16,224.28,926.8800000000001,369.99311109920626,09:00:00,05:00:00,3,False
1970-01-01 00:00:00.000000214,15398.04,1099.8,228.0,871.8,352.0646942154857,10:00:00,04:00:00,3,False
1970-01-01 00:00:00.000000215,15290.640000000003,1122.72,264.12,858.6,341.83183096497834,12:00:00,23:00:00,3,False
1970-01-01 00:00:00.000000216,14958.84,1061.88,235.2,826.6800000000001,330.27914229448794,10:00:00,23:00:00,3,False
1970-01-01 00:00:00.000000217,14564.88,1040.28,217.2,823.0799999999999,347.34202489890214,14:00:00,01:00:00,3,False
1970-01-01 00:00:00.000000218,8287.32,484.08,222.72,261.36,94.51168029954539,10:00:00,04:00:00,3,False
1970-01-01 00:00:00.000000219,7693.559999999999,429.96,224.04,205.92,76.01090659727149,10:00:00,03:00:00,3,False
1970-01-01 00:00:00.000000220,15335.880000000001,1154.52,228.6,925.92,366.36466362972527,11:00:00,23:00:00,3,False
1970-01-01 00:00:00.000000221,14199.839999999998,1077.0,219.12,857.88,336.512434087735,12:00:00,01:00:00,3,False
1970-01-01 00:00:00.000000222,14558.4,1087.8,234.24,853.56,347.65088035081345,12:00:00,03:00:00,3,False
1970-01-01 00:00:00.000000223,14488.320000000003,1079.16,227.28,851.8800000000001,344.0734449402387,11:00:00,04:00:00,3,False
1970-01-01 00:00:00.000000224,14578.38,1067.76,228.72,839.04,349.07842810375917,10:00:00,03:00:00,3,False
1970-01-01 00:00:00.000000225,10258.44,663.12,238.68,424.44,156.79806756240447,11:00:00,03:00:00,3,False
1970-01-01 00:00:00.000000226,8491.68,454.56,231.12,223.44,58.79385593454621,16:00:00,23:00:00,3,False
1970-01-01 00:00:00.000000227,15991.919999999996,1142.76,217.44,925.3199999999999,388.2907135460324,12:00:00,04:00:00,3,False
1970-01-01 00:00:00.000000228,15366.839999999998,1134.36,233.52,900.8399999999999,367.5899591404389,12:00:00,05:00:00,3,False
1970-01-01 00:00:00.000000229,15157.56,1107.96,228.96,879.0,369.94162948509455,11:00:00,05:00:00,3,False
1970-01-01 00:00:00.000000230,15340.559999999998,1138.08,223.92,914.16,366.6169777609988,11:00:00,04:00:00,3,False
1970-01-01 00:00:00.000000231,15103.080000000002,1138.2,230.28,907.9200000000001,367.1347620010467,12:00:00,03:00:00,3,False
1970-01-01 00:00:00.000000232,8492.039999999997,486.12,222.84,263.28,110.16608003965807,11:00:00,04:00:00,3,False
1970-01-01 00:00:00.000000233,8561.880000000003,512.88,225.96,286.91999999999996,106.66029541207593,12:00:00,04:00:00,3,False
1970-01-01 00:00:00.000000234,15354.480000000001,1125.24,222.36,902.88,365.5894123193395,11:00:00,03:00:00,3,False
1970-01-01 00:00:00.000000235,15123.240000000002,1127.76,229.68,898.0799999999999,367.5296394436308,11:00:00,04:00:00,3,False
1970-01-01 00:00:00.000000236,14840.280000000004,1081.08,216.48,864.5999999999999,365.11529506028165,14:00:00,01:00:00,3,False
1970-01-01 00:00:00.000000237,15074.159999999998,1113.96,224.28,889.6800000000001,371.9792727745903,11:00:00,05:00:00,3,False
1970-01-01 00:00:00.000000238,14661.239999999998,1092.72,227.64,865.08,356.2536080183427,11:00:00,02:00:00,3,False
1970-01-01 00:00:00.000000239,7902.719999999999,460.32,209.16,251.16,95.4350682059706,11:00:00,03:00:00,3,False
1970-01-01 00:00:00.000000240,7203.6,433.08,212.04,221.04,71.32588114940557,11:00:00,01:00:00,3,False
1970-01-01 00:00:00.000000241,13633.799999999996,1023.72,212.28,811.44,331.8741673141114,11:00:00,05:00:00,3,False
1970-01-01 00:00:00.000000242,13847.76,1046.28,212.16,834.12,349.61783025867345,11:00:00,03:00:00,3,False
1970-01-01 00:00:00.000000243,13345.08,1022.4,207.48,814.92,321.0208122875199,11:00:00,02:00:00,3,False
1970-01-01 00:00:00.000000244,14072.519999999999,1058.52,220.56,837.96,351.03335757508114,11:00:00,02:00:00,3,False
1970-01-01 00:00:00.000000245,13753.199999999999,1033.92,227.04,806.8800000000001,331.47349183804175,11:00:00,05:00:00,3,False
1970-01-01 00:00:00.000000246,7604.88,434.04,215.52,218.52,83.40278819236723,12:00:00,05:00:00,3,False
1970-01-01 00:00:00.000000247,7107.24,380.04,215.52,164.52,64.11610100977485,12:00:00,02:00:00,3,False
1970-01-01 00:00:00.000000248,14083.08,1086.84,216.24,870.5999999999999,350.141673351504,11:00:00,03:00:00,3,False
1970-01-01 00:00:00.000000249,13582.440000000002,967.8,222.84,744.9599999999999,322.88330907351167,12:00:00,01:00:00,3,False
1970-01-01 00:00:00.000000250,13886.880000000003,1005.0,217.68,787.3199999999999,318.5177435778312,12:00:00,01:00:00,3,False
1970-01-01 00:00:00.000000251,13851.119999999999,984.96,228.0,756.96,316.69005190234986,11:00:00,04:00:00,3,False
1970-01-01 00:00:00.000000252,13237.439999999999,1027.56,206.76,820.8,325.4811645121326,11:00:00,05:00:00,3,False
1970-01-01 00:00:00.000000253,7786.800000000001,483.72,213.24,270.48,97.13028901160679,11:00:00,04:00:00,3,False
1970-01-01 00:00:00.000000254,6760.44,362.28,211.56,150.71999999999997,55.591400414092824,13:00:00,03:00:00,3,False
1970-01-01 00:00:00.000000255,13299.24,1011.48,192.12,819.36,327.53748276707404,12:00:00,05:00:00,3,False
1970-01-01 00:00:00.000000256,13750.800000000001,949.2,210.12,739.08,313.35895599830525,11:00:00,04:00:00,3,False
1970-01-01 00:00:00.000000257,13346.16,969.0,209.04,759.96,294.09641205327324,11:00:00,03:00:00,3,False
1970-01-01 00:00:00.000000258,9399.239999999998,533.28,295.2,238.07999999999998,86.7407686605675,09:00:00,03:00:00,3,False
1970-01-01 00:00:00.000000259,9195.84,516.84,289.68,227.16000000000003,83.27002320893992,13:00:00,23:00:00,3,False
1970-01-01 00:00:00.000000260,7441.320000000001,408.36,214.8,193.56,49.36583689327988,11:00:00,23:00:00,3,False
1970-01-01 00:00:00.000000261,12610.32,973.8,202.44,771.3599999999999,307.7794662190559,11:00:00,05:00:00,3,False
1970-01-01 00:00:00.000000262,12249.36,910.8,193.56,717.24,296.0623464892077,12:00:00,04:00:00,3,False
1970-01-01 00:00:00.000000263,11983.679999999998,924.12,197.04,727.08,288.70736825885916,11:00:00,04:00:00,3,False
1970-01-01 00:00:00.000000264,12360.36,920.04,199.32,720.72,303.5455939823323,11:00:00,04:00:00,3,False
1970-01-01 00:00:00.000000265,12440.280000000002,937.8,205.2,732.5999999999999,302.81633240945416,14:00:00,04:00:00,3,False
1970-01-01 00:00:00.000000266,11848.8,905.88,196.32,709.56,278.45555667552816,12:00:00,04:00:00,3,False
1970-01-01 00:00:00.000000267,7363.4400000000005,491.76,188.28,303.48,98.96505786519235,10:00:00,05:00:00,3,False
1970-01-01 00:00:00.000000268,6591.48,370.56,200.76,169.8,56.435206171787605,10:00:00,04:00:00,3,False
1970-01-01 00:00:00.000000269,13357.560000000001,1010.88,202.08,808.8,329.3519128201033,12:00:00,03:00:00,3,False
1970-01-01 00:00:00.000000270,14183.520000000002,1048.2,219.48,828.72,349.37536908279486,11:00:00,03:00:00,3,False
1970-01-01 00:00:00.000000271,13272.119999999997,960.36,208.8,751.56,321.6172924860959,11:00:00,05:00:00,3,False
1970-01-01 00:00:00.000000272,15132.839999999997,923.4,205.2,718.2,279.26407581978447,11:00:00,01:00:00,3,False
1970-01-01 00:00:00.000000273,7584.720000000001,370.08,195.96,174.11999999999998,56.937196522362136,16:00:00,22:00:00,3,False
1970-01-01 00:00:00.000000274,6314.4,382.68,172.32,210.36,79.3871385925519,14:00:00,03:00:00,3,False
1970-01-01 00:00:00.000000275,6867.599999999999,441.24,173.04,268.20000000000005,96.9308086707483,15:00:00,04:00:00,3,False
1970-01-01 00:00:00.000000276,11852.279999999999,961.08,178.92,782.1600000000001,287.7195456478862,11:00:00,05:00:00,3,False
1970-01-01 00:00:00.000000277,11600.52,881.04,210.6,670.4399999999999,270.20542788935524,11:00:00,23:00:00,3,False
1970-01-01 00:00:00.000000278,11486.160000000002,900.6,182.04,718.5600000000001,281.110745003676,11:00:00,02:00:00,3,False
1970-01-01 00:00:00.000000279,11630.519999999999,918.36,186.12,732.24,288.4479338595201,11:00:00,04:00:00,3,False
1970-01-01 00:00:00.000000280,12122.279999999999,928.08,186.96,741.12,311.4142420719024,11:00:00,23:00:00,3,False
1970-01-01 00:00:00.000000281,12038.400000000001,929.04,178.92,750.12,313.790577628927,11:00:00,03:00:00,3,False
1970-01-01 00:00:00.000000282,12196.86,954.6,177.84,776.76,317.85817271024456,11:00:00,05:00:00,3,False
1970-01-01 00:00:00.000000283,7792.08,555.36,175.44,379.92,136.87501795116023,09:00:00,02:00:00,3,False
1970-01-01 00:00:00.000000284,6428.88,389.04,179.28,209.76000000000002,70.70041264254465,10:00:00,05:00:00,3,False
1970-01-01 00:00:00.000000285,12088.080000000002,986.04,180.6,805.4399999999999,309.0907849750971,11:00:00,03:00:00,3,False
1970-01-01 00:00:00.000000286,11969.999999999998,901.68,186.84,714.8399999999999,300.39782787381193,11:00:00,03:00:00,3,False
1970-01-01 00:00:00.000000287,12750.12,959.52,183.12,776.4,309.4961530841911,11:00:00,04:00:00,3,False
1970-01-01 00:00:00.000000288,12738.599999999999,943.8,192.72,751.0799999999999,308.480463830722,15:00:00,02:00:00,3,False
1970-01-01 00:00:00.000000289,12086.52,940.8,187.32,753.48,313.1388295670288,11:00:00,23:00:00,3,False
1970-01-01 00:00:00.000000290,6972.119999999999,445.32,180.48,264.84000000000003,102.5810131173109,16:00:00,03:00:00,3,False
1970-01-01 00:00:00.000000291,5741.639999999999,305.52,174.0,131.51999999999998,42.62119221803816,15:00:00,04:00:00,3,False
1970-01-01 00:00:00.000000292,11932.08,962.52,177.12,785.4,306.4418067176015,15:00:00,03:00:00,3,False
1970-01-01 00:00:00.000000293,11758.079999999998,873.72,188.4,685.32,286.54808073674656,14:00:00,02:00:00,3,False
1970-01-01 00:00:00.000000294,11990.52,941.52,179.28,762.24,309.71335197453845,12:00:00,02:00:00,3,False
1970-01-01 00:00:00.000000295,12577.2,976.56,185.16,791.4,318.61066927193923,11:00:00,01:00:00,3,False
1970-01-01 00:00:00.000000296,12074.960000000001,939.48,195.84,743.64,302.0089599400289,12:00:00,23:00:00,3,False
1970-01-01 00:00:00.000000297,5940.15,327.0,180.0,147.0,52.78205770677068,09:00:00,03:00:00,3,False
1970-01-01 00:00:00.000000298,5519.999999999999,281.04,172.92,108.12000000000003,36.684785615458814,17:00:00,02:00:00,3,False
1970-01-01 00:00:00.000000299,12106.800000000001,899.28,181.32,717.96,291.7005371505391,11:00:00,23:00:00,3,False
1970-01-01 00:00:00.000000300,11708.400000000001,939.0,171.6,767.4,290.63399825060117,12:00:00,05:00:00,3,False
1970-01-01 00:00:00.000000301,12178.319999999996,923.52,182.28,741.24,295.8804118588102,12:00:00,04:00:00,3,False
1970-01-01 00:00:00.000000302,12465.240000000002,963.24,189.0,774.24,310.6737053705956,13:00:00,05:00:00,3,False
1970-01-01 00:00:00.000000303,13016.16,961.56,202.32,759.24,320.1328461205089,15:00:00,02:00:00,3,False
1970-01-01 00:00:00.000000304,7198.319999999999,481.8,183.12,298.68,112.69184778200123,12:00:00,01:00:00,3,False
1970-01-01 00:00:00.000000305,5904.84,347.4,183.72,163.67999999999998,46.316437968468136,13:00:00,05:00:00,3,False
1970-01-01 00:00:00.000000306,13384.92,1049.04,184.2,864.8399999999999,364.53298805815734,14:00:00,03:00:00,3,False
1970-01-01 00:00:00.000000307,12532.08,952.92,171.36,781.56,317.50323512216926,11:00:00,03:00:00,3,False
1970-01-01 00:00:00.000000308,11925.960000000001,916.56,179.52,737.04,304.93386545995156,12:00:00,04:00:00,3,False
1970-01-01 00:00:00.000000309,12720.240000000002,972.36,171.84,800.52,326.6982222972355,11:00:00,05:00:00,3,False
1970-01-01 00:00:00.000000310,12452.160000000002,994.44,179.64,814.8000000000001,328.34207528125296,14:00:00,04:00:00,3,False
1970-01-01 00:00:00.000000311,6282.36,402.96,172.44,230.51999999999998,80.66328710731122,10:00:00,04:00:00,3,False
1970-01-01 00:00:00.000000312,5306.88,266.64,176.52,90.11999999999998,32.11339257395107,15:00:00,02:00:00,3,False
1970-01-01 00:00:00.000000313,12439.559999999998,964.8,167.76,797.04,331.40950742049574,12:00:00,04:00:00,3,False
1970-01-01 00:00:00.000000314,12666.0,962.64,198.96,763.68,318.4360952339199,12:00:00,05:00:00,3,False
1970-01-01 00:00:00.000000315,12687.72,965.04,183.84,781.1999999999999,321.49758456053894,10:00:00,01:00:00,3,False
1970-01-01 00:00:00.000000316,12206.279999999999,947.88,194.76,753.12,299.61616240435535,11:00:00,23:00:00,3,False
1970-01-01 00:00:00.000000317,12712.68,967.32,179.28,788.0400000000001,327.07031677155214,12:00:00,05:00:00,3,False
1970-01-01 00:00:00.000000318,7041.959999999999,426.12,208.32,217.8,71.65604200988037,15:00:00,03:00:00,3,False
1970-01-01 00:00:00.000000319,6223.200000000001,346.56,198.0,148.56,48.745279370104804,15:00:00,05:00:00,3,False
1970-01-01 00:00:00.000000320,13655.279999999999,1088.04,190.56,897.48,360.524343217173,11:00:00,00:00:00,3,False
1970-01-01 00:00:00.000000321,15182.879999999997,1158.6,213.12,945.4799999999999,400.80558548568376,13:00:00,04:00:00,3,False
1970-01-01 00:00:00.000000322,15907.800000000001,1299.24,198.6,1100.64,441.41212683052044,11:00:00,05:00:00,3,False
1970-01-01 00:00:00.000000323,16400.64,1266.24,219.36,1046.88,437.5652193474805,09:00:00,04:00:00,3,False
1970-01-01 00:00:00.000000324,16448.32,1298.76,221.16,1077.6,448.81479533338126,11:00:00,23:00:00,3,False
1970-01-01 00:00:00.000000325,7711.680000000001,478.56,211.68,266.88,97.24398789955447,13:00:00,03:00:00,3,False
1970-01-01 00:00:00.000000326,6909.839999999999,395.52,211.44,184.07999999999998,59.88142979908386,10:00:00,23:00:00,3,False
1970-01-01 00:00:00.000000327,16400.04,1333.44,204.6,1128.8400000000001,460.30668291817193,09:00:00,01:00:00,3,False
1970-01-01 00:00:00.000000328,16782.96,1306.56,218.76,1087.8,444.9034928474108,10:00:00,04:00:00,3,False
1970-01-01 00:00:00.000000329,15594.960000000001,1194.48,205.32,989.1600000000001,416.460136867864,10:00:00,02:00:00,3,False
1970-01-01 00:00:00.000000330,15664.079999999996,1223.28,222.12,1001.16,404.84102219534753,09:00:00,04:00:00,3,False
1970-01-01 00:00:00.000000331,15418.08,1247.16,203.76,1043.4,416.01303558171475,09:00:00,23:00:00,3,False
1970-01-01 00:00:00.000000332,7039.32,462.0,190.56,271.44,92.23132416116411,12:00:00,05:00:00,3,False
1970-01-01 00:00:00.000000333,5791.5599999999995,360.6,186.96,173.64000000000001,45.09661946262183,17:00:00,04:00:00,3,False
1970-01-01 00:00:00.000000334,14368.68,1172.88,180.96,991.9200000000001,397.4249970585098,09:00:00,05:00:00,3,False
1970-01-01 00:00:00.000000335,14282.759999999998,1128.36,183.12,945.2399999999999,388.41818043913986,09:00:00,05:00:00,3,False
1970-01-01 00:00:00.000000336,14687.039999999999,1163.88,185.52,978.3600000000001,398.53681464337393,09:00:00,04:00:00,3,False
1970-01-01 00:00:00.000000337,14523.599999999999,1174.8,183.72,991.0799999999999,400.7879903173356,09:00:00,04:00:00,3,False
1970-01-01 00:00:00.000000338,14447.12,1184.64,184.8,999.8400000000001,390.21787518019335,10:00:00,01:00:00,3,False
1970-01-01 00:00:00.000000339,7442.639999999999,475.56,186.84,288.72,102.97198622842082,11:00:00,04:00:00,3,False
1970-01-01 00:00:00.000000340,6086.28,343.08,189.36,153.71999999999997,50.46658308916557,16:00:00,01:00:00,3,False
1970-01-01 00:00:00.000000341,14518.439999999999,1186.92,190.56,996.3600000000001,385.72122770771614,09:00:00,03:00:00,3,False
1970-01-01 00:00:00.000000342,14958.12,1193.76,187.32,1006.44,406.43687368022665,11:00:00,04:00:00,3,False
1970-01-01 00:00:00.000000343,15221.76,1148.76,197.28,951.48,406.52594642045113,10:00:00,04:00:00,3,False
1970-01-01 00:00:00.000000344,15913.320000000002,1271.28,213.12,1058.1599999999999,438.3141572275381,11:00:00,03:00:00,3,False
1970-01-01 00:00:00.000000345,21605.519999999997,1216.32,208.68,1007.6399999999999,456.11124993036896,09:00:00,05:00:00,3,False
1970-01-01 00:00:00.000000346,8308.199999999999,375.6,199.2,176.40000000000003,51.369397504740114,16:00:00,23:00:00,3,False
1970-01-01 00:00:00.000000347,15158.039999999997,1236.6,196.32,1040.28,409.74167141706755,09:00:00,01:00:00,3,False
1970-01-01 00:00:00.000000348,14808.599999999999,1164.0,202.92,961.08,401.92491755031324,11:00:00,01:00:00,3,False
1970-01-01 00:00:00.000000349,15014.759999999998,1142.04,193.2,948.8399999999999,393.01847547013557,12:00:00,04:00:00,3,False
1970-01-01 00:00:00.000000350,15806.880000000003,1274.64,214.32,1060.3200000000002,424.4364354314308,11:00:00,23:00:00,3,False
1970-01-01 00:00:00.000000351,14853.179999999998,1178.4,199.08,979.32,395.55600424949444,12:00:00,03:00:00,3,False
1970-01-01 00:00:00.000000352,7478.16,493.32,191.64,301.68,104.52362046342736,11:00:00,01:00:00,3,False
1970-01-01 00:00:00.000000353,6593.040000000001,387.24,183.48,203.76000000000002,72.1538985659186,14:00:00,05:00:00,3,False
1970-01-01 00:00:00.000000354,16064.640000000003,1243.2,188.16,1055.04,453.74988275959674,09:00:00,03:00:00,3,False
1970-01-01 00:00:00.000000355,16083.599999999999,1313.04,197.4,1115.6399999999999,452.0859977059001,11:00:00,02:00:00,3,False
1970-01-01 00:00:00.000000356,16115.4,1303.56,197.52,1106.04,438.0946029757976,11:00:00,03:00:00,3,False
1970-01-01 00:00:00.000000357,16155.84,1302.24,201.36,1100.88,428.9389896416303,10:00:00,04:00:00,3,False
1970-01-01 00:00:00.000000358,15747.54,1269.48,211.2,1058.28,428.6224274524344,11:00:00,05:00:00,3,False
1970-01-01 00:00:00.000000359,7631.76,455.4,203.64,251.76,98.63923145791787,11:00:00,02:00:00,3,False
1970-01-01 00:00:00.000000360,5152.32,214.68,214.68,0.0,2.903299892155071e-14,00:00:00,00:00:00,3,False
