,date,00:00:00,01:00:00,02:00:00,03:00:00,04:00:00,05:00:00,06:00:00,07:00:00,08:00:00,09:00:00,10:00:00,11:00:00,12:00:00,13:00:00,14:00:00,15:00:00,16:00:00,17:00:00,18:00:00,19:00:00,20:00:00,21:00:00,22:00:00,23:00:00,cluster,pattern
0,2016-01-01,202.44,182.64,188.04,185.04,191.04,197.16,239.88,215.04,349.68,348.96,324.36,334.32,320.16,330.36,332.64,310.8,324.96,229.08,220.68,202.68,200.76,194.16,183.0,187.2,0,low_base_low_peak
1,2016-01-02,180.84,179.64,182.52,179.4,173.64,176.64,227.76,182.52,218.76,253.32,230.76,251.52,240.24,234.6,249.6,249.96,228.12,237.6,208.08,195.48,190.32,191.76,190.56,179.88,0,low_base_low_peak
2,2016-01-03,186.48,183.84,178.32,181.8,174.24,171.72,251.88,185.16,234.36,240.24,245.88,247.08,251.28,244.32,264.72,242.28,256.56,240.96,229.08,193.2,197.88,189.24,176.52,166.08,0,low_base_low_peak
3,2016-01-04,178.68,180.36,172.56,176.04,173.28,166.2,230.52,573.12,766.68,960.36,919.68,909.6,883.2,783.12,813.48,799.56,767.28,742.32,438.96,297.6,263.76,222.36,177.72,181.68,1,low_base_high_peak
4,2016-01-05,192.84,171.48,177.12,180.36,173.16,175.44,228.48,583.8,746.76,908.52,865.08,930.72,870.0,837.6,783.0,754.68,801.36,702.6,389.88,299.52,251.64,222.6,189.24,189.0,1,low_base_high_peak
5,2016-01-06,190.2,180.72,179.28,179.64,182.52,180.0,232.2,606.84,813.36,900.0,832.92,892.32,870.6,798.12,826.2,788.64,766.44,707.88,398.88,298.32,268.68,240.96,198.24,183.72,1,low_base_high_peak
6,2016-01-07,203.64,186.12,184.08,185.04,184.68,175.92,233.28,596.28,775.32,943.32,827.28,830.16,846.96,843.24,823.68,792.96,765.6,712.08,382.8,314.16,254.76,247.2,187.92,187.68,1,low_base_high_peak
7,2016-01-08,193.8,190.32,181.68,182.4,188.76,182.88,232.44,594.12,782.88,885.84,834.36,836.52,863.4,759.0,748.32,781.2,792.24,672.96,380.4,311.76,277.32,246.84,184.44,176.28,1,low_base_high_peak
8,2016-01-09,189.48,178.68,177.24,181.32,185.16,184.44,222.6,198.24,305.64,373.8,357.12,346.32,372.84,341.64,347.76,336.84,279.72,273.36,245.4,215.52,210.12,204.24,169.92,172.56,0,low_base_low_peak
9,2016-01-10,174.0,163.8,162.96,171.48,166.32,173.04,221.76,186.24,231.24,250.68,213.0,262.32,258.0,255.84,263.28,290.04,276.24,261.12,228.0,222.0,206.76,57.0,57.0,57.0,0,low_base_low_peak
10,2016-01-11,891.84,891.84,891.84,891.84,891.84,891.84,891.84,891.84,891.84,891.84,835.32,896.88,904.68,895.44,851.28,815.04,804.24,693.24,364.8,269.16,248.64,218.16,179.64,170.16,2,high_morning_low_afternoon
11,2016-01-12,168.0,167.88,168.84,163.44,167.88,173.64,216.24,583.2,851.28,964.68,892.08,905.4,952.8,856.2,789.84,758.4,725.52,798.24,396.0,331.68,262.44,250.32,175.32,164.52,1,low_base_high_peak
12,2016-01-13,169.68,165.6,163.8,164.16,169.92,170.28,221.28,605.28,801.84,905.76,889.92,923.04,866.64,818.76,821.52,811.92,799.56,801.48,456.36,338.76,286.2,263.88,184.8,175.56,1,low_base_high_peak
13,2016-01-14,190.2,172.56,172.92,173.4,165.84,172.2,225.96,579.36,743.52,921.48,860.76,942.96,776.88,748.8,786.12,724.68,676.44,705.72,413.52,387.24,318.48,285.36,195.36,191.88,1,low_base_high_peak
14,2016-01-15,197.88,195.12,198.84,190.92,193.56,195.72,249.96,605.76,770.76,914.28,887.28,919.92,783.36,799.2,808.32,799.08,689.4,665.04,389.4,388.92,264.72,215.28,172.2,166.8,1,low_base_high_peak
15,2016-01-16,177.36,168.6,173.76,177.72,172.68,175.08,218.4,197.28,288.24,349.44,351.12,341.4,337.92,326.04,348.48,323.88,275.76,258.6,252.84,281.64,286.56,256.8,175.68,184.08,0,low_base_low_peak
16,2016-01-17,187.56,172.92,181.44,178.92,182.28,183.24,218.28,188.64,230.28,253.08,261.36,260.4,273.36,294.24,278.16,258.96,255.24,271.68,239.64,289.08,270.24,270.24,270.24,270.24,0,low_base_low_peak
17,2016-01-18,768.6,768.6,768.6,768.6,768.6,768.6,768.6,768.6,768.6,916.2,903.0,975.0,861.0,771.6,819.6,837.0,826.8,787.8,466.2,372.6,349.2,285.0,192.6,192.0,2,high_morning_low_afternoon
18,2016-01-19,203.4,185.04,183.0,184.08,190.44,189.72,245.76,626.4,812.52,986.88,874.8,916.32,871.08,806.64,803.28,882.6,769.92,729.36,420.36,331.92,310.44,269.64,177.12,170.52,1,low_base_high_peak
19,2016-01-20,178.56,172.08,169.32,168.0,180.0,171.72,220.8,604.68,765.6,930.24,900.48,908.16,931.32,880.2,946.2,866.4,895.2,748.2,373.56,280.92,238.2,187.2,170.28,168.24,1,low_base_high_peak
20,2016-01-21,181.92,170.28,170.16,162.6,168.36,169.32,218.28,577.68,754.32,985.8,896.4,933.72,948.84,891.6,898.44,872.04,900.12,790.08,436.08,293.76,243.0,202.68,182.04,175.32,1,low_base_high_peak
21,2016-01-22,211.68,171.12,169.68,173.4,173.52,178.2,233.52,622.8,803.16,947.16,975.12,909.12,917.28,897.12,950.28,859.56,892.32,813.36,485.64,374.4,275.16,239.16,163.08,167.88,1,low_base_high_peak
22,2016-01-23,171.48,161.76,157.68,161.28,163.44,161.64,213.96,187.8,309.36,408.36,405.96,410.88,412.32,394.8,406.68,429.6,381.6,299.52,285.48,215.28,215.04,210.48,169.8,177.6,0,low_base_low_peak
23,2016-01-24,180.72,175.08,170.28,177.48,175.92,173.16,227.76,187.44,187.56,243.72,256.2,251.28,232.32,243.48,257.16,252.72,245.88,235.68,241.56,217.56,212.4,205.92,162.24,175.68,0,low_base_low_peak
24,2016-01-25,183.12,165.72,167.4,177.72,174.72,162.96,215.52,633.12,788.16,925.44,977.76,1006.8,946.8,861.0,982.8,889.2,927.6,828.6,499.8,345.0,309.0,229.8,180.0,186.0,1,low_base_high_peak
25,2016-01-26,180.0,164.28,162.0,168.36,168.72,164.76,222.6,611.4,816.48,931.08,891.36,876.36,858.48,794.52,754.56,734.76,784.08,713.04,323.76,282.96,233.28,245.64,172.44,168.6,1,low_base_high_peak
26,2016-01-27,198.36,171.48,165.72,171.6,180.72,167.16,215.52,610.68,845.16,963.36,911.76,962.04,888.6,868.2,910.8,808.2,824.28,750.48,483.96,389.52,315.0,241.32,181.92,181.8,1,low_base_high_peak
27,2016-01-28,181.32,173.4,169.44,168.96,168.0,170.88,224.64,585.24,767.76,860.4,873.48,911.76,903.12,820.8,838.92,847.92,812.16,774.36,433.32,319.32,273.0,241.32,193.68,188.76,1,low_base_high_peak
28,2016-01-29,198.48,189.96,183.6,191.28,189.96,189.72,244.32,616.2,866.28,889.68,926.52,963.24,918.24,882.0,952.68,798.96,805.44,780.12,344.16,265.32,247.08,209.88,177.96,175.2,1,low_base_high_peak
29,2016-01-30,181.44,181.92,176.04,171.84,178.92,170.88,237.48,204.24,297.72,366.96,358.8,351.36,345.12,352.32,392.88,391.92,316.8,241.2,233.64,218.64,212.4,200.28,168.84,172.44,0,low_base_low_peak
30,2016-01-31,172.68,171.12,170.28,161.52,162.48,168.84,213.6,192.48,239.28,245.76,250.92,216.0,234.96,234.72,240.84,228.12,234.24,237.6,212.16,198.24,185.16,186.36,160.08,147.96,0,low_base_low_peak
31,2016-02-01,167.64,155.28,160.56,152.64,150.84,152.16,221.88,606.24,817.44,970.2,949.68,962.76,913.8,829.2,889.2,868.8,782.88,768.12,466.08,378.96,343.8,209.28,192.6,157.92,1,low_base_high_peak
32,2016-02-02,167.76,160.08,171.0,165.36,175.08,165.72,217.44,607.08,777.48,920.16,921.24,942.96,917.28,837.6,823.44,857.64,823.44,782.64,398.64,276.24,257.64,201.6,179.4,178.44,1,low_base_high_peak
33,2016-02-03,175.08,164.4,153.84,171.12,167.88,166.68,216.6,613.56,784.44,881.88,812.16,901.32,792.0,750.72,775.2,705.96,764.88,652.68,339.0,262.08,250.56,199.56,168.36,161.88,1,low_base_high_peak
34,2016-02-04,180.72,156.12,157.8,157.68,159.48,159.72,215.64,599.88,792.36,873.96,855.0,892.08,828.36,702.84,719.52,717.0,673.68,652.92,354.12,318.36,310.8,255.0,171.12,156.84,1,low_base_high_peak
35,2016-02-05,165.48,158.4,154.92,156.24,164.16,156.24,224.16,600.24,758.16,850.2,800.64,837.24,719.76,680.88,707.4,655.8,619.8,594.12,347.88,322.32,271.32,243.48,147.48,147.84,1,low_base_high_peak
36,2016-02-06,156.48,152.28,146.16,147.0,147.6,146.64,213.84,556.32,684.24,743.16,671.28,642.36,579.24,594.96,617.88,521.76,499.92,467.28,236.04,198.6,183.96,176.04,149.28,152.76,0,low_base_low_peak
37,2016-02-07,156.0,165.84,151.56,149.52,156.84,157.56,201.84,161.16,192.12,192.24,171.6,171.96,174.48,173.76,188.04,176.76,181.2,173.88,159.6,177.36,166.92,170.16,136.56,144.84,0,low_base_low_peak
38,2016-02-08,159.84,140.4,154.56,137.4,145.68,147.0,191.04,148.8,247.68,260.88,279.84,252.0,243.12,246.0,238.56,243.96,248.52,178.68,148.56,175.68,162.0,162.72,133.68,137.28,0,low_base_low_peak
39,2016-02-09,140.28,131.16,135.96,131.28,141.72,135.48,187.32,155.04,243.84,261.96,255.36,251.28,250.08,252.96,249.72,244.92,239.88,184.92,152.04,184.32,175.32,170.64,136.08,136.44,0,low_base_low_peak
40,2016-02-10,157.08,139.08,139.56,144.72,134.88,139.44,191.52,153.72,269.52,268.2,255.6,245.52,256.8,241.92,242.52,238.2,233.88,167.76,165.72,174.12,174.84,159.12,132.12,136.68,0,low_base_low_peak
41,2016-02-11,147.0,139.08,135.72,143.04,133.2,138.36,175.8,156.6,242.76,229.92,236.88,245.04,241.56,235.2,234.84,239.76,236.04,156.36,154.56,167.16,172.2,168.12,138.24,142.8,0,low_base_low_peak
42,2016-02-12,146.4,141.96,133.32,140.52,136.8,139.32,178.8,158.28,250.08,259.08,259.68,266.88,240.84,247.32,236.76,242.04,231.6,168.96,173.88,178.68,177.24,177.36,161.4,157.32,0,low_base_low_peak
43,2016-02-13,159.24,154.56,150.12,151.56,153.48,149.52,188.4,441.96,479.4,519.24,510.48,523.2,548.16,545.16,542.88,530.76,440.28,440.28,166.92,182.4,178.8,172.2,138.84,144.48,0,low_base_low_peak
44,2016-02-14,148.2,143.4,147.36,144.36,142.68,139.56,208.32,578.28,719.52,853.92,798.6,805.08,783.0,735.84,703.44,664.32,623.88,617.04,264.24,194.16,183.84,174.96,146.64,143.4,1,low_base_high_peak
45,2016-02-15,151.2,148.08,144.84,141.48,145.56,146.4,204.24,576.12,747.24,822.72,810.36,930.48,892.32,791.04,747.6,773.88,729.48,720.48,314.52,240.24,228.6,179.04,150.72,151.8,1,low_base_high_peak
46,2016-02-16,171.6,147.0,151.92,143.52,153.48,150.12,214.08,578.28,751.68,923.76,833.4,896.88,847.44,770.4,788.52,791.28,725.16,682.56,338.76,229.2,215.76,198.12,168.24,169.32,1,low_base_high_peak
47,2016-02-17,169.8,155.52,152.76,162.6,156.12,155.4,220.68,579.48,751.8,917.28,858.36,869.88,865.68,841.68,816.36,738.36,659.16,708.12,317.76,227.64,207.48,172.2,137.64,141.96,1,low_base_high_peak
48,2016-02-18,148.08,140.04,138.96,144.72,136.92,150.6,196.44,553.08,739.56,862.44,854.52,863.04,841.92,720.0,720.48,698.52,643.44,648.72,338.4,239.4,212.76,187.2,154.56,150.6,1,low_base_high_peak
49,2016-02-19,166.92,150.36,151.8,149.76,148.44,150.96,210.6,531.12,734.64,871.8,894.36,931.32,858.0,810.84,786.24,808.68,730.32,669.96,344.52,224.52,194.76,180.6,156.0,142.44,1,low_base_high_peak
50,2016-02-20,163.8,143.88,141.6,147.24,138.84,143.04,194.4,164.16,207.84,268.44,306.24,261.96,305.76,286.08,264.36,251.16,249.0,242.76,232.08,262.2,203.52,176.52,154.08,151.56,0,low_base_low_peak
51,2016-02-21,167.04,158.76,151.8,152.4,154.68,150.96,205.44,167.52,219.96,218.04,220.8,224.4,236.28,230.16,239.88,211.92,212.04,216.12,229.2,206.4,189.36,177.0,147.12,150.36,0,low_base_low_peak
52,2016-02-22,161.88,146.28,146.64,145.32,156.48,155.88,218.04,596.76,766.32,946.8,982.08,943.2,954.84,881.16,937.2,842.52,772.8,696.6,336.24,225.84,213.12,194.64,159.6,154.08,1,low_base_high_peak
53,2016-02-23,159.6,154.44,148.92,144.72,160.68,158.28,208.68,583.56,738.24,940.08,955.2,953.88,943.56,810.12,774.96,789.12,668.88,697.44,387.24,273.96,249.36,208.32,158.88,154.2,1,low_base_high_peak
54,2016-02-24,164.52,159.12,146.04,149.52,149.64,146.52,201.24,590.28,752.16,893.64,931.08,888.84,863.52,775.2,825.36,735.0,703.92,664.08,365.88,235.2,226.08,194.64,154.2,151.92,1,low_base_high_peak
55,2016-02-25,152.4,154.8,142.44,142.32,142.68,140.64,211.56,615.72,794.52,909.84,885.72,888.84,904.2,745.44,756.6,749.16,637.2,648.6,366.6,283.68,222.0,207.84,173.76,155.64,1,low_base_high_peak
56,2016-02-26,162.0,153.96,171.96,152.28,150.0,148.08,212.76,609.0,737.16,906.12,843.48,877.44,801.96,713.4,735.84,681.72,639.12,653.4,466.68,332.4,310.92,213.6,149.28,148.56,1,low_base_high_peak
57,2016-02-27,154.32,142.56,143.04,140.76,146.76,138.36,197.16,172.32,226.44,233.4,278.04,219.72,232.8,242.16,225.36,265.44,222.36,234.72,254.52,231.84,209.16,184.56,165.24,154.92,0,low_base_low_peak
58,2016-02-28,169.68,158.64,160.08,159.48,159.96,152.88,216.96,174.6,235.2,223.08,240.72,218.52,220.08,219.72,242.28,223.44,216.72,206.4,210.12,197.4,188.28,174.6,150.6,149.64,0,low_base_low_peak
59,2016-02-29,157.68,151.56,152.16,146.88,141.72,149.88,225.6,591.24,745.8,848.52,835.8,821.76,853.08,787.8,760.08,744.36,648.36,621.0,329.16,249.36,214.8,184.08,155.16,159.72,1,low_base_high_peak
60,2016-03-01,158.4,157.32,150.96,156.0,154.8,157.32,225.72,602.88,798.72,797.4,793.08,897.48,790.2,741.84,762.96,756.36,685.68,656.88,363.0,260.28,244.8,204.36,163.68,153.96,1,low_base_high_peak
61,2016-03-02,167.16,160.92,148.2,155.4,149.52,153.36,218.04,600.96,754.32,829.2,921.36,875.52,794.28,753.6,766.2,747.96,637.68,686.64,344.52,240.24,229.08,184.44,153.6,155.52,1,low_base_high_peak
62,2016-03-03,156.96,152.4,141.0,146.64,141.84,144.72,210.84,582.36,725.64,768.12,791.28,826.32,756.72,701.88,748.44,698.88,667.2,635.88,342.48,269.28,248.16,214.8,178.68,157.56,1,low_base_high_peak
63,2016-03-04,165.24,151.68,158.76,147.6,153.0,149.28,215.52,496.68,598.68,721.8,771.72,781.68,796.32,726.84,730.56,721.32,674.16,663.96,460.2,359.4,284.28,197.76,145.32,144.12,1,low_base_high_peak
64,2016-03-05,158.52,141.48,140.88,133.56,143.64,141.12,200.16,171.6,220.32,275.88,264.0,248.76,249.6,253.44,247.56,231.84,255.84,225.24,235.32,220.92,213.96,195.12,162.84,149.64,0,low_base_low_peak
65,2016-03-06,162.6,151.56,153.0,150.84,150.0,156.96,206.16,178.2,189.84,201.36,205.08,261.6,210.6,208.68,208.44,215.4,222.48,222.48,228.84,211.32,200.4,193.08,168.96,157.68,0,low_base_low_peak
66,2016-03-07,150.36,159.0,143.52,143.04,153.12,150.6,218.76,467.52,744.96,849.48,828.0,849.84,819.6,747.72,778.92,803.52,748.32,622.44,410.76,327.6,277.68,204.96,161.64,159.84,1,low_base_high_peak
67,2016-03-08,165.84,154.56,208.44,207.96,213.36,214.32,270.72,540.72,732.36,847.56,897.96,974.4,859.2,856.68,862.32,939.84,733.56,712.56,452.52,261.96,243.96,211.56,182.76,174.96,1,low_base_high_peak
68,2016-03-09,189.72,180.48,175.2,167.4,178.68,173.4,242.4,632.64,770.88,895.92,840.6,881.16,957.84,807.72,807.36,853.32,789.48,690.12,369.12,259.68,260.04,186.0,159.0,150.36,1,low_base_high_peak
69,2016-03-10,153.72,148.68,143.28,141.84,144.0,139.68,211.92,600.48,784.44,933.48,951.96,962.52,965.28,852.0,817.08,800.64,727.44,691.44,403.44,266.28,278.76,225.12,187.44,186.84,1,low_base_high_peak
70,2016-03-11,188.52,179.4,174.12,183.0,177.96,181.08,244.32,643.92,762.84,896.28,936.24,908.16,883.8,799.92,814.56,758.88,708.72,686.88,371.4,277.92,244.2,187.32,147.0,153.48,1,low_base_high_peak
71,2016-03-12,162.36,149.64,152.88,143.64,149.04,148.44,206.64,170.52,219.48,269.4,255.96,239.04,246.6,241.08,234.96,230.16,226.8,221.52,222.96,193.56,194.04,180.48,152.16,152.04,0,low_base_low_peak
72,2016-03-13,163.68,149.76,148.8,147.72,146.16,146.88,206.64,155.52,205.2,235.08,233.28,243.36,234.0,238.44,241.68,245.52,254.64,239.76,237.24,210.84,205.8,196.68,161.64,162.84,0,low_base_low_peak
73,2016-03-14,165.48,160.56,152.16,153.6,155.04,154.44,231.6,603.36,837.48,900.36,891.72,989.64,945.12,830.4,799.68,800.4,717.6,697.68,355.8,268.44,270.48,223.8,167.76,162.36,1,low_base_high_peak
74,2016-03-15,154.08,154.32,157.92,150.24,152.88,146.52,208.44,632.52,805.92,911.4,919.08,916.44,863.64,881.52,832.8,805.68,762.36,800.04,471.48,342.12,252.72,215.52,173.04,180.36,1,low_base_high_peak
75,2016-03-16,181.8,168.36,167.28,170.88,166.8,166.44,220.68,644.52,855.6,945.84,879.6,862.92,826.2,696.12,794.04,709.56,697.08,631.92,390.12,261.24,235.44,219.36,176.28,171.84,1,low_base_high_peak
76,2016-03-17,174.0,163.44,168.12,159.48,166.92,166.32,221.4,567.0,815.28,803.64,836.16,895.2,817.56,764.88,812.4,784.68,654.0,639.36,429.0,259.08,225.72,204.84,175.68,162.96,1,low_base_high_peak
77,2016-03-18,175.2,161.64,161.04,160.68,154.32,155.28,217.2,567.0,748.56,824.88,887.88,856.32,829.08,798.96,736.68,766.8,625.68,637.8,363.0,249.72,238.8,211.8,164.76,194.04,1,low_base_high_peak
78,2016-03-19,187.08,160.8,155.88,169.92,170.16,161.88,208.2,195.72,252.12,279.72,324.96,332.16,352.08,340.68,327.6,318.36,314.76,278.88,263.16,239.4,210.48,194.64,165.24,156.48,0,low_base_low_peak
79,2016-03-20,179.04,149.16,154.2,155.16,154.68,157.32,203.04,178.44,217.44,208.68,231.24,208.32,209.64,216.84,219.48,206.64,214.08,203.88,224.28,200.04,197.16,190.68,159.12,162.48,0,low_base_low_peak
80,2016-03-21,166.68,171.24,169.44,158.28,161.28,175.68,226.8,504.84,790.8,824.04,914.88,841.32,808.56,775.56,726.12,803.64,633.48,630.96,403.56,259.56,243.84,199.56,165.36,166.68,1,low_base_high_peak
81,2016-03-22,174.96,171.84,163.56,160.8,157.08,169.2,229.32,490.92,762.36,798.84,799.8,881.28,820.68,749.04,772.2,744.36,696.48,665.64,407.4,292.32,234.48,196.8,155.76,151.92,1,low_base_high_peak
82,2016-03-23,164.04,151.56,151.32,152.88,152.28,155.4,217.92,506.16,757.44,841.32,850.32,904.2,833.52,831.48,791.28,740.28,694.68,662.76,425.88,292.8,274.44,207.84,168.12,158.04,1,low_base_high_peak
83,2016-03-24,165.12,159.84,160.68,156.96,162.24,150.96,222.36,521.04,780.0,868.68,844.32,878.76,889.2,815.64,791.88,722.52,656.04,659.52,381.12,318.12,263.52,242.4,174.36,177.48,1,low_base_high_peak
84,2016-03-25,179.76,163.8,167.52,162.24,163.92,162.12,226.44,526.92,805.44,845.28,848.88,897.6,817.08,729.6,749.88,722.64,642.84,613.56,361.44,262.68,234.6,198.6,164.16,167.04,1,low_base_high_peak
85,2016-03-26,174.96,169.68,159.36,161.04,165.0,163.8,206.52,190.2,222.72,264.96,256.2,255.96,251.28,251.88,266.04,225.96,232.8,221.52,215.4,212.88,196.8,190.44,168.36,166.08,0,low_base_low_peak
86,2016-03-27,165.48,162.0,157.32,157.92,159.12,172.92,216.12,169.32,212.4,203.28,206.64,238.56,236.4,222.0,225.96,232.68,264.0,309.48,335.16,299.52,230.64,217.56,169.68,166.2,0,low_base_low_peak
87,2016-03-28,172.32,164.4,174.72,164.52,162.96,176.4,221.64,570.48,724.8,869.64,833.88,860.28,865.08,783.6,766.44,716.52,686.4,638.16,427.92,252.96,234.48,212.76,168.12,161.88,1,low_base_high_peak
88,2016-03-29,176.4,157.08,159.24,164.76,158.88,162.12,222.12,439.68,679.2,756.0,869.16,848.52,877.44,818.52,803.88,822.12,775.2,717.6,420.96,332.16,259.56,218.52,170.04,165.48,1,low_base_high_peak
89,2016-03-30,176.64,165.0,169.32,162.36,162.84,162.84,233.88,432.12,708.84,786.84,843.24,873.12,863.04,813.84,794.64,760.08,688.08,683.4,360.72,271.56,232.56,201.36,166.08,158.64,1,low_base_high_peak
90,2016-03-31,170.28,162.6,171.0,171.96,160.08,155.28,224.16,448.68,677.76,763.08,816.0,905.4,923.52,771.84,806.4,821.28,691.08,668.4,369.84,290.04,248.28,208.32,171.24,171.84,1,low_base_high_peak
91,2016-04-01,186.0,163.08,170.88,164.4,172.32,173.64,234.48,447.48,669.0,762.6,829.44,826.08,855.96,739.2,739.44,713.04,673.56,613.8,350.76,229.44,248.52,203.76,165.84,157.32,1,low_base_high_peak
92,2016-04-02,167.88,155.64,154.08,160.32,161.04,159.96,216.72,176.4,220.68,239.28,235.8,242.64,219.6,234.84,233.88,235.44,215.28,208.2,221.52,224.16,226.56,201.6,173.88,173.28,0,low_base_low_peak
93,2016-04-03,177.72,160.92,168.84,175.44,161.16,162.12,214.2,174.96,234.72,205.44,215.04,248.88,237.24,214.8,205.8,229.2,228.24,215.4,258.96,223.56,224.64,106.8,97.08,123.12,0,low_base_low_peak
94,2016-04-04,95.52,89.04,89.52,90.96,84.96,85.56,114.72,190.68,232.8,223.44,230.76,228.96,224.88,227.64,221.04,161.16,157.08,122.64,117.84,112.32,104.88,97.68,91.32,89.16,0,low_base_low_peak
95,2016-04-05,90.6,93.0,89.52,93.12,93.48,90.36,112.44,196.8,342.0,344.88,347.4,328.92,369.84,356.64,332.76,332.52,315.84,669.36,382.8,281.88,254.16,211.8,192.84,171.12,0,low_base_low_peak
96,2016-04-06,172.56,164.4,169.32,159.6,163.32,180.6,221.04,266.04,793.56,981.0,917.64,928.08,906.36,825.48,789.96,825.48,813.24,665.52,402.36,320.76,273.72,230.28,203.76,194.04,1,low_base_high_peak
97,2016-04-07,205.08,261.45,317.82,374.19,430.56,486.93,543.3,599.67,656.04,712.41,768.78,825.15,881.52,887.64,807.12,786.72,789.84,651.84,394.92,292.2,260.52,199.92,184.56,173.64,1,low_base_high_peak
98,2016-04-08,181.2,164.64,167.64,171.0,164.64,168.36,226.56,242.64,737.52,838.08,814.56,789.24,816.6,745.92,755.76,726.84,725.4,695.04,415.32,262.2,234.84,203.28,175.08,167.52,1,low_base_high_peak
99,2016-04-09,178.2,165.96,170.28,228.0,169.56,165.0,208.56,168.36,240.96,270.24,290.76,281.4,257.04,281.76,272.76,245.28,255.96,237.12,289.08,225.0,214.68,195.6,158.16,153.84,0,low_base_low_peak
100,2016-04-10,161.52,156.12,155.88,154.32,163.8,156.96,205.8,161.04,180.84,192.96,207.84,229.8,204.0,210.24,235.8,241.92,238.08,209.76,224.88,211.56,195.48,187.2,165.96,154.44,0,low_base_low_peak
101,2016-04-11,170.4,156.48,154.68,164.88,154.2,154.32,208.44,230.64,682.08,846.12,841.08,853.2,875.64,789.84,779.04,770.88,805.2,761.4,447.0,336.36,275.88,239.52,201.84,189.12,1,low_base_high_peak
102,2016-04-12,187.68,187.2,185.16,189.96,190.32,189.36,243.84,275.16,686.76,753.6,771.36,864.6,845.88,826.56,829.8,848.16,772.32,714.36,436.8,305.04,296.64,235.2,202.8,189.48,1,low_base_high_peak
103,2016-04-13,189.24,174.84,185.88,177.36,174.48,196.44,245.4,275.4,728.52,822.96,828.12,932.88,854.64,839.52,856.32,895.56,854.28,730.2,402.48,332.52,324.96,246.72,207.96,200.64,1,low_base_high_peak
104,2016-04-14,199.56,207.96,190.08,196.92,192.72,192.0,251.28,289.08,788.76,891.48,830.76,915.6,891.48,858.36,869.52,887.4,886.56,763.08,477.36,397.32,306.48,257.28,213.96,207.0,1,low_base_high_peak
105,2016-04-15,216.36,201.0,185.88,187.56,195.12,185.4,245.88,251.52,768.84,870.72,899.76,944.52,951.12,874.32,901.56,774.84,827.28,785.4,508.2,375.24,337.44,262.56,200.04,191.64,1,low_base_high_peak
106,2016-04-16,222.84,183.36,191.76,185.64,186.48,183.0,232.08,202.68,228.12,300.48,271.32,267.12,243.12,245.4,259.44,240.84,228.84,233.4,247.44,220.92,218.28,210.36,182.64,180.48,0,low_base_low_peak
107,2016-04-17,198.12,183.36,180.12,177.24,182.52,182.4,221.88,192.96,210.0,222.48,221.76,235.8,237.0,224.4,219.72,232.32,221.28,221.76,239.64,215.4,225.96,210.72,184.56,185.88,0,low_base_low_peak
108,2016-04-18,193.08,179.64,184.92,173.52,182.64,179.16,240.24,266.04,760.56,761.88,809.76,864.48,836.52,819.48,903.6,913.32,810.84,731.4,403.32,332.76,290.28,256.44,218.88,190.44,1,low_base_high_peak
109,2016-04-19,197.76,183.84,179.52,189.0,180.12,190.8,235.32,307.68,749.4,786.72,798.12,911.76,855.6,756.0,846.0,835.56,817.56,823.44,444.12,313.56,262.44,219.24,199.68,185.64,1,low_base_high_peak
110,2016-04-20,191.4,189.6,182.52,185.52,183.48,183.72,243.84,265.56,708.0,866.28,836.16,906.6,904.08,895.08,945.72,887.88,855.24,737.76,417.48,285.96,239.4,205.2,187.2,185.04,1,low_base_high_peak
111,2016-04-21,189.36,179.04,178.8,184.8,187.44,183.72,250.44,281.4,692.52,813.12,840.72,922.08,897.36,898.56,918.48,847.8,901.56,757.8,386.88,316.92,256.56,204.12,171.12,175.32,1,low_base_high_peak
112,2016-04-22,184.32,166.92,167.4,174.0,171.72,169.2,229.32,271.92,774.72,866.16,887.64,976.44,964.92,859.08,902.88,843.36,826.2,756.0,374.28,267.36,250.32,208.2,186.24,182.28,1,low_base_high_peak
113,2016-04-23,185.52,177.84,174.0,169.44,167.64,165.6,243.6,194.4,252.0,284.4,250.44,251.76,276.48,263.28,266.04,247.32,240.48,237.84,246.12,209.64,189.36,163.32,152.16,148.08,0,low_base_low_peak
114,2016-04-24,153.48,143.52,143.64,146.16,139.56,142.92,202.56,153.72,169.44,165.48,201.6,198.24,201.12,183.96,192.24,203.76,193.08,186.96,231.48,192.96,183.84,173.64,157.92,150.24,0,low_base_low_peak
115,2016-04-25,162.24,150.72,149.04,150.96,146.88,146.4,219.96,259.92,589.56,742.8,750.12,804.48,818.52,783.24,803.16,749.28,762.36,639.48,393.24,272.4,236.16,183.6,168.0,161.64,1,low_base_high_peak
116,2016-04-26,171.72,152.52,153.48,157.92,159.72,154.2,230.76,226.08,613.32,693.72,737.88,778.92,772.8,712.92,728.04,722.4,754.8,660.36,443.64,288.6,259.92,216.0,152.04,149.88,1,low_base_high_peak
117,2016-04-27,159.12,144.84,142.8,157.2,138.84,152.76,215.64,255.6,620.04,693.24,705.84,767.52,738.6,774.84,678.84,704.76,684.12,618.0,395.88,245.04,223.56,188.64,171.96,159.72,1,low_base_high_peak
118,2016-04-28,156.36,144.72,150.36,149.88,150.36,144.0,219.36,278.04,643.32,725.88,769.68,817.92,813.72,739.08,758.76,728.52,720.12,639.96,378.12,292.08,271.08,194.88,165.72,161.4,1,low_base_high_peak
119,2016-04-29,159.12,159.6,155.76,159.36,157.68,154.68,221.16,273.24,329.5866666666667,385.93333333333334,442.28,498.62666666666667,554.9733333333334,611.3199999999999,667.6666666666666,724.0133333333333,780.36,712.8,348.24,257.04,205.2,183.6,165.84,154.32,0,low_base_low_peak
120,2016-04-30,145.08,147.24,147.36,147.48,146.28,147.48,191.4,168.0,213.96,204.36,222.6,224.04,195.6,209.52,219.96,176.52,215.4,201.6,205.8,191.64,196.56,155.64,154.2,154.32,0,low_base_low_peak
121,2016-05-01,161.28,137.76,144.72,143.16,139.8,146.52,202.56,154.56,175.8,179.16,183.72,188.64,178.56,185.64,176.64,179.88,175.8,172.92,199.68,187.44,183.36,162.84,148.32,148.2,0,low_base_low_peak
122,2016-05-02,161.28,147.48,145.08,141.6,145.8,147.24,192.84,160.56,262.32,274.2,252.36,264.84,276.96,288.84,301.56,263.16,267.72,206.16,204.72,192.36,183.36,152.4,153.12,149.04,0,low_base_low_peak
123,2016-05-03,164.52,150.0,148.2,142.56,145.2,144.72,213.6,245.4,705.0,796.32,800.64,867.6,812.64,730.44,738.84,737.88,769.68,738.84,389.16,295.68,256.32,202.92,169.44,161.52,1,low_base_high_peak
124,2016-05-04,173.52,164.52,156.48,157.68,150.24,159.96,213.84,269.16,734.88,816.84,852.96,880.8,872.04,789.24,839.16,814.08,792.72,724.56,417.84,320.16,272.04,224.64,219.24,202.32,1,low_base_high_peak
125,2016-05-05,206.4,197.88,191.76,202.68,195.96,196.44,258.12,290.28,760.32,812.76,853.2,867.0,894.0,802.68,791.88,797.28,785.64,716.52,418.8,292.56,240.0,222.0,164.76,165.0,1,low_base_high_peak
126,2016-05-06,168.12,184.56,165.72,153.12,155.28,148.56,225.0,214.68,759.6,873.24,949.92,1018.32,980.28,917.4,892.56,865.68,898.08,749.04,419.76,307.44,243.36,193.6,165.12,163.68,1,low_base_high_peak
127,2016-05-07,146.64,153.12,157.44,157.56,158.88,152.88,255.84,176.64,233.88,282.84,269.52,262.92,272.28,313.32,279.12,275.28,267.96,235.08,266.16,215.16,202.92,185.04,169.44,158.88,0,low_base_low_peak
128,2016-05-08,178.56,162.48,164.76,171.72,163.8,159.12,221.52,174.72,190.44,204.36,213.36,196.44,207.72,194.04,220.92,238.68,209.76,209.04,227.16,228.24,217.08,173.16,167.28,165.72,0,low_base_low_peak
129,2016-05-09,169.08,161.4,157.92,159.84,155.76,164.52,228.48,263.76,714.36,839.28,764.52,822.72,805.68,769.44,762.6,754.68,771.36,733.08,406.8,285.36,235.68,189.12,165.96,175.8,1,low_base_high_peak
130,2016-05-10,174.36,166.56,170.52,157.44,170.52,162.36,226.92,248.16,670.68,788.4,699.36,813.96,771.0,708.48,776.16,752.52,706.92,659.76,473.88,418.92,283.8,201.96,191.88,183.0,1,low_base_high_peak
131,2016-05-11,183.36,170.4,169.2,163.32,166.56,160.56,237.48,242.64,709.44,775.56,782.76,802.08,789.6,732.12,762.12,801.36,771.6,735.12,550.56,370.44,293.88,191.4,187.56,159.72,1,low_base_high_peak
132,2016-05-12,166.32,161.4,158.76,155.04,158.76,158.88,239.16,221.64,594.0,800.04,753.6,808.44,799.56,712.32,811.68,785.4,766.92,627.72,407.04,299.4,240.36,185.4,155.28,154.44,1,low_base_high_peak
133,2016-05-13,162.24,155.64,148.8,148.56,151.44,154.44,211.56,253.2,678.12,731.64,736.08,799.92,814.32,797.4,759.72,760.68,703.68,580.56,422.52,277.2,258.72,202.92,192.96,163.32,1,low_base_high_peak
134,2016-05-14,165.96,166.68,158.04,159.12,153.36,157.56,210.12,183.84,203.52,232.08,204.48,204.48,222.6,224.28,208.08,222.12,222.84,229.44,213.24,197.64,199.2,180.72,164.88,157.56,0,low_base_low_peak
135,2016-05-15,179.52,157.68,154.32,159.48,148.44,150.12,215.04,174.0,196.32,193.2,206.76,199.92,206.64,201.6,224.16,211.2,202.56,212.04,217.08,211.56,211.92,178.92,170.28,164.52,0,low_base_low_peak
136,2016-05-16,180.72,159.6,165.0,161.16,156.96,158.76,244.08,277.2,629.64,783.36,712.56,791.28,791.16,673.56,805.44,734.16,736.68,686.64,412.8,294.6,292.32,201.24,181.32,165.0,1,low_base_high_peak
137,2016-05-17,172.44,155.04,157.08,155.04,146.52,157.68,225.48,316.2,659.4,719.52,769.56,774.84,776.28,713.04,716.76,747.0,688.44,654.72,432.24,335.4,230.16,211.92,182.88,176.4,1,low_base_high_peak
138,2016-05-18,170.4,177.48,159.72,171.6,165.12,166.56,227.76,296.88,672.72,708.6,722.52,784.92,769.08,690.6,726.84,680.76,687.12,643.32,442.8,287.16,255.12,192.6,167.64,185.16,1,low_base_high_peak
139,2016-05-19,175.92,166.32,160.8,167.52,151.68,158.28,241.2,220.08,690.36,738.0,787.08,840.48,789.0,758.28,750.84,754.92,715.92,641.88,397.8,271.92,277.44,197.16,184.56,172.2,1,low_base_high_peak
140,2016-05-20,169.2,151.56,167.16,168.6,160.44,172.44,231.36,289.8,634.32,829.8,733.44,792.12,768.6,811.8,758.4,698.52,701.28,687.24,428.04,306.24,276.12,182.04,173.28,169.68,1,low_base_high_peak
141,2016-05-21,185.76,167.76,165.84,165.96,167.04,168.84,216.72,179.52,269.76,279.24,299.04,311.76,291.96,294.96,313.56,284.4,286.08,285.48,259.8,220.2,223.08,186.36,172.8,173.4,0,low_base_low_peak
142,2016-05-22,169.44,173.64,162.48,166.44,167.28,165.84,260.28,184.8,235.92,220.56,213.96,240.6,219.72,209.64,210.6,235.92,203.04,199.56,244.32,207.24,193.08,166.44,165.12,162.96,0,low_base_low_peak
143,2016-05-23,165.0,168.72,154.8,157.32,153.36,149.4,233.28,198.0,630.6,668.52,674.64,730.8,795.12,722.4,770.76,780.12,696.96,622.92,401.88,332.76,266.52,215.28,188.04,178.56,1,low_base_high_peak
144,2016-05-24,179.4,174.48,168.6,163.92,166.92,167.88,241.08,234.0,597.6,681.48,696.96,736.2,779.28,735.6,732.96,743.16,731.88,695.76,411.72,286.8,299.04,202.68,183.6,174.48,1,low_base_high_peak
145,2016-05-25,184.2,170.88,172.2,169.2,187.8,176.64,251.28,270.72,615.12,778.92,770.88,794.16,825.12,815.88,811.8,845.04,803.88,763.32,463.44,338.4,288.36,188.4,178.32,175.56,1,low_base_high_peak
146,2016-05-26,185.28,164.76,168.48,168.72,171.72,162.36,234.84,247.08,722.4,818.88,798.36,869.64,906.6,787.68,875.04,834.96,776.76,646.68,478.44,281.88,245.28,210.12,185.76,177.0,1,low_base_high_peak
147,2016-05-27,169.32,168.84,172.44,162.72,162.12,161.28,248.52,262.56,640.68,813.48,864.36,838.68,828.84,834.84,853.2,806.28,779.16,694.56,522.84,433.8,384.84,311.04,233.52,225.48,1,low_base_high_peak
148,2016-05-28,223.56,215.4,209.4,203.52,198.84,211.92,268.44,224.52,273.96,294.24,283.92,281.64,277.8,298.68,315.0,301.56,282.0,297.24,279.36,284.04,260.16,236.04,212.88,216.84,0,low_base_low_peak
149,2016-05-29,224.88,232.08,213.12,208.92,207.84,204.48,263.28,220.56,246.48,237.6,266.4,235.2,215.04,214.92,223.56,220.08,223.08,225.48,238.32,205.08,202.2,174.84,165.24,169.8,0,low_base_low_peak
150,2016-05-30,173.88,166.56,170.28,158.52,165.6,156.12,240.48,278.04,697.32,819.0,809.76,868.56,832.68,786.84,819.0,771.96,767.52,678.12,422.16,309.36,283.92,226.32,193.68,182.16,1,low_base_high_peak
151,2016-05-31,193.56,193.44,189.24,183.12,176.04,178.2,254.28,336.12,739.8,794.88,797.28,876.12,890.28,828.0,802.56,862.56,821.64,778.2,405.48,327.6,285.24,207.48,194.16,195.84,1,low_base_high_peak
152,2016-06-01,200.4,189.84,188.88,184.32,180.96,186.96,246.96,254.04,666.96,791.52,795.0,841.8,764.04,695.4,769.32,744.96,625.2,594.24,452.28,283.8,237.48,191.04,176.64,186.12,1,low_base_high_peak
153,2016-06-02,187.44,175.32,171.48,179.28,173.88,175.8,234.96,256.44,624.6,671.16,757.44,774.36,803.64,750.84,788.4,720.96,665.88,682.8,485.52,320.28,267.96,213.36,190.68,189.24,1,low_base_high_peak
154,2016-06-03,195.6,189.12,185.64,174.6,182.4,183.12,242.64,246.48,619.92,712.08,720.6,780.48,745.08,747.0,692.76,748.56,667.32,668.64,523.68,430.2,321.96,237.6,200.04,194.4,1,low_base_high_peak
155,2016-06-04,197.16,187.92,190.56,189.36,191.04,187.2,246.48,208.92,306.24,319.68,307.2,296.28,297.0,273.0,280.92,298.44,321.0,289.56,291.24,247.92,231.24,204.12,196.56,215.64,0,low_base_low_peak
156,2016-06-05,200.16,193.44,182.28,181.56,183.84,189.84,243.0,203.16,218.04,228.6,283.8,241.68,272.52,243.72,248.16,259.08,270.6,241.08,242.52,263.16,229.2,208.44,192.36,195.96,0,low_base_low_peak
157,2016-06-06,198.96,188.04,184.44,180.72,189.24,185.4,239.76,262.56,649.68,760.32,837.72,870.24,824.04,781.92,824.28,830.64,812.76,700.56,448.68,307.44,260.88,220.8,210.96,190.8,1,low_base_high_peak
158,2016-06-07,182.4,179.64,173.28,174.36,173.16,171.6,233.4,285.12,639.48,752.28,790.92,847.8,815.52,818.64,805.56,774.96,792.48,674.28,418.68,285.96,252.6,222.24,198.12,188.16,1,low_base_high_peak
159,2016-06-08,188.52,178.8,175.2,177.84,174.72,178.32,239.4,326.88,680.64,843.48,813.0,858.96,915.24,778.44,802.32,812.16,775.8,684.6,429.84,349.56,256.8,199.2,198.0,175.92,1,low_base_high_peak
160,2016-06-09,185.88,183.36,166.08,175.2,166.44,161.28,216.12,197.04,302.64,328.32,312.72,305.64,316.56,321.96,347.52,320.64,306.84,232.2,260.28,222.6,228.12,210.84,193.32,192.12,0,low_base_low_peak
161,2016-06-10,192.84,191.64,190.92,186.48,182.52,183.96,220.68,214.08,296.16,283.32,330.96,313.08,309.72,321.84,333.96,316.92,320.88,231.24,271.44,270.0,249.6,194.52,198.48,186.6,0,low_base_low_peak
162,2016-06-11,193.56,192.84,186.96,192.12,194.88,180.12,228.84,198.6,202.68,229.56,239.16,256.44,229.08,252.0,238.68,230.76,246.6,246.72,259.08,240.0,236.04,184.2,172.56,162.6,0,low_base_low_peak
163,2016-06-12,176.16,167.16,169.08,164.04,155.4,157.2,207.72,298.08,724.56,817.32,866.64,876.48,877.56,813.6,771.48,797.52,746.76,733.44,496.08,331.2,301.44,224.16,204.48,206.88,1,low_base_high_peak
164,2016-06-13,213.6,211.56,196.32,194.16,198.72,197.04,262.32,302.16,766.56,876.48,891.6,903.48,944.04,849.24,875.4,871.92,829.44,791.88,446.76,354.6,316.8,224.4,203.04,200.88,1,low_base_high_peak
165,2016-06-14,191.16,179.64,178.44,179.4,184.32,180.72,230.64,240.48,780.12,839.04,912.24,919.2,937.32,922.92,939.36,861.84,925.56,850.08,428.4,342.12,292.8,248.52,215.4,207.48,1,low_base_high_peak
166,2016-06-15,216.24,199.68,206.76,192.0,209.88,198.24,252.24,328.32,850.92,905.16,923.52,1020.36,983.28,909.36,896.4,855.48,830.52,759.72,419.88,391.92,285.72,266.04,223.92,213.0,1,low_base_high_peak
167,2016-06-16,218.88,211.44,190.56,203.04,205.08,188.52,268.68,304.68,798.12,954.6,996.72,920.28,868.8,901.2,868.32,847.2,822.0,789.96,427.32,295.2,289.44,252.96,204.0,187.44,1,low_base_high_peak
168,2016-06-17,202.2,191.64,182.04,184.68,193.92,179.76,253.92,298.92,845.64,890.64,919.68,952.92,918.84,930.36,926.4,857.04,865.2,778.08,489.12,372.96,367.2,312.6,206.28,195.12,1,low_base_high_peak
169,2016-06-18,208.68,181.32,180.24,182.28,180.36,175.44,228.24,215.28,274.68,322.56,362.88,482.64,373.68,401.4,481.44,470.04,468.24,543.48,485.28,464.4,474.96,337.56,305.04,244.56,0,low_base_low_peak
170,2016-06-19,231.72,230.16,215.28,232.2,227.16,219.96,271.44,219.12,252.72,301.8,356.04,345.24,341.28,344.76,326.28,331.68,346.44,348.36,319.08,318.0,319.68,264.6,228.48,221.52,0,low_base_low_peak
171,2016-06-20,219.12,216.6,210.12,212.4,214.44,210.48,265.32,336.12,905.88,1026.0,1039.32,999.48,936.6,963.96,881.16,889.56,864.0,818.04,582.84,521.28,473.04,309.12,273.12,239.52,1,low_base_high_peak
172,2016-06-21,256.56,277.44,225.6,230.16,249.24,231.72,302.04,429.36,873.6,994.44,1034.52,1047.12,1039.08,970.92,995.88,996.96,1019.4,899.04,615.72,491.16,431.52,393.72,294.12,290.28,1,low_base_high_peak
173,2016-06-22,282.24,261.36,270.96,259.8,262.92,267.36,325.44,475.2,972.72,1024.8,1065.84,1009.08,1019.28,923.52,961.08,889.8,923.4,811.08,624.84,456.96,406.08,355.44,284.64,273.36,1,low_base_high_peak
174,2016-06-23,265.68,255.24,258.48,264.0,252.96,259.08,319.08,360.0,897.24,956.4,999.48,1026.84,943.32,916.8,936.84,976.8,940.32,938.16,682.44,554.4,482.4,431.04,299.16,278.16,1,low_base_high_peak
175,2016-06-24,349.08,251.64,242.64,266.88,252.72,247.2,307.92,422.28,947.28,1049.64,1128.96,1091.76,1098.0,1059.72,1021.8,1034.88,985.8,859.92,713.28,501.12,502.68,409.2,267.0,255.72,1,low_base_high_peak
176,2016-06-25,241.68,234.12,239.88,248.4,235.44,235.68,275.52,272.16,368.64,410.04,389.64,374.4,393.36,386.16,404.52,393.48,335.64,343.44,315.36,327.72,335.28,306.0,264.96,266.04,0,low_base_low_peak
177,2016-06-26,258.6,252.24,250.92,248.76,245.88,263.04,324.48,267.48,307.32,340.08,322.92,334.44,338.64,336.12,375.0,334.92,349.2,352.32,326.64,374.64,349.32,318.96,277.08,266.52,0,low_base_low_peak
178,2016-06-27,273.0,259.92,256.92,258.6,257.04,261.12,306.12,435.96,874.32,897.72,891.6,923.76,881.52,817.56,837.72,806.16,785.28,699.84,463.2,383.4,318.6,266.64,242.88,203.76,1,low_base_high_peak
179,2016-06-28,206.64,207.0,196.08,199.68,191.28,201.72,244.8,336.84,743.4,799.2,974.4,912.0,949.32,967.68,853.68,813.36,776.04,748.8,517.2,446.04,357.24,315.48,261.12,246.96,1,low_base_high_peak
180,2016-06-29,257.88,237.36,234.6,232.2,240.12,233.52,286.32,404.52,793.92,797.76,869.28,931.8,935.04,897.36,903.6,874.08,861.12,829.92,539.52,385.92,364.68,344.88,268.8,259.32,1,low_base_high_peak
181,2016-06-30,246.24,236.16,229.08,235.68,236.52,237.6,299.28,377.52,830.28,880.2,924.0,952.2,994.56,931.92,949.32,959.76,895.44,829.32,511.68,439.56,383.4,350.16,267.96,264.72,1,low_base_high_peak
182,2016-07-01,271.68,273.84,238.08,248.64,232.68,240.96,299.64,347.4,805.8,915.48,971.64,988.56,939.36,910.08,904.2,873.48,936.96,799.08,585.48,434.16,385.68,298.92,239.16,238.8,1,low_base_high_peak
183,2016-07-02,243.6,231.0,230.64,225.12,216.12,228.96,268.68,257.64,368.16,432.12,474.24,454.32,465.0,420.6,440.76,428.4,477.84,357.12,335.76,344.4,295.44,299.76,245.76,240.96,0,low_base_low_peak
184,2016-07-03,252.6,230.28,230.28,229.2,239.4,233.16,282.36,241.68,287.76,344.16,359.4,365.16,429.84,418.68,362.16,371.76,342.72,306.0,369.36,359.64,345.24,325.92,243.96,240.0,0,low_base_low_peak
185,2016-07-04,243.48,236.76,234.24,235.92,235.68,237.0,293.52,399.72,864.36,934.08,1066.68,1048.56,1014.84,1011.0,994.32,945.48,1011.0,879.84,515.16,475.92,414.72,348.84,265.08,250.92,1,low_base_high_peak
186,2016-07-05,256.32,242.88,245.16,249.36,253.44,242.52,301.32,427.32,883.32,908.04,993.36,970.68,1038.6,894.84,903.72,864.6,932.16,837.48,545.28,434.52,404.04,357.96,306.12,253.44,1,low_base_high_peak
187,2016-07-06,248.52,237.24,246.48,237.72,234.72,230.28,277.68,363.72,878.28,867.84,984.6,973.92,951.96,943.68,935.04,936.48,910.92,827.16,551.64,472.08,396.84,318.36,280.08,257.04,1,low_base_high_peak
188,2016-07-07,270.72,252.96,246.12,250.32,249.12,249.24,298.2,405.48,916.92,944.52,929.64,1015.92,967.56,937.68,971.28,966.12,931.8,831.0,442.68,438.84,409.44,323.4,259.8,230.52,1,low_base_high_peak
189,2016-07-08,248.4,242.52,240.6,236.28,235.44,242.4,274.32,347.16,809.4,902.28,942.72,966.72,1001.88,989.88,957.12,939.24,945.84,847.8,558.84,478.2,383.4,370.2,287.64,273.48,1,low_base_high_peak
190,2016-07-09,267.96,299.16,241.8,242.64,237.72,247.32,282.36,280.8,396.84,416.64,450.6,524.16,484.2,477.6,496.08,460.08,370.8,364.8,346.2,408.96,369.12,372.0,265.68,252.0,0,low_base_low_peak
191,2016-07-10,259.92,248.16,258.36,243.6,244.32,236.04,268.56,259.68,292.56,273.84,375.12,397.2,393.6,412.2,449.4,442.92,453.84,462.6,355.8,352.2,350.16,283.68,243.24,241.44,0,low_base_low_peak
192,2016-07-11,252.6,246.84,238.8,238.68,226.68,242.04,357.72,382.92,917.88,969.0,1012.68,1009.56,996.48,1100.28,1008.0,1014.12,931.2,879.36,515.28,491.76,432.72,405.24,309.84,258.84,1,low_base_high_peak
193,2016-07-12,268.2,258.12,243.0,258.0,246.84,243.48,288.24,397.44,877.44,935.52,998.04,1021.8,950.64,962.64,1097.76,1017.6,982.92,858.72,561.84,439.2,440.88,310.44,276.0,275.76,1,low_base_high_peak
194,2016-07-13,259.08,254.04,240.48,243.24,257.64,240.72,288.6,408.84,912.72,983.76,1099.8,1102.8,1068.96,1062.12,1094.76,1057.56,1034.04,931.2,635.64,558.48,420.0,358.32,286.92,287.28,1,low_base_high_peak
195,2016-07-14,279.0,269.16,274.32,275.4,264.12,272.04,300.6,430.92,963.72,1076.88,1028.76,1044.24,979.08,976.32,991.44,959.16,1009.56,886.2,670.68,569.04,426.72,383.16,295.56,287.76,1,low_base_high_peak
196,2016-07-15,289.08,276.84,270.12,271.32,275.28,270.6,313.92,428.04,900.48,971.16,1067.76,1015.08,1100.04,1066.2,1110.36,1066.68,1029.84,988.44,633.96,496.56,447.96,363.6,299.64,321.36,1,low_base_high_peak
197,2016-07-16,299.16,280.8,265.8,271.8,267.36,263.4,304.68,292.68,449.64,465.72,479.04,468.84,466.68,491.04,543.36,497.16,440.88,371.88,406.32,386.28,331.32,312.36,260.64,266.28,0,low_base_low_peak
198,2016-07-17,267.72,258.0,270.12,258.96,244.32,254.52,297.96,266.76,320.88,330.72,419.28,394.2,398.52,434.28,431.88,441.48,441.24,441.24,441.24,441.24,441.24,441.24,441.24,441.24,0,low_base_low_peak
199,2016-07-18,1092.48,1092.48,1092.48,1092.48,1092.48,1092.48,1092.48,1092.48,1092.48,1092.48,1092.48,1092.48,1092.48,1092.48,1092.48,1076.52,1031.64,942.0,667.56,507.48,453.72,387.84,335.28,282.36,2,high_morning_low_afternoon
200,2016-07-19,310.92,318.72,279.36,288.6,268.2,255.12,308.88,446.64,978.6,1068.12,1158.24,1143.72,1089.96,1133.4,1149.48,1060.32,1037.16,950.28,595.56,475.8,440.52,403.68,283.44,281.28,1,low_base_high_peak
201,2016-07-20,271.44,281.28,277.68,270.24,270.48,271.8,305.76,428.04,972.96,1079.52,1141.44,1114.92,1135.56,1105.44,1057.68,1075.68,1063.92,1010.88,699.96,691.92,573.36,458.52,317.88,345.84,1,low_base_high_peak
202,2016-07-21,299.64,280.32,280.8,278.88,271.92,271.92,298.56,464.64,983.64,1141.32,1098.6,1157.88,1092.0,1098.0,1091.4,1061.64,1095.72,950.52,693.36,569.52,554.64,303.48,240.96,238.8,1,low_base_high_peak
203,2016-07-22,246.36,227.04,230.16,229.68,225.96,222.0,241.92,752.28,970.2,1035.24,1073.88,1151.04,1174.2,1079.28,1111.32,1085.28,1071.0,995.88,646.32,591.72,572.16,297.9,247.8,246.84,1,low_base_high_peak
204,2016-07-23,247.8,231.72,234.0,221.52,245.88,232.68,264.36,264.96,435.6,477.72,567.12,639.6,526.92,531.36,530.88,510.24,496.56,508.92,431.04,396.84,373.8,332.04,237.0,234.24,0,low_base_low_peak
205,2016-07-24,246.48,226.44,239.04,223.2,224.28,232.44,261.48,250.08,323.4,407.88,508.2,500.88,527.4,503.52,527.28,540.12,507.24,550.2,424.08,403.2,367.8,316.68,290.28,270.0,0,low_base_low_peak
206,2016-07-25,240.24,225.72,225.0,224.64,211.68,217.44,322.92,793.32,1024.2,1121.88,1155.12,1231.68,1156.08,1132.2,1048.32,1153.56,1063.8,1061.04,780.36,664.56,577.2,394.32,266.52,245.64,1,low_base_high_peak
207,2016-07-26,246.72,245.16,231.0,229.2,235.8,233.16,629.4,763.56,951.12,1066.2,1043.76,1162.32,1197.72,1128.24,1068.84,1110.36,1152.36,1022.04,754.44,674.04,572.76,418.44,286.68,249.0,1,low_base_high_peak
208,2016-07-27,249.12,232.8,246.96,245.64,237.36,233.88,703.56,801.84,997.08,1072.8,1157.64,1145.76,1141.56,992.52,1086.96,1098.96,1043.04,1023.48,704.88,586.8,518.04,312.84,262.44,254.4,1,low_base_high_peak
209,2016-07-28,273.72,256.56,246.96,252.84,250.2,249.84,689.76,786.24,990.84,1095.84,1109.28,1121.76,1129.08,1083.48,1070.04,1091.04,1036.92,970.2,691.56,529.32,502.56,341.28,260.52,271.44,1,low_base_high_peak
210,2016-07-29,259.2,244.92,246.12,257.76,246.36,245.28,710.4,809.64,981.72,1050.84,1125.72,1203.36,1188.48,1120.08,1084.2,1063.92,1019.76,951.48,608.28,507.0,491.76,326.4,318.84,270.0,1,low_base_high_peak
211,2016-07-30,292.08,307.44,248.64,253.32,244.56,242.16,279.0,260.04,382.68,459.36,602.52,611.52,549.84,574.44,555.96,571.2,565.32,518.76,491.4,465.72,401.16,345.48,278.64,245.16,0,low_base_low_peak
212,2016-07-31,239.4,231.36,228.36,223.68,227.16,224.76,261.24,236.28,284.76,360.24,418.68,504.96,464.16,462.96,513.24,420.72,478.08,465.24,447.0,406.8,399.6,352.32,255.72,236.16,0,low_base_low_peak
213,2016-08-01,258.0,240.36,240.12,247.56,231.48,224.28,597.6,768.96,976.2,1151.16,1147.92,1126.08,1108.08,1077.36,1041.12,1022.88,975.96,926.76,606.36,622.8,541.32,337.68,258.72,243.72,1,low_base_high_peak
214,2016-08-02,246.96,245.76,238.44,240.48,228.0,241.68,612.96,771.0,972.12,1041.84,1099.8,1082.28,1084.32,994.32,988.44,990.24,976.44,940.92,556.2,485.16,467.64,386.04,241.8,265.2,1,low_base_high_peak
215,2016-08-03,305.04,293.88,289.92,284.16,288.24,273.36,376.8,734.4,935.4,971.28,1073.4,1119.84,1122.72,1069.44,992.16,973.2,953.88,868.68,586.92,505.8,423.6,314.04,270.36,264.12,1,low_base_high_peak
216,2016-08-04,290.4,257.28,287.04,302.52,299.64,276.12,330.84,750.12,858.84,1016.76,1061.88,1042.08,1042.2,975.36,950.64,922.92,960.6,932.76,652.08,525.24,423.48,327.0,237.84,235.2,1,low_base_high_peak
217,2016-08-05,230.04,217.2,219.6,217.44,225.24,219.48,299.76,716.16,805.56,1000.2,991.32,1031.28,1012.56,1005.72,1040.28,988.2,952.56,953.04,610.8,554.28,444.96,315.0,266.76,247.44,1,low_base_high_peak
218,2016-08-06,251.52,249.48,232.68,241.2,222.72,231.72,259.2,269.52,416.52,443.64,484.08,460.2,459.84,423.84,441.24,430.68,411.36,408.72,392.04,404.88,380.04,287.64,243.48,241.08,0,low_base_low_peak
219,2016-08-07,241.92,225.36,235.8,224.04,244.32,232.44,255.0,246.24,366.36,381.84,429.96,395.28,406.08,386.04,387.48,393.72,401.52,396.48,359.16,379.08,347.76,279.12,239.4,239.16,0,low_base_low_peak
220,2016-08-08,259.92,240.96,248.04,247.2,234.0,231.36,572.28,786.24,961.08,1062.48,1061.76,1154.52,1112.28,1051.08,1065.6,1010.04,959.4,863.52,572.4,461.76,407.28,293.64,250.44,228.6,1,low_base_high_peak
221,2016-08-09,225.24,219.12,233.64,235.08,222.72,230.4,338.28,723.24,824.16,966.12,976.32,1068.6,1077.0,935.16,940.32,979.08,921.24,853.8,545.52,458.64,387.6,315.96,259.08,263.52,1,low_base_high_peak
222,2016-08-10,249.0,244.56,241.08,234.24,239.04,236.04,301.2,747.0,865.32,1034.52,1032.48,1072.56,1087.8,965.64,1020.12,974.16,911.88,830.28,590.52,468.48,411.24,297.6,260.4,243.24,1,low_base_high_peak
223,2016-08-11,244.32,235.92,234.24,234.36,227.28,240.96,300.24,736.68,895.8,1030.92,1040.64,1079.16,1002.72,957.6,1011.24,937.92,936.12,892.2,484.2,474.6,418.8,334.2,265.2,273.0,1,low_base_high_peak
224,2016-08-12,250.8,235.56,240.6,228.72,247.2,241.92,309.0,757.56,877.8,999.48,1067.76,1044.72,1046.64,974.64,1012.08,989.28,970.8,882.96,548.64,432.72,376.44,318.3,266.04,258.72,1,low_base_high_peak
225,2016-08-13,249.48,247.44,238.8,238.68,250.08,249.36,279.48,344.64,539.28,630.84,619.44,663.12,640.92,582.72,571.44,578.28,582.96,471.72,474.36,494.28,393.24,319.08,311.4,287.4,1,low_base_high_peak
226,2016-08-14,323.16,311.16,306.48,312.24,308.52,309.96,340.8,313.8,402.36,433.44,379.68,373.56,397.2,367.92,394.44,454.32,454.56,384.24,384.48,404.28,359.16,288.84,255.96,231.12,0,low_base_low_peak
227,2016-08-15,242.28,242.88,224.4,229.92,217.44,230.52,498.0,825.96,1007.4,1101.24,1141.68,1109.28,1142.76,1101.24,1126.56,1058.76,1042.56,1034.64,557.04,501.12,451.8,362.4,288.48,253.56,1,low_base_high_peak
228,2016-08-16,255.48,258.12,247.92,239.04,247.32,233.52,329.16,828.24,948.12,1042.44,1104.72,1106.52,1134.36,1018.32,1030.2,995.76,1042.8,889.8,664.2,483.48,446.88,301.8,265.32,253.32,1,low_base_high_peak
229,2016-08-17,260.76,253.2,254.4,231.36,233.4,228.96,308.16,803.64,944.64,1030.92,1088.28,1107.96,1090.08,1018.8,1065.0,1019.16,1047.96,903.24,581.64,457.44,416.16,302.16,263.76,246.48,1,low_base_high_peak
230,2016-08-18,260.52,238.56,237.96,235.68,223.92,226.44,292.44,801.96,905.88,1018.2,1071.6,1138.08,1108.44,1042.32,1058.52,1015.8,1003.56,929.04,668.76,498.72,444.48,409.08,263.28,247.32,1,low_base_high_peak
231,2016-08-19,246.48,238.8,239.16,230.28,233.88,237.96,320.64,792.12,900.36,1030.68,1025.76,1074.36,1138.2,1036.56,1063.08,1033.68,1029.84,931.44,563.88,464.76,432.12,326.76,259.44,252.84,1,low_base_high_peak
232,2016-08-20,238.8,227.4,227.76,231.36,222.84,233.76,262.08,262.56,415.68,441.24,484.44,486.12,485.52,468.36,470.88,480.96,479.4,442.44,433.32,382.68,364.8,276.36,235.8,237.48,0,low_base_low_peak
233,2016-08-21,242.52,231.96,246.24,226.92,225.96,237.72,255.36,278.28,423.24,429.0,470.52,483.84,512.88,496.8,461.64,448.92,462.6,445.56,428.88,391.92,378.48,277.08,258.36,247.2,0,low_base_low_peak
234,2016-08-22,256.44,234.24,248.88,222.36,237.96,232.92,511.8,847.92,987.96,1100.76,1068.36,1125.24,1086.96,1014.6,1043.52,1006.92,943.92,936.48,502.92,475.2,416.4,315.12,287.28,250.32,1,low_base_high_peak
235,2016-08-23,253.92,250.44,242.76,240.96,229.68,232.8,315.96,833.52,940.44,1053.6,1038.12,1127.76,1055.28,1040.52,1077.0,999.84,990.36,933.12,558.0,475.2,423.96,315.24,264.6,230.16,1,low_base_high_peak
236,2016-08-24,249.36,216.48,229.32,220.08,223.92,227.4,287.88,798.36,903.48,1051.08,1024.8,1041.84,1076.76,1010.16,1081.08,1030.2,996.24,901.68,551.28,497.16,398.28,315.24,258.84,249.36,1,low_base_high_peak
237,2016-08-25,260.04,240.48,237.0,228.72,233.04,224.28,290.16,792.48,963.84,1083.36,1061.76,1113.96,1082.64,1051.56,1064.4,1013.76,933.96,925.92,592.8,471.6,422.88,299.28,252.24,234.0,1,low_base_high_peak
238,2016-08-26,233.52,229.8,227.64,233.28,230.4,230.76,295.56,775.32,920.04,1041.48,1062.84,1092.72,1082.88,979.92,989.4,963.84,945.84,841.68,557.88,513.0,435.0,301.32,247.32,229.8,1,low_base_high_peak
239,2016-08-27,239.04,213.84,220.68,209.16,211.44,219.84,255.36,255.0,392.4,385.8,425.16,460.32,431.4,433.08,439.2,434.4,447.12,419.16,366.0,374.52,327.36,279.24,239.16,224.04,0,low_base_low_peak
240,2016-08-28,234.72,212.04,220.08,222.36,217.68,218.88,251.64,241.68,298.68,314.4,329.04,433.08,401.52,378.12,372.84,398.16,368.04,354.72,352.68,359.76,285.48,263.4,238.68,235.92,0,low_base_low_peak
241,2016-08-29,225.24,225.72,221.88,221.88,215.52,212.28,294.6,717.36,875.28,957.96,979.32,1023.72,965.28,926.4,941.64,934.68,896.04,791.76,461.88,392.88,384.72,291.96,246.0,229.8,1,low_base_high_peak
242,2016-08-30,232.56,224.76,214.68,212.16,222.72,217.56,283.68,766.92,822.48,991.68,1020.12,1046.28,1008.36,929.28,946.44,948.84,982.2,872.52,453.96,366.12,332.16,294.96,243.0,214.32,1,low_base_high_peak
243,2016-08-31,225.96,219.96,207.48,213.6,223.44,219.24,267.84,726.24,817.68,955.32,906.0,1022.4,942.96,841.92,985.8,875.04,892.8,761.52,473.88,446.52,338.64,309.72,240.36,230.76,1,low_base_high_peak
244,2016-09-01,239.88,229.08,220.56,231.48,222.48,227.52,256.08,724.56,830.28,983.4,1013.64,1058.52,1025.76,961.8,1028.28,958.68,967.56,863.64,523.32,363.84,333.72,332.76,235.32,240.36,1,low_base_high_peak
245,2016-09-02,253.44,229.2,228.84,240.96,237.12,227.04,268.32,726.12,824.88,996.24,969.96,1033.92,1020.96,931.92,959.28,912.48,884.16,794.28,456.48,406.56,367.44,295.8,244.56,243.24,1,low_base_high_peak
246,2016-09-03,243.48,226.8,228.84,220.56,217.2,215.52,247.8,250.8,316.44,381.0,428.76,431.64,434.04,404.88,401.04,430.56,367.56,338.76,363.72,380.64,352.44,265.08,225.96,231.36,0,low_base_low_peak
247,2016-09-04,240.72,225.84,215.52,219.84,217.2,223.8,249.24,243.36,358.56,369.12,376.68,372.0,380.04,370.68,361.68,354.84,366.24,325.56,311.04,300.36,295.68,271.92,239.88,217.44,0,low_base_low_peak
248,2016-09-05,228.84,217.2,224.52,216.24,216.96,219.84,282.48,795.72,926.88,1039.92,1036.08,1086.84,1029.72,966.96,935.76,889.8,894.72,810.24,494.4,429.72,362.28,291.36,244.68,241.92,1,low_base_high_peak
249,2016-09-06,232.92,222.84,242.88,233.16,225.24,236.88,291.96,740.52,876.96,959.16,934.44,951.6,967.8,962.64,949.56,917.28,864.96,763.56,496.68,388.08,354.0,289.68,237.48,242.16,1,low_base_high_peak
250,2016-09-07,248.16,217.68,222.12,219.12,223.92,221.88,273.6,656.64,784.56,919.92,989.88,977.64,1005.0,918.6,906.48,920.04,887.04,864.0,604.92,553.92,455.28,307.56,256.8,252.12,1,low_base_high_peak
251,2016-09-08,246.12,257.88,244.08,235.56,228.0,230.88,278.04,643.68,786.72,947.88,943.92,984.96,954.84,933.96,940.92,919.92,938.52,845.88,575.04,517.56,385.68,324.24,253.08,233.76,1,low_base_high_peak
252,2016-09-09,230.64,213.12,220.92,216.36,213.36,206.76,267.24,671.16,749.28,894.48,927.96,1027.56,978.48,938.04,969.84,864.24,936.72,755.52,478.68,376.92,339.24,294.84,234.48,231.6,1,low_base_high_peak
253,2016-09-10,225.36,218.04,226.8,215.88,213.24,219.48,242.28,243.24,355.44,422.16,453.0,483.72,472.8,453.24,417.72,423.72,410.16,385.44,330.72,303.84,310.2,282.96,244.8,232.56,0,low_base_low_peak
254,2016-09-11,229.8,218.88,218.16,211.56,220.8,214.92,258.0,233.16,293.52,343.32,342.24,347.76,360.84,362.28,359.76,341.04,341.16,298.44,283.2,286.2,281.4,256.08,229.92,228.0,0,low_base_low_peak
255,2016-09-12,231.12,212.28,219.24,196.2,206.4,192.12,250.44,696.6,770.76,924.12,922.8,982.2,1011.48,973.68,910.92,905.88,890.4,789.36,482.76,400.44,356.76,300.24,238.8,234.24,1,low_base_high_peak
256,2016-09-13,252.96,228.6,225.96,222.24,210.12,244.2,277.32,669.0,722.4,909.36,904.92,949.2,936.48,896.76,905.76,940.32,932.4,922.92,673.2,546.36,378.0,336.48,241.08,224.76,1,low_base_high_peak
257,2016-09-14,242.4,231.12,216.96,209.04,223.92,227.88,268.44,640.08,794.4,891.72,925.68,969.0,922.32,865.44,832.68,862.92,879.72,801.0,519.84,456.24,388.44,357.24,316.56,303.12,1,low_base_high_peak
258,2016-09-15,297.96,301.2,297.48,295.2,307.68,297.96,328.44,344.64,470.04,533.28,513.84,503.76,493.68,487.8,506.28,478.8,468.96,388.08,359.28,382.32,363.96,352.68,312.96,312.96,0,low_base_low_peak
259,2016-09-16,324.0,299.4,299.04,306.84,303.12,300.24,322.8,321.6,432.72,456.48,495.96,470.28,479.88,516.84,503.52,481.08,489.96,418.2,361.68,367.68,344.88,313.32,296.64,289.68,0,low_base_low_peak
260,2016-09-17,289.56,289.8,285.96,283.8,286.8,283.44,313.08,302.4,351.84,394.44,402.96,408.36,343.8,367.56,305.76,333.96,304.32,327.36,289.56,300.72,272.04,260.04,228.96,214.8,0,low_base_low_peak
261,2016-09-18,223.92,211.44,205.56,212.52,210.48,202.44,239.64,643.68,728.4,951.6,854.64,973.8,889.8,852.12,893.4,863.4,842.4,745.92,456.0,374.16,325.92,264.48,218.28,226.32,1,low_base_high_peak
262,2016-09-19,207.96,212.04,196.32,196.08,193.56,211.8,222.84,623.52,682.8,896.88,835.56,879.12,910.8,877.56,861.84,809.4,829.2,723.48,440.4,411.12,313.68,255.84,241.56,216.0,1,low_base_high_peak
263,2016-09-20,218.64,203.64,205.8,203.04,197.04,198.6,232.92,536.4,650.76,818.04,870.6,924.12,860.52,811.32,834.24,796.8,852.72,737.16,459.24,370.32,296.4,259.32,236.04,210.0,1,low_base_high_peak
264,2016-09-21,219.6,223.92,210.12,202.2,199.32,200.64,221.28,561.96,733.56,885.24,873.36,920.04,913.68,873.24,897.0,855.24,839.52,705.84,424.68,367.68,322.68,272.16,223.56,213.84,1,low_base_high_peak
265,2016-09-22,220.68,212.04,210.24,216.96,205.2,213.96,252.12,539.16,696.96,903.48,883.68,927.6,910.68,835.68,937.8,870.72,841.68,717.48,440.28,345.6,318.36,269.28,251.76,218.88,1,low_base_high_peak
266,2016-09-23,231.12,222.96,206.76,208.2,196.32,202.68,242.76,537.72,673.8,804.12,835.32,890.4,905.88,790.56,842.28,787.32,766.32,697.68,428.52,340.32,320.4,279.12,224.28,213.96,1,low_base_high_peak
267,2016-09-24,220.2,199.08,206.04,206.4,196.8,188.28,238.68,240.84,298.68,463.8,491.76,455.04,443.88,407.04,396.12,399.0,375.72,339.12,297.12,312.0,298.08,252.72,212.64,224.4,0,low_base_low_peak
268,2016-09-25,213.72,205.92,213.84,202.56,200.76,206.16,229.08,247.08,339.36,326.76,370.56,325.68,348.12,343.44,327.0,329.52,325.56,306.48,275.4,270.12,277.08,240.36,224.88,242.04,0,low_base_low_peak
269,2016-09-26,226.2,209.64,202.2,202.08,208.44,217.44,240.84,614.04,769.56,883.08,862.2,996.48,1010.88,954.96,951.72,958.44,948.6,841.68,482.64,377.4,405.6,300.24,252.6,240.6,1,low_base_high_peak
270,2016-09-27,248.64,238.08,236.76,219.48,222.6,234.96,277.2,735.12,818.16,953.76,964.08,1048.2,1008.24,1004.28,1048.08,993.48,991.44,886.2,512.64,389.04,368.76,308.04,251.04,225.24,1,low_base_high_peak
271,2016-09-28,223.92,229.32,223.08,215.28,221.52,208.8,249.72,689.04,826.2,936.36,947.88,960.36,947.4,897.48,949.32,891.84,894.24,778.44,486.96,395.64,334.8,305.76,236.4,222.36,1,low_base_high_peak
272,2016-09-29,221.64,205.2,210.84,207.12,205.2,212.76,244.92,596.76,722.16,861.6,869.52,923.4,922.92,797.4,831.72,816.48,785.4,785.4,785.4,785.4,785.4,785.4,785.4,785.4,1,low_base_high_peak
273,2016-10-05,346.56,346.56,346.56,346.56,346.56,346.56,346.56,346.56,346.56,346.56,346.56,346.56,346.56,363.24,353.64,365.04,370.08,263.28,263.64,246.24,238.68,217.56,195.96,202.08,0,low_base_low_peak
274,2016-10-06,195.72,178.32,184.92,172.32,178.8,188.4,209.76,208.08,314.52,376.2,380.88,352.32,358.92,347.76,382.68,347.64,358.32,258.12,268.92,238.92,226.92,212.04,183.12,190.8,0,low_base_low_peak
275,2016-10-07,191.64,184.8,185.28,177.96,173.04,190.08,224.52,202.2,365.4,436.44,401.52,382.92,386.4,389.28,419.28,441.24,370.68,313.56,285.36,267.48,255.36,225.84,199.2,198.12,0,low_base_low_peak
276,2016-10-08,207.6,189.96,188.16,180.24,186.0,178.92,219.36,512.88,673.44,807.48,789.48,961.08,873.96,807.48,835.32,809.88,802.8,718.56,475.2,354.96,328.92,280.2,249.0,221.4,1,low_base_high_peak
277,2016-10-09,228.36,223.32,211.2,220.32,215.52,211.44,232.44,435.24,640.92,863.76,771.36,881.04,848.88,766.44,808.68,770.4,793.8,684.36,450.36,343.68,295.08,262.92,230.4,210.6,1,low_base_high_peak
278,2016-10-10,198.36,191.4,182.04,196.68,187.08,186.12,248.64,477.84,630.0,772.08,808.32,900.6,813.48,854.28,829.92,774.72,811.44,667.8,474.36,334.92,278.76,251.52,216.12,199.68,1,low_base_high_peak
279,2016-10-11,205.2,197.76,197.28,186.6,186.12,190.92,235.32,458.4,675.36,771.48,810.24,918.36,877.44,810.84,846.96,840.0,799.56,700.2,432.24,309.12,283.44,269.16,225.96,202.56,1,low_base_high_peak
280,2016-10-12,213.84,207.12,189.36,203.16,200.88,195.96,235.44,441.24,781.8,877.08,835.32,928.08,886.2,849.36,919.44,884.52,889.08,681.0,455.64,313.32,282.12,263.28,202.08,186.96,1,low_base_high_peak
281,2016-10-13,191.88,185.88,190.2,178.92,185.4,181.92,233.64,422.76,696.96,854.52,821.16,929.04,902.16,871.44,927.12,891.24,887.16,724.8,462.36,357.36,296.52,242.88,212.64,190.44,1,low_base_high_peak
282,2016-10-14,195.48,185.64,190.2,178.8,179.16,177.84,211.8,413.4,694.68,863.4,859.08,954.6,907.92,844.8,907.92,899.4,871.2,821.4,461.64,384.6,337.08,247.5,207.6,201.72,1,low_base_high_peak
283,2016-10-15,193.8,185.28,175.44,181.32,196.2,194.4,237.24,408.6,517.44,555.36,543.84,534.24,534.84,499.32,359.4,335.52,351.24,309.6,300.24,276.36,255.72,237.12,204.6,204.96,0,low_base_low_peak
284,2016-10-16,206.76,199.32,199.2,201.6,187.56,179.28,212.76,218.16,309.84,368.76,389.04,370.56,372.84,368.52,328.56,312.24,312.72,269.4,264.96,271.2,261.72,229.92,203.64,190.32,0,low_base_low_peak
285,2016-10-17,199.08,197.16,187.92,180.6,190.2,183.96,228.84,439.44,714.72,816.48,866.16,986.04,941.4,930.0,841.44,797.52,828.24,713.76,506.52,355.2,315.12,260.76,212.88,194.64,1,low_base_high_peak
286,2016-10-18,205.92,198.48,194.04,186.84,189.72,187.56,234.72,485.76,696.24,885.0,810.36,901.68,861.72,849.24,886.08,858.96,830.76,731.88,478.8,334.44,296.52,257.88,214.08,193.32,1,low_base_high_peak
287,2016-10-19,200.88,188.04,190.92,195.36,183.12,188.04,220.92,463.92,703.68,882.96,899.88,959.52,927.0,869.4,881.28,870.72,888.84,763.44,585.84,477.24,435.84,306.12,261.6,205.56,1,low_base_high_peak
288,2016-10-20,210.96,193.08,192.72,199.8,197.76,197.64,235.32,449.28,737.64,845.88,863.04,934.44,917.16,867.6,888.96,943.8,864.72,785.28,592.32,462.48,449.16,288.24,226.32,195.0,1,low_base_high_peak
289,2016-10-21,201.6,207.6,208.56,196.56,199.08,202.8,233.16,417.48,718.68,854.88,810.96,940.8,884.28,805.8,896.28,914.64,903.72,834.84,422.76,297.6,278.52,267.36,201.24,187.32,1,low_base_high_peak
290,2016-10-22,190.8,186.72,187.68,180.48,180.6,189.48,231.72,207.36,318.0,421.56,397.68,400.92,403.44,396.84,422.52,409.08,445.32,406.08,316.08,254.76,231.48,212.4,191.76,189.36,0,low_base_low_peak
291,2016-10-23,207.6,202.2,190.8,184.68,174.0,188.52,218.04,198.12,259.44,276.6,266.88,281.04,272.4,274.2,298.56,305.52,279.6,288.36,287.64,233.28,245.52,212.4,199.8,196.44,0,low_base_low_peak
292,2016-10-24,189.48,193.8,186.84,177.12,201.48,189.36,233.64,443.88,666.84,858.72,875.16,918.12,845.88,819.96,873.72,962.52,834.48,710.28,466.2,301.8,299.16,254.64,220.44,208.56,1,low_base_high_peak
293,2016-10-25,198.12,194.28,188.4,198.6,203.88,189.96,229.2,474.12,675.24,858.36,828.0,865.56,843.24,829.2,873.72,828.6,763.56,698.52,457.56,324.96,343.8,270.72,221.04,199.44,1,low_base_high_peak
294,2016-10-26,210.84,184.2,179.28,186.12,180.48,183.6,235.08,424.8,695.64,814.2,796.32,906.0,941.52,880.68,863.88,883.2,914.16,760.32,449.28,310.44,280.08,258.48,223.32,228.6,1,low_base_high_peak
295,2016-10-27,198.48,185.16,199.8,200.04,191.64,193.8,228.96,454.44,677.16,860.88,843.84,976.56,963.72,921.36,932.28,915.96,892.92,766.56,497.64,385.32,322.2,319.68,231.36,217.44,1,low_base_high_peak
296,2016-10-28,220.92,221.52,198.84,197.16,207.0,209.76,230.88,468.0,704.16,887.88,896.88,855.96,939.48,820.8,919.44,837.84,799.08,716.4,474.12,345.48,272.04,245.6,209.88,195.84,1,low_base_high_peak
297,2016-10-29,207.27,186.48,186.36,180.0,187.92,190.92,223.92,218.04,294.0,327.0,292.08,310.44,318.24,294.0,298.32,308.64,289.44,294.6,272.16,230.04,252.48,208.08,180.96,188.76,0,low_base_low_peak
298,2016-10-30,206.52,178.56,172.92,183.24,175.32,179.76,205.56,206.76,223.92,269.04,254.64,263.16,241.92,252.24,271.8,265.44,273.72,281.04,276.36,253.08,248.16,225.96,206.04,204.84,0,low_base_low_peak
299,2016-10-31,212.76,196.8,211.44,193.08,201.0,193.32,220.08,500.4,689.88,846.96,884.52,899.28,883.56,769.92,833.4,824.16,806.28,756.6,576.6,429.12,321.84,268.56,205.92,181.32,1,low_base_high_peak
300,2016-11-01,199.32,181.68,181.2,173.76,176.88,171.6,224.16,487.56,660.72,800.04,792.72,854.28,939.0,819.84,788.04,852.96,793.68,750.72,494.04,382.44,307.68,260.16,221.04,194.88,1,low_base_high_peak
301,2016-11-02,196.56,189.6,190.08,188.76,182.28,190.32,219.6,479.64,669.6,833.16,841.68,804.96,923.52,871.2,861.6,847.2,826.56,798.96,594.96,390.84,341.88,284.64,240.84,209.88,1,low_base_high_peak
302,2016-11-03,205.2,199.08,223.08,203.76,196.56,189.0,235.2,489.12,657.96,785.28,867.96,859.32,893.04,963.24,889.08,927.96,906.96,867.0,493.2,367.32,333.24,261.36,238.2,213.12,1,low_base_high_peak
303,2016-11-04,216.0,209.28,202.32,205.92,205.2,204.24,240.6,498.84,703.32,836.88,840.0,955.92,898.44,938.88,939.84,961.56,958.32,880.8,567.24,458.64,365.04,296.88,215.88,216.12,1,low_base_high_peak
304,2016-11-05,199.32,183.12,190.08,199.32,189.48,188.4,217.08,212.88,304.44,359.64,435.6,480.0,481.8,456.84,444.84,440.64,461.28,318.0,293.4,249.24,249.36,235.32,210.24,198.0,0,low_base_low_peak
305,2016-11-06,202.8,196.92,193.2,187.92,195.6,183.72,229.2,213.0,269.76,280.2,279.84,303.0,296.52,347.4,280.44,278.88,277.32,300.72,270.36,256.56,238.2,229.2,202.8,191.28,0,low_base_low_peak
306,2016-11-07,199.56,195.24,186.12,184.2,193.32,186.12,226.08,593.16,747.36,966.24,907.44,1047.96,1028.04,952.44,1049.04,959.04,955.32,987.36,495.96,355.56,309.12,243.36,211.92,204.96,1,low_base_high_peak
307,2016-11-08,194.76,180.24,177.96,171.36,179.16,176.28,207.96,545.76,774.12,897.12,847.32,952.92,944.16,865.08,845.28,859.2,853.68,805.32,596.88,462.0,320.52,264.84,212.64,197.52,1,low_base_high_peak
308,2016-11-09,194.88,182.04,184.32,195.72,179.52,187.32,224.64,508.08,675.6,847.08,850.2,889.8,916.56,843.96,880.2,817.2,807.84,810.84,472.32,332.76,282.48,235.92,202.44,204.24,1,low_base_high_peak
309,2016-11-10,182.76,179.64,172.56,173.76,175.08,171.84,210.84,483.72,702.0,920.88,856.08,972.36,929.76,918.0,938.52,875.04,861.48,868.92,609.12,437.76,341.76,270.84,245.52,222.0,1,low_base_high_peak
310,2016-11-11,200.04,189.96,223.32,185.16,179.64,186.24,218.76,486.84,674.76,873.6,872.28,946.92,927.0,916.44,994.44,900.48,864.48,860.52,472.2,345.12,291.6,236.4,202.68,203.28,1,low_base_high_peak
311,2016-11-12,186.72,174.48,178.44,180.12,172.44,174.84,212.76,213.48,287.28,391.8,402.96,397.68,378.36,344.28,338.28,330.36,292.68,299.4,255.96,234.36,234.72,215.76,195.72,189.48,0,low_base_low_peak
312,2016-11-13,189.36,183.84,176.52,177.48,185.76,194.64,192.12,191.16,219.24,258.36,244.8,252.36,264.48,251.04,249.72,266.64,253.92,255.72,231.0,242.52,232.8,216.6,191.4,185.4,0,low_base_low_peak
313,2016-11-14,191.64,174.48,170.52,175.44,167.76,170.28,211.56,475.92,718.44,918.12,910.8,950.4,964.8,898.68,914.16,904.8,866.4,829.32,464.52,343.92,291.36,258.72,234.96,232.56,1,low_base_high_peak
314,2016-11-15,220.8,203.04,203.64,203.64,212.16,198.96,247.56,519.72,687.72,822.12,935.88,926.28,962.64,900.24,924.84,887.16,876.12,874.44,503.4,351.24,294.84,270.24,228.0,211.32,1,low_base_high_peak
315,2016-11-16,199.56,183.84,199.8,193.8,193.2,197.88,235.08,530.88,670.44,842.28,965.04,951.36,963.6,922.32,869.88,855.36,912.6,859.68,513.12,355.68,327.72,293.64,235.56,215.4,1,low_base_high_peak
316,2016-11-17,224.28,210.12,195.12,207.48,204.96,196.2,246.36,528.72,660.24,855.48,852.24,947.88,937.32,791.64,811.32,856.68,821.64,837.0,490.68,349.8,300.96,269.04,216.36,194.76,1,low_base_high_peak
317,2016-11-18,197.04,192.96,189.6,187.68,181.08,179.28,224.28,532.92,682.92,835.68,915.6,953.28,967.32,886.92,948.24,907.56,890.16,899.76,514.68,378.36,319.44,280.2,228.84,218.88,1,low_base_high_peak
318,2016-11-19,210.36,209.88,213.96,208.32,219.96,212.76,266.4,232.44,305.04,357.0,357.24,390.48,374.28,341.28,376.2,426.12,345.12,365.28,355.44,300.84,268.08,249.96,242.88,212.64,0,low_base_low_peak
319,2016-11-20,213.0,204.72,213.12,205.56,203.16,198.0,231.0,231.96,294.96,282.6,293.64,315.24,316.2,306.72,324.0,346.56,308.64,303.12,288.24,254.52,251.52,234.12,202.32,200.28,0,low_base_low_peak
320,2016-11-21,190.56,192.36,195.48,197.64,196.32,196.56,226.56,568.08,798.24,957.72,1002.0,1088.04,1060.32,995.52,996.6,972.6,899.52,901.8,521.28,377.4,348.0,306.72,239.64,226.32,1,low_base_high_peak
321,2016-11-22,238.56,215.88,216.6,221.4,213.12,216.48,243.48,704.4,918.24,1084.2,1088.88,1128.12,1133.28,1158.6,1097.16,1036.08,1018.08,1071.48,563.04,472.56,398.52,292.68,236.88,215.16,1,low_base_high_peak
322,2016-11-23,212.04,199.32,206.76,204.36,205.44,198.6,241.32,797.88,977.88,1129.8,1186.56,1299.24,1237.92,1143.0,1157.4,1114.68,1107.96,1122.48,527.52,426.24,402.6,309.12,260.16,239.52,1,low_base_high_peak
323,2016-11-24,244.44,225.84,221.88,224.4,219.36,221.16,267.12,827.28,1073.88,1266.24,1207.44,1241.28,1253.52,1147.08,1146.72,1075.92,1085.4,1112.88,637.32,451.56,412.68,318.24,269.4,249.6,1,low_base_high_peak
324,2016-11-25,260.76,252.72,230.76,238.8,238.68,233.88,264.12,935.16,1114.8,1223.04,1203.12,1298.76,1274.88,1192.8,1144.44,1116.48,1131.48,1033.8,540.6,426.24,343.56,287.2,241.08,221.16,1,low_base_high_peak
325,2016-11-26,225.84,215.76,215.88,211.68,213.48,220.08,249.12,242.4,377.28,386.16,420.0,460.32,457.68,478.56,440.04,440.52,421.8,369.84,333.6,319.92,279.24,262.44,231.36,238.68,0,low_base_low_peak
326,2016-11-27,233.76,227.04,230.52,226.2,225.6,221.88,255.0,247.56,293.64,310.32,395.52,337.2,335.28,390.12,385.56,343.32,333.0,322.92,341.28,266.52,292.92,266.28,216.96,211.44,0,low_base_low_peak
327,2016-11-28,219.48,204.6,210.6,210.0,210.48,211.32,242.16,886.44,1125.48,1333.44,1252.44,1300.44,1224.36,1180.44,1172.04,1116.84,1088.28,1070.52,521.16,424.44,383.28,301.32,257.88,252.6,1,low_base_high_peak
328,2016-11-29,252.84,228.12,229.44,227.4,218.76,224.28,261.48,895.8,1100.16,1262.04,1306.56,1256.64,1228.32,1185.6,1176.48,1082.64,1066.44,1118.4,681.48,517.2,427.56,327.24,269.64,238.44,1,low_base_high_peak
329,2016-11-30,233.4,212.16,205.32,215.88,213.84,213.48,244.32,853.2,1065.36,1189.56,1194.48,1188.84,1168.44,1100.4,1043.28,1022.4,1020.36,1018.92,573.12,427.68,374.4,310.32,263.4,242.4,1,low_base_high_peak
330,2016-12-01,248.4,227.16,228.84,227.04,222.12,223.68,293.04,877.92,1066.2,1223.28,1150.56,1146.24,1122.48,1053.0,1015.68,1001.4,1024.92,1098.48,561.96,438.6,375.96,339.6,256.8,240.72,1,low_base_high_peak
331,2016-12-02,236.76,223.32,214.68,229.08,219.72,213.48,254.76,863.76,1164.48,1247.16,1163.76,1194.36,1069.92,1087.8,1055.16,971.28,939.6,987.6,616.2,400.32,369.0,278.64,213.48,203.76,1,low_base_high_peak
332,2016-12-03,207.96,199.68,194.88,198.24,196.08,190.56,228.36,216.0,380.4,413.04,398.28,425.4,462.0,396.6,379.32,358.8,362.28,332.04,334.56,267.36,256.2,222.12,223.2,195.96,0,low_base_low_peak
333,2016-12-04,191.4,191.52,198.12,197.88,186.96,189.72,219.0,202.2,253.32,237.12,280.2,274.08,280.8,257.52,255.24,279.72,295.44,360.6,285.12,263.28,242.76,259.44,194.88,195.24,0,low_base_low_peak
334,2016-12-05,199.8,186.72,181.56,186.84,189.24,180.96,223.44,816.24,963.6,1172.88,1073.76,1074.48,1113.12,959.76,948.0,981.6,968.52,1016.04,547.92,355.8,340.32,267.6,229.92,190.56,1,low_base_high_peak
335,2016-12-06,183.36,190.32,190.92,189.24,190.08,183.12,234.48,727.68,965.04,1128.36,1063.44,1108.08,1047.36,960.0,915.48,979.8,1009.56,995.64,587.16,398.4,329.28,293.04,214.8,198.12,1,low_base_high_peak
336,2016-12-07,193.56,191.16,187.56,193.56,185.52,188.04,227.52,804.6,1054.56,1163.88,1121.88,1138.32,1050.72,965.52,934.44,993.96,985.44,1013.64,537.24,408.12,412.92,284.88,237.24,212.76,1,low_base_high_peak
337,2016-12-08,210.6,199.8,192.0,189.72,183.72,184.2,239.88,780.12,1047.24,1174.8,1137.72,1074.6,1124.16,964.68,1030.56,923.04,969.96,964.56,501.48,402.36,316.56,290.76,217.92,203.16,1,low_base_high_peak
338,2016-12-09,208.68,184.8,188.4,191.52,186.6,195.96,258.96,769.08,967.68,1071.96,1184.64,1145.4,1064.28,992.64,963.72,942.48,948.96,950.52,586.44,354.24,349.2,282.2,253.08,205.68,1,low_base_high_peak
339,2016-12-10,207.24,204.0,193.32,195.12,186.84,201.96,233.64,234.24,347.16,375.84,444.0,475.56,469.44,433.92,379.44,450.84,398.52,364.2,378.0,285.36,302.28,277.08,201.6,203.04,0,low_base_low_peak
340,2016-12-11,211.56,189.36,195.36,198.96,195.24,202.8,230.4,209.28,258.6,302.16,334.92,325.2,302.16,299.52,290.4,276.96,343.08,297.72,287.16,248.88,250.44,238.2,196.92,201.0,0,low_base_low_peak
341,2016-12-12,223.08,196.08,191.04,190.56,197.4,198.0,236.64,764.28,938.52,1186.92,1085.52,1109.64,1062.36,988.56,952.8,927.36,990.24,981.6,547.56,415.32,342.0,341.88,239.88,211.2,1,low_base_high_peak
342,2016-12-13,218.4,202.8,195.84,197.88,187.32,191.52,235.2,768.72,940.68,1149.12,1112.52,1193.76,1151.76,1001.16,983.04,1059.96,1050.6,994.68,590.4,428.88,391.92,278.76,223.2,210.0,1,low_base_high_peak
343,2016-12-14,209.52,199.08,201.12,205.68,197.28,204.24,255.6,747.0,932.16,1144.68,1148.76,1139.88,1131.48,1039.2,1070.28,1070.76,1096.68,1008.48,610.92,425.88,376.44,302.64,250.44,253.56,1,low_base_high_peak
344,2016-12-15,232.8,219.6,215.28,213.12,213.96,214.56,262.8,776.04,1002.72,1209.72,1215.24,1271.28,1240.2,1147.2,1071.0,1050.0,1137.0,1096.8,606.6,401.4,355.2,298.2,245.4,217.2,1,low_base_high_peak
345,2016-12-16,219.6,216.84,212.52,209.04,214.2,208.68,248.52,790.92,1040.4,1216.32,1216.32,1216.32,1216.32,1216.32,1216.32,1216.32,1216.32,1216.32,1216.32,1216.32,1216.32,1216.32,1216.32,1216.32,1,low_base_high_peak
346,2016-12-18,370.2,370.2,370.2,370.2,370.2,370.2,370.2,370.2,370.2,370.2,370.2,370.2,370.2,370.2,370.2,370.2,375.6,352.8,321.6,342.0,334.2,253.2,206.4,199.2,0,low_base_low_peak
347,2016-12-19,196.8,196.32,203.76,203.88,200.88,211.56,241.2,780.6,1001.4,1236.6,1128.6,1197.36,1128.48,1044.3,1036.56,958.14,978.48,998.16,692.88,410.88,369.12,293.52,239.64,208.92,1,low_base_high_peak
348,2016-12-20,220.68,202.92,216.0,210.36,205.56,203.88,246.96,793.56,981.96,1132.44,1098.6,1164.0,1154.88,1063.08,987.72,1004.88,1029.72,940.56,500.28,390.24,346.92,274.8,226.56,212.04,1,low_base_high_peak
349,2016-12-21,209.88,203.4,207.0,208.56,193.2,196.68,244.08,728.88,916.32,1107.72,1106.64,1119.48,1142.04,1109.88,1048.08,1029.48,989.88,936.6,632.64,476.16,418.56,294.6,246.72,248.28,1,low_base_high_peak
350,2016-12-22,244.8,225.36,226.8,232.44,225.48,224.76,273.84,804.48,1030.8,1235.64,1115.04,1274.64,1182.6,1126.44,1103.76,1085.16,1079.04,1008.24,525.96,439.92,379.68,310.08,237.6,214.32,1,low_base_high_peak
351,2016-12-23,219.84,208.08,207.84,199.08,200.76,201.96,240.84,847.8,995.76,1157.64,1155.36,1116.72,1178.4,1006.8,960.6,960.6,890.4,971.4,575.4,441.0,394.8,301.5,219.12,201.48,1,low_base_high_peak
352,2016-12-24,200.28,191.64,201.24,197.4,192.6,207.6,231.72,238.68,367.44,438.72,429.72,493.32,432.6,460.68,431.52,391.56,395.16,346.56,366.36,302.88,301.32,256.08,204.24,198.84,0,low_base_low_peak
353,2016-12-25,196.56,184.56,189.6,188.04,186.96,183.48,230.64,246.0,250.08,269.64,335.88,357.84,347.04,367.8,387.24,309.96,336.0,344.16,357.6,332.88,334.8,242.4,216.96,196.92,0,low_base_low_peak
354,2016-12-26,225.96,196.56,201.48,188.16,194.76,190.68,240.36,850.08,1037.52,1243.2,1228.44,1236.6,1182.6,1179.72,1124.76,1157.88,1137.36,1140.48,505.56,465.0,399.6,300.36,225.24,212.28,1,low_base_high_peak
355,2016-12-27,201.12,204.84,197.4,209.76,201.24,216.84,258.24,854.16,1069.92,1298.04,1222.8,1313.04,1264.68,1071.24,1103.64,1073.76,1133.64,1078.8,520.08,436.32,394.68,311.16,236.16,212.04,1,low_base_high_peak
356,2016-12-28,212.04,205.44,200.64,197.52,205.68,209.04,244.56,901.2,1080.12,1224.12,1237.32,1303.56,1189.2,1103.04,1067.64,1066.2,1122.48,1049.88,586.8,434.52,380.52,330.0,288.24,275.64,1,low_base_high_peak
357,2016-12-29,232.08,212.64,203.88,202.68,201.36,210.0,244.44,851.64,1070.28,1254.84,1302.24,1235.16,1195.68,1108.2,1080.84,1053.36,998.04,1035.72,657.48,443.28,441.84,342.84,317.76,259.56,1,low_base_high_peak
358,2016-12-30,227.88,224.88,211.56,222.24,216.84,211.2,270.6,860.16,1075.56,1209.48,1236.96,1269.48,1171.08,1054.08,1158.48,988.44,1009.92,1036.8,534.36,418.44,373.68,302.7,237.0,225.72,1,low_base_high_peak
359,2016-12-31,228.0,206.28,203.64,206.52,211.68,207.0,244.92,238.68,324.84,422.28,442.56,455.4,437.28,446.64,413.88,437.16,372.84,416.64,361.2,336.24,342.84,256.68,210.24,208.32,0,low_base_low_peak
360,2017-01-01,214.68,214.68,214.68,214.68,214.68,214.68,214.68,214.68,214.68,214.68,214.68,214.68,214.68,214.68,214.68,214.68,214.68,214.68,214.68,214.68,214.68,214.68,214.68,214.68,0,low_base_low_peak
