,date,00:00:00,01:00:00,02:00:00,03:00:00,04:00:00,05:00:00,06:00:00,07:00:00,08:00:00,09:00:00,10:00:00,11:00:00,12:00:00,13:00:00,14:00:00,15:00:00,16:00:00,17:00:00,18:00:00,19:00:00,20:00:00,21:00:00,22:00:00,23:00:00,cluster,season,pattern
0,2011-01-01,102.0,102.0,102.0,102.0,102.0,102.0,100.0,100.0,100.0,100.0,100.0,100.0,100.0,100.0,100.0,102.0,100.0,100.0,102.0,100.0,100.0,100.0,100.0,102.0,0,Winter,low_load
1,2011-01-02,100.0,100.0,102.0,102.0,102.0,100.0,100.0,102.0,100.0,100.0,100.0,102.0,100.0,102.0,100.0,100.0,100.0,100.0,100.0,100.0,102.0,100.0,102.0,100.0,0,Winter,low_load
2,2011-01-03,100.0,102.0,100.0,102.0,102.0,100.0,100.0,100.0,102.0,100.0,102.0,102.0,100.0,102.0,100.0,102.0,100.0,102.0,100.0,102.0,100.0,100.0,100.0,100.0,0,Winter,low_load
3,2011-01-04,100.0,100.0,102.0,102.0,102.0,100.0,102.0,100.0,100.0,102.0,102.0,102.0,102.0,100.0,100.0,100.0,100.0,100.0,100.0,98.0,100.0,98.0,100.0,100.0,0,Winter,low_load
4,2011-01-05,100.0,100.0,100.0,100.0,100.0,100.0,98.0,100.0,100.0,100.0,100.0,98.0,100.0,100.0,100.0,100.0,100.0,100.0,100.0,100.0,100.0,102.0,98.0,100.0,0,Winter,low_load
5,2011-01-06,100.0,102.0,100.0,100.0,102.0,100.0,100.0,100.0,100.0,100.0,100.0,102.0,100.0,100.0,104.0,108.0,106.0,100.0,102.0,102.0,102.0,104.0,102.0,102.0,2,Winter,moderate_load
6,2011-01-07,102.0,104.0,104.0,102.0,104.0,102.0,102.0,104.0,102.0,102.0,102.0,100.0,102.0,102.0,102.0,102.0,102.0,102.0,102.0,102.0,102.0,102.0,102.0,102.0,2,Winter,moderate_load
7,2011-01-08,102.0,104.0,106.0,102.0,104.0,102.0,102.0,104.0,102.0,102.0,102.0,102.0,104.0,108.0,96.0,102.0,102.0,102.0,102.0,104.0,102.0,102.0,102.0,102.0,2,Winter,moderate_load
8,2011-01-09,102.0,102.0,102.0,102.0,102.0,102.0,102.0,102.0,102.0,104.0,100.0,102.0,104.0,100.0,104.0,102.0,102.0,102.0,100.0,104.0,102.0,100.0,102.0,102.0,2,Winter,moderate_load
9,2011-01-10,100.0,100.0,102.0,102.0,102.0,102.0,100.0,100.0,102.0,100.0,102.0,100.0,104.0,102.0,102.0,100.0,100.0,102.0,102.0,102.0,102.0,100.0,102.0,102.0,2,Winter,moderate_load
10,2011-01-11,100.0,102.0,102.0,102.0,102.0,100.0,102.0,100.0,102.0,102.0,100.0,102.0,102.0,102.0,102.0,102.0,102.0,102.0,100.0,102.0,102.0,102.0,100.0,102.0,2,Winter,moderate_load
11,2011-01-12,102.0,100.0,102.0,102.0,102.0,100.0,102.0,100.0,102.0,100.0,100.0,102.0,102.0,102.0,102.0,102.0,100.0,102.0,102.0,102.0,102.0,102.0,102.0,100.0,2,Winter,moderate_load
12,2011-01-13,102.0,102.0,102.0,102.0,104.0,102.0,102.0,102.0,102.0,102.0,102.0,102.0,102.0,102.0,108.0,110.0,108.0,102.0,102.0,100.0,102.0,100.0,104.0,100.0,2,Winter,moderate_load
13,2011-01-14,102.0,102.0,102.0,102.0,100.0,102.0,102.0,100.0,100.0,102.0,100.0,100.0,102.0,102.0,102.0,106.0,102.0,102.0,100.0,100.0,102.0,100.0,100.0,102.0,2,Winter,moderate_load
14,2011-01-15,100.0,100.0,102.0,102.0,102.0,102.0,100.0,100.0,102.0,102.0,102.0,102.0,100.0,102.0,102.0,100.0,100.0,104.0,100.0,102.0,100.0,100.0,102.0,102.0,2,Winter,moderate_load
15,2011-01-16,100.0,102.0,100.0,102.0,100.0,100.0,100.0,102.0,102.0,100.0,102.0,100.0,100.0,100.0,102.0,100.0,102.0,100.0,102.0,102.0,102.0,102.0,102.0,100.0,2,Winter,moderate_load
16,2011-01-17,100.0,100.0,100.0,102.0,100.0,100.0,100.0,102.0,100.0,102.0,102.0,102.0,102.0,104.0,102.0,104.0,102.0,102.0,102.0,100.0,104.0,102.0,102.0,102.0,2,Winter,moderate_load
17,2011-01-18,102.0,100.0,102.0,102.0,102.0,100.0,102.0,100.0,102.0,100.0,102.0,100.0,102.0,102.0,102.0,100.0,102.0,104.0,98.0,102.0,100.0,100.0,102.0,100.0,2,Winter,moderate_load
18,2011-01-19,100.0,102.0,100.0,102.0,100.0,102.0,100.0,100.0,100.0,100.0,102.0,100.0,102.0,100.0,102.0,102.0,100.0,100.0,100.0,102.0,100.0,102.0,100.0,102.0,0,Winter,low_load
19,2011-01-20,100.0,102.0,102.0,104.0,100.0,102.0,102.0,102.0,100.0,102.0,102.0,102.0,100.0,102.0,102.0,100.0,102.0,100.0,102.0,100.0,100.0,100.0,102.0,102.0,2,Winter,moderate_load
20,2011-01-21,102.0,102.0,100.0,102.0,102.0,100.0,102.0,100.0,102.0,102.0,100.0,102.0,100.0,102.0,102.0,100.0,102.0,100.0,100.0,102.0,100.0,100.0,102.0,102.0,2,Winter,moderate_load
21,2011-01-22,100.0,102.0,102.0,102.0,102.0,102.0,100.0,104.0,100.0,102.0,102.0,102.0,102.0,102.0,102.0,102.0,102.0,102.0,102.0,100.0,100.0,102.0,102.0,102.0,2,Winter,moderate_load
22,2011-01-23,100.0,100.0,102.0,102.0,102.0,100.0,102.0,100.0,102.0,100.0,100.0,102.0,100.0,100.0,102.0,100.0,102.0,100.0,100.0,100.0,102.0,100.0,102.0,100.0,0,Winter,low_load
23,2011-01-24,100.0,102.0,102.0,100.0,102.0,102.0,102.0,102.0,100.0,102.0,102.0,102.0,104.0,102.0,102.0,102.0,100.0,102.0,102.0,100.0,102.0,102.0,102.0,102.0,2,Winter,moderate_load
24,2011-01-25,102.0,102.0,102.0,102.0,102.0,100.0,102.0,100.0,102.0,104.0,102.0,102.0,102.0,102.0,102.0,102.0,102.0,102.0,102.0,102.0,102.0,102.0,102.0,102.0,2,Winter,moderate_load
25,2011-01-26,102.0,102.0,104.0,102.0,102.0,102.0,102.0,102.0,102.0,102.0,102.0,100.0,102.0,102.0,102.0,102.0,102.0,102.0,102.0,100.0,102.0,102.0,102.0,100.0,2,Winter,moderate_load
26,2011-01-27,102.0,100.0,102.0,102.0,102.0,102.0,100.0,102.0,102.0,102.0,102.0,104.0,102.0,102.0,102.0,102.0,102.0,102.0,102.0,102.0,100.0,102.0,102.0,102.0,2,Winter,moderate_load
27,2011-01-28,100.0,102.0,102.0,102.0,102.0,102.0,102.0,100.0,102.0,102.0,100.0,104.0,102.0,102.0,106.0,110.0,110.0,108.0,104.0,102.0,102.0,104.0,102.0,102.0,2,Winter,moderate_load
28,2011-01-29,102.0,102.0,102.0,104.0,102.0,102.0,102.0,102.0,102.0,100.0,102.0,102.0,102.0,102.0,102.0,104.0,102.0,102.0,102.0,102.0,102.0,102.0,100.0,102.0,2,Winter,moderate_load
29,2011-01-30,102.0,102.0,102.0,102.0,102.0,102.0,102.0,102.0,102.0,102.0,102.0,102.0,102.0,102.0,102.0,102.0,102.0,102.0,102.0,100.0,102.0,100.0,102.0,102.0,2,Winter,moderate_load
30,2011-01-31,102.0,102.0,102.0,102.0,102.0,100.0,104.0,102.0,102.0,100.0,102.0,102.0,102.0,102.0,102.0,102.0,100.0,104.0,100.0,100.0,104.0,100.0,102.0,102.0,2,Winter,moderate_load
31,2011-02-01,100.0,102.0,100.0,102.0,102.0,102.0,102.0,100.0,102.0,102.0,102.0,102.0,102.0,102.0,102.0,102.0,102.0,102.0,102.0,102.0,102.0,102.0,102.0,102.0,2,Winter,moderate_load
32,2011-02-02,102.0,102.0,102.0,104.0,100.0,102.0,102.0,102.0,100.0,102.0,102.0,102.0,102.0,102.0,102.0,102.0,102.0,102.0,102.0,102.0,102.0,102.0,102.0,102.0,2,Winter,moderate_load
33,2011-02-03,102.0,102.0,102.0,102.0,102.0,102.0,102.0,102.0,102.0,102.0,102.0,102.0,102.0,102.0,102.0,102.0,102.0,104.0,102.0,102.0,102.0,102.0,102.0,102.0,2,Winter,moderate_load
34,2011-02-04,102.0,104.0,102.0,102.0,102.0,102.0,102.0,102.0,102.0,102.0,102.0,102.0,102.0,102.0,102.0,102.0,102.0,102.0,102.0,102.0,104.0,102.0,102.0,104.0,2,Winter,moderate_load
35,2011-02-05,102.0,102.0,102.0,104.0,104.0,102.0,104.0,102.0,104.0,102.0,102.0,104.0,102.0,102.0,102.0,104.0,102.0,104.0,106.0,104.0,102.0,102.0,104.0,104.0,2,Winter,moderate_load
36,2011-02-06,102.0,106.0,104.0,102.0,102.0,104.0,102.0,104.0,102.0,102.0,104.0,102.0,104.0,102.0,102.0,104.0,102.0,102.0,102.0,102.0,102.0,102.0,102.0,102.0,2,Winter,moderate_load
37,2011-02-07,102.0,102.0,102.0,102.0,102.0,102.0,102.0,102.0,102.0,102.0,102.0,102.0,102.0,102.0,102.0,102.0,102.0,102.0,102.0,102.0,102.0,104.0,104.0,104.0,2,Winter,moderate_load
38,2011-02-08,102.0,104.0,102.0,102.0,102.0,102.0,102.0,102.0,102.0,102.0,104.0,102.0,102.0,102.0,100.0,102.0,102.0,102.0,102.0,100.0,102.0,102.0,100.0,102.0,2,Winter,moderate_load
39,2011-02-09,102.0,100.0,102.0,102.0,100.0,102.0,102.0,100.0,102.0,100.0,102.0,102.0,100.0,102.0,102.0,102.0,102.0,102.0,102.0,100.0,102.0,102.0,102.0,102.0,2,Winter,moderate_load
40,2011-02-10,102.0,100.0,102.0,102.0,102.0,100.0,102.0,102.0,102.0,102.0,102.0,102.0,102.0,102.0,102.0,102.0,100.0,102.0,102.0,102.0,102.0,102.0,100.0,102.0,2,Winter,moderate_load
41,2011-02-11,102.0,102.0,102.0,102.0,102.0,102.0,100.0,102.0,100.0,102.0,102.0,102.0,102.0,102.0,102.0,102.0,100.0,102.0,102.0,102.0,102.0,102.0,100.0,102.0,2,Winter,moderate_load
42,2011-02-12,102.0,102.0,102.0,102.0,102.0,102.0,102.0,102.0,100.0,102.0,102.0,104.0,100.0,102.0,100.0,102.0,102.0,102.0,100.0,102.0,102.0,100.0,102.0,102.0,2,Winter,moderate_load
43,2011-02-13,100.0,102.0,100.0,104.0,102.0,102.0,102.0,102.0,102.0,102.0,102.0,102.0,102.0,102.0,102.0,104.0,102.0,102.0,106.0,102.0,102.0,100.0,102.0,102.0,2,Winter,moderate_load
44,2011-02-14,102.0,102.0,102.0,104.0,102.0,102.0,100.0,102.0,102.0,102.0,102.0,102.0,102.0,104.0,104.0,104.0,102.0,110.0,104.0,102.0,104.0,102.0,100.0,104.0,2,Winter,moderate_load
45,2011-02-15,102.0,102.0,102.0,104.0,102.0,102.0,102.0,102.0,102.0,100.0,102.0,102.0,104.0,108.0,108.0,110.0,110.0,112.0,106.0,102.0,104.0,102.0,100.0,104.0,2,Winter,moderate_load
46,2011-02-16,102.0,102.0,102.0,104.0,102.0,102.0,102.0,102.0,102.0,100.0,102.0,104.0,106.0,110.0,106.0,110.0,104.0,106.0,102.0,102.0,102.0,104.0,102.0,104.0,2,Winter,moderate_load
47,2011-02-17,102.0,102.0,104.0,104.0,102.0,102.0,102.0,102.0,100.0,102.0,102.0,102.0,102.0,104.0,102.0,104.0,102.0,102.0,102.0,102.0,102.0,104.0,102.0,104.0,2,Winter,moderate_load
48,2011-02-18,102.0,102.0,102.0,102.0,104.0,102.0,102.0,102.0,102.0,102.0,102.0,102.0,104.0,102.0,104.0,102.0,102.0,104.0,102.0,102.0,102.0,102.0,102.0,104.0,2,Winter,moderate_load
49,2011-02-19,104.0,102.0,102.0,104.0,102.0,104.0,102.0,104.0,102.0,102.0,102.0,102.0,104.0,104.0,100.0,104.0,100.0,102.0,104.0,102.0,102.0,110.0,100.0,98.0,2,Winter,moderate_load
50,2011-02-20,102.0,104.0,102.0,102.0,102.0,102.0,102.0,100.0,102.0,102.0,100.0,102.0,100.0,102.0,104.0,100.0,100.0,102.0,102.0,102.0,102.0,102.0,102.0,100.0,2,Winter,moderate_load
51,2011-02-21,102.0,102.0,102.0,102.0,102.0,102.0,102.0,102.0,100.0,102.0,102.0,100.0,102.0,102.0,102.0,100.0,102.0,100.0,102.0,100.0,102.0,102.0,102.0,100.0,2,Winter,moderate_load
52,2011-02-22,102.0,102.0,100.0,104.0,102.0,100.0,102.0,102.0,100.0,104.0,102.0,102.0,102.0,102.0,102.0,104.0,102.0,102.0,102.0,102.0,102.0,100.0,102.0,102.0,2,Winter,moderate_load
53,2011-02-23,102.0,102.0,102.0,104.0,102.0,102.0,102.0,100.0,102.0,102.0,102.0,102.0,102.0,102.0,102.0,102.0,102.0,104.0,102.0,100.0,102.0,102.0,102.0,104.0,2,Winter,moderate_load
54,2011-02-24,102.0,102.0,102.0,102.0,102.0,104.0,102.0,102.0,102.0,102.0,102.0,102.0,102.0,102.0,104.0,104.0,102.0,102.0,102.0,102.0,102.0,102.0,104.0,102.0,2,Winter,moderate_load
55,2011-02-25,102.0,102.0,102.0,102.0,102.0,102.0,104.0,100.0,102.0,102.0,102.0,102.0,104.0,102.0,102.0,102.0,102.0,102.0,104.0,102.0,102.0,102.0,102.0,102.0,2,Winter,moderate_load
56,2011-02-26,102.0,102.0,102.0,104.0,102.0,102.0,102.0,102.0,102.0,104.0,102.0,102.0,104.0,100.0,104.0,102.0,102.0,102.0,102.0,102.0,102.0,100.0,102.0,102.0,2,Winter,moderate_load
57,2011-02-27,102.0,100.0,102.0,102.0,102.0,102.0,102.0,100.0,102.0,102.0,102.0,100.0,102.0,100.0,102.0,100.0,102.0,102.0,100.0,102.0,102.0,100.0,104.0,100.0,2,Winter,moderate_load
58,2011-02-28,102.0,102.0,102.0,104.0,102.0,102.0,102.0,102.0,102.0,102.0,102.0,100.0,102.0,104.0,102.0,102.0,102.0,102.0,102.0,102.0,102.0,102.0,102.0,102.0,2,Winter,moderate_load
59,2011-03-01,102.0,102.0,102.0,102.0,102.0,102.0,102.0,104.0,102.0,102.0,102.0,102.0,102.0,102.0,110.0,106.0,106.0,106.0,102.0,104.0,102.0,102.0,102.0,102.0,2,Spring,moderate_load
60,2011-03-02,102.0,102.0,102.0,104.0,102.0,102.0,102.0,102.0,102.0,104.0,102.0,102.0,104.0,104.0,102.0,104.0,104.0,106.0,102.0,102.0,102.0,102.0,102.0,102.0,2,Spring,moderate_load
61,2011-03-03,102.0,104.0,102.0,102.0,100.0,102.0,102.0,102.0,100.0,102.0,102.0,104.0,102.0,104.0,104.0,102.0,104.0,104.0,104.0,100.0,104.0,104.0,102.0,104.0,2,Spring,moderate_load
62,2011-03-04,102.0,102.0,104.0,104.0,104.0,104.0,102.0,102.0,102.0,102.0,104.0,104.0,102.0,102.0,104.0,104.0,104.0,102.0,102.0,102.0,102.0,102.0,102.0,102.0,2,Spring,moderate_load
63,2011-03-05,102.0,102.0,102.0,104.0,102.0,102.0,102.0,104.0,102.0,102.0,102.0,94.0,110.0,102.0,104.0,104.0,102.0,102.0,102.0,102.0,102.0,102.0,104.0,102.0,2,Spring,moderate_load
64,2011-03-06,104.0,102.0,104.0,102.0,102.0,102.0,104.0,102.0,102.0,102.0,102.0,102.0,102.0,104.0,102.0,102.0,102.0,102.0,102.0,104.0,102.0,104.0,102.0,104.0,2,Spring,moderate_load
65,2011-03-07,102.0,102.0,104.0,102.0,104.0,104.0,104.0,102.0,102.0,102.0,102.0,104.0,102.0,102.0,104.0,102.0,104.0,104.0,104.0,102.0,106.0,104.0,102.0,104.0,2,Spring,moderate_load
66,2011-03-08,102.0,102.0,104.0,104.0,102.0,102.0,102.0,102.0,102.0,104.0,102.0,102.0,106.0,104.0,102.0,106.0,102.0,102.0,104.0,104.0,104.0,104.0,102.0,104.0,2,Spring,moderate_load
67,2011-03-09,102.0,102.0,102.0,104.0,104.0,102.0,104.0,102.0,104.0,102.0,104.0,102.0,104.0,102.0,104.0,102.0,104.0,104.0,102.0,102.0,104.0,102.0,102.0,104.0,2,Spring,moderate_load
68,2011-03-10,102.0,104.0,102.0,104.0,104.0,102.0,104.0,102.0,102.0,102.0,106.0,104.0,102.0,104.0,104.0,106.0,106.0,108.0,104.0,106.0,104.0,104.0,104.0,102.0,2,Spring,moderate_load
69,2011-03-11,104.0,104.0,102.0,104.0,104.0,106.0,104.0,104.0,102.0,104.0,104.0,106.0,104.0,104.0,104.0,106.0,106.0,108.0,104.0,104.0,104.0,106.0,106.0,104.0,2,Spring,moderate_load
70,2011-03-12,106.0,104.0,104.0,102.0,104.0,106.0,104.0,102.0,104.0,102.0,104.0,104.0,104.0,104.0,104.0,104.0,104.0,106.0,106.0,104.0,104.0,104.0,102.0,106.0,2,Spring,moderate_load
71,2011-03-13,102.0,106.0,104.0,102.0,104.0,104.0,104.0,104.0,102.0,106.0,104.0,104.0,104.0,106.0,104.0,104.0,104.0,104.0,106.0,102.0,104.0,104.0,102.0,104.0,2,Spring,moderate_load
72,2011-03-14,104.0,104.0,104.0,106.0,104.0,102.0,104.0,104.0,104.0,102.0,104.0,104.0,104.0,102.0,104.0,106.0,104.0,104.0,106.0,104.0,104.0,106.0,104.0,104.0,2,Spring,moderate_load
73,2011-03-15,106.0,104.0,106.0,106.0,104.0,104.0,104.0,104.0,104.0,106.0,104.0,104.0,104.0,106.0,106.0,106.0,104.0,106.0,106.0,104.0,108.0,104.0,106.0,104.0,2,Spring,moderate_load
74,2011-03-16,104.0,106.0,106.0,106.0,104.0,104.0,104.0,106.0,104.0,106.0,104.0,106.0,104.0,106.0,106.0,108.0,114.0,104.0,108.0,106.0,104.0,106.0,106.0,104.0,1,Spring,high_load_high_peak
75,2011-03-17,104.0,106.0,104.0,104.0,108.0,104.0,104.0,104.0,104.0,104.0,104.0,104.0,104.0,104.0,108.0,106.0,108.0,104.0,104.0,102.0,104.0,102.0,104.0,102.0,2,Spring,moderate_load
76,2011-03-18,104.0,102.0,106.0,104.0,104.0,104.0,104.0,102.0,104.0,104.0,104.0,104.0,104.0,104.0,104.0,106.0,104.0,106.0,104.0,104.0,104.0,104.0,104.0,104.0,2,Spring,moderate_load
77,2011-03-19,104.0,104.0,104.0,104.0,104.0,104.0,104.0,102.0,104.0,104.0,102.0,104.0,104.0,106.0,104.0,104.0,104.0,104.0,106.0,104.0,104.0,102.0,104.0,106.0,2,Spring,moderate_load
78,2011-03-20,102.0,104.0,104.0,106.0,102.0,104.0,102.0,102.0,102.0,104.0,102.0,104.0,104.0,104.0,104.0,104.0,104.0,104.0,104.0,104.0,104.0,104.0,102.0,104.0,2,Spring,moderate_load
79,2011-03-21,104.0,104.0,102.0,106.0,104.0,104.0,104.0,102.0,104.0,104.0,102.0,104.0,104.0,104.0,104.0,108.0,104.0,108.0,104.0,106.0,106.0,106.0,104.0,104.0,2,Spring,moderate_load
80,2011-03-22,106.0,104.0,104.0,104.0,104.0,104.0,104.0,104.0,104.0,104.0,104.0,102.0,104.0,104.0,104.0,102.0,104.0,104.0,102.0,104.0,104.0,102.0,104.0,104.0,2,Spring,moderate_load
81,2011-03-23,104.0,102.0,104.0,104.0,104.0,102.0,104.0,102.0,104.0,104.0,104.0,104.0,104.0,104.0,104.0,104.0,102.0,104.0,104.0,104.0,104.0,102.0,104.0,102.0,2,Spring,moderate_load
82,2011-03-24,104.0,104.0,104.0,106.0,102.0,104.0,104.0,102.0,104.0,102.0,104.0,104.0,104.0,104.0,104.0,104.0,104.0,104.0,104.0,102.0,104.0,102.0,104.0,104.0,2,Spring,moderate_load
83,2011-03-25,104.0,102.0,104.0,102.0,104.0,104.0,102.0,104.0,104.0,104.0,102.0,104.0,102.0,106.0,104.0,102.0,102.0,104.0,104.0,102.0,104.0,102.0,104.0,104.0,2,Spring,moderate_load
84,2011-03-26,104.0,106.0,102.0,104.0,104.0,104.0,104.0,102.0,104.0,104.0,104.0,104.0,102.0,104.0,104.0,102.0,102.0,104.0,104.0,102.0,104.0,102.0,102.0,104.0,2,Spring,moderate_load
85,2011-03-27,102.0,104.0,104.0,104.0,104.0,104.0,104.0,104.0,102.0,104.0,104.0,104.0,104.0,104.0,104.0,106.0,104.0,104.0,102.0,104.0,102.0,102.0,102.0,104.0,2,Spring,moderate_load
86,2011-03-28,104.0,104.0,104.0,106.0,106.0,104.0,104.0,104.0,104.0,106.0,104.0,106.0,106.0,104.0,104.0,104.0,104.0,104.0,104.0,104.0,102.0,102.0,102.0,104.0,2,Spring,moderate_load
87,2011-03-29,104.0,102.0,104.0,106.0,104.0,104.0,104.0,104.0,102.0,104.0,104.0,104.0,102.0,106.0,104.0,104.0,104.0,104.0,102.0,104.0,102.0,104.0,102.0,104.0,2,Spring,moderate_load
88,2011-03-30,102.0,102.0,104.0,102.0,104.0,104.0,102.0,104.0,102.0,104.0,102.0,104.0,104.0,102.0,102.0,104.0,102.0,102.0,102.0,104.0,104.0,102.0,104.0,102.0,2,Spring,moderate_load
89,2011-03-31,104.0,104.0,104.0,106.0,104.0,106.0,104.0,102.0,106.0,102.0,104.0,104.0,104.0,102.0,106.0,104.0,104.0,108.0,104.0,104.0,104.0,104.0,102.0,104.0,2,Spring,moderate_load
90,2011-04-01,104.0,102.0,104.0,104.0,104.0,104.0,102.0,104.0,104.0,104.0,104.0,104.0,104.0,104.0,104.0,104.0,106.0,106.0,104.0,106.0,104.0,104.0,104.0,102.0,2,Spring,moderate_load
91,2011-04-02,104.0,102.0,104.0,104.0,104.0,104.0,104.0,104.0,102.0,102.0,104.0,104.0,106.0,114.0,110.0,110.0,110.0,108.0,106.0,110.0,106.0,104.0,106.0,104.0,1,Spring,high_load_high_peak
92,2011-04-03,106.0,104.0,106.0,106.0,106.0,108.0,104.0,104.0,104.0,104.0,106.0,104.0,102.0,104.0,104.0,104.0,104.0,104.0,104.0,104.0,104.0,104.0,104.0,104.0,2,Spring,moderate_load
93,2011-04-04,104.0,104.0,104.0,104.0,104.0,102.0,110.0,96.0,104.0,102.0,104.0,104.0,102.0,104.0,102.0,102.0,104.0,102.0,104.0,104.0,102.0,104.0,102.0,104.0,2,Spring,moderate_load
94,2011-04-05,104.0,104.0,102.0,104.0,104.0,104.0,104.0,102.0,102.0,104.0,104.0,104.0,104.0,104.0,108.0,104.0,106.0,106.0,106.0,104.0,108.0,104.0,104.0,104.0,2,Spring,moderate_load
95,2011-04-06,104.0,104.0,104.0,104.0,104.0,104.0,104.0,104.0,104.0,106.0,106.0,102.0,106.0,104.0,104.0,104.0,106.0,104.0,104.0,104.0,104.0,104.0,104.0,104.0,2,Spring,moderate_load
96,2011-04-07,104.0,104.0,104.0,104.0,104.0,106.0,104.0,104.0,106.0,104.0,104.0,106.0,104.0,104.0,106.0,104.0,104.0,104.0,106.0,104.0,104.0,104.0,104.0,104.0,2,Spring,moderate_load
97,2011-04-08,104.0,104.0,104.0,104.0,104.0,104.0,106.0,106.0,106.0,104.0,104.0,106.0,104.0,104.0,106.0,106.0,108.0,104.0,106.0,104.0,108.0,104.0,106.0,102.0,2,Spring,moderate_load
98,2011-04-09,104.0,104.0,106.0,104.0,104.0,104.0,104.0,106.0,104.0,106.0,106.0,104.0,108.0,108.0,106.0,110.0,106.0,104.0,106.0,104.0,104.0,104.0,104.0,106.0,1,Spring,high_load_high_peak
99,2011-04-10,104.0,102.0,106.0,104.0,104.0,104.0,104.0,102.0,104.0,104.0,102.0,104.0,102.0,104.0,104.0,104.0,102.0,104.0,102.0,104.0,104.0,102.0,104.0,102.0,2,Spring,moderate_load
100,2011-04-11,104.0,104.0,102.0,104.0,102.0,104.0,104.0,102.0,104.0,104.0,102.0,106.0,102.0,104.0,106.0,102.0,106.0,102.0,104.0,104.0,104.0,102.0,104.0,104.0,2,Spring,moderate_load
101,2011-04-12,104.0,104.0,104.0,104.0,104.0,102.0,104.0,102.0,104.0,102.0,104.0,106.0,106.0,106.0,106.0,104.0,104.0,104.0,104.0,104.0,104.0,104.0,104.0,104.0,2,Spring,moderate_load
102,2011-04-13,104.0,104.0,104.0,104.0,104.0,102.0,104.0,104.0,104.0,104.0,104.0,104.0,104.0,104.0,104.0,104.0,102.0,104.0,102.0,104.0,104.0,104.0,102.0,104.0,2,Spring,moderate_load
103,2011-04-14,106.0,104.0,102.0,104.0,106.0,106.0,104.0,102.0,104.0,104.0,106.0,104.0,106.0,104.0,106.0,106.0,106.0,104.0,102.0,104.0,104.0,104.0,104.0,104.0,2,Spring,moderate_load
104,2011-04-15,104.0,104.0,104.0,106.0,106.0,104.0,106.0,104.0,106.0,104.0,104.0,104.0,102.0,106.0,104.0,104.0,104.0,102.0,104.0,104.0,104.0,104.0,104.0,104.0,2,Spring,moderate_load
105,2011-04-16,104.0,104.0,104.0,104.0,104.0,104.0,104.0,104.0,106.0,104.0,104.0,104.0,106.0,106.0,106.0,106.0,108.0,106.0,106.0,106.0,104.0,106.0,104.0,104.0,2,Spring,moderate_load
106,2011-04-17,104.0,104.0,106.0,104.0,104.0,104.0,104.0,102.0,104.0,102.0,106.0,102.0,106.0,108.0,104.0,106.0,106.0,106.0,106.0,104.0,106.0,104.0,106.0,104.0,2,Spring,moderate_load
107,2011-04-18,106.0,106.0,106.0,106.0,106.0,104.0,104.0,106.0,104.0,104.0,106.0,108.0,106.0,106.0,112.0,108.0,110.0,106.0,106.0,106.0,106.0,104.0,106.0,106.0,1,Spring,high_load_high_peak
108,2011-04-19,106.0,104.0,104.0,108.0,106.0,104.0,104.0,106.0,104.0,106.0,106.0,106.0,106.0,106.0,106.0,106.0,108.0,106.0,106.0,104.0,106.0,106.0,104.0,104.0,1,Spring,high_load_high_peak
109,2011-04-20,106.0,104.0,104.0,106.0,104.0,104.0,106.0,104.0,102.0,106.0,104.0,106.0,104.0,106.0,106.0,106.0,106.0,108.0,104.0,106.0,106.0,106.0,108.0,106.0,1,Spring,high_load_high_peak
110,2011-04-21,106.0,106.0,106.0,108.0,106.0,106.0,108.0,106.0,106.0,106.0,106.0,108.0,110.0,108.0,110.0,112.0,112.0,110.0,110.0,108.0,110.0,108.0,108.0,108.0,1,Spring,high_load_high_peak
111,2011-04-22,106.0,106.0,106.0,108.0,106.0,106.0,106.0,106.0,106.0,106.0,108.0,106.0,106.0,106.0,106.0,108.0,110.0,108.0,106.0,108.0,108.0,106.0,106.0,106.0,1,Spring,high_load_high_peak
112,2011-04-23,106.0,106.0,106.0,108.0,106.0,106.0,106.0,106.0,106.0,106.0,106.0,106.0,108.0,106.0,106.0,106.0,106.0,106.0,106.0,106.0,106.0,106.0,106.0,106.0,1,Spring,high_load_high_peak
113,2011-04-24,106.0,108.0,106.0,108.0,108.0,106.0,106.0,106.0,106.0,106.0,106.0,106.0,106.0,108.0,106.0,108.0,108.0,108.0,106.0,108.0,106.0,108.0,108.0,108.0,1,Spring,high_load_high_peak
114,2011-04-25,106.0,106.0,108.0,108.0,108.0,108.0,108.0,108.0,108.0,108.0,108.0,108.0,108.0,108.0,108.0,108.0,108.0,106.0,108.0,106.0,108.0,106.0,106.0,106.0,1,Spring,high_load_high_peak
115,2011-04-26,108.0,106.0,108.0,108.0,108.0,106.0,106.0,108.0,106.0,108.0,106.0,106.0,108.0,110.0,102.0,108.0,108.0,106.0,108.0,106.0,106.0,106.0,106.0,108.0,1,Spring,high_load_high_peak
116,2011-04-27,106.0,106.0,108.0,108.0,106.0,106.0,108.0,106.0,106.0,106.0,108.0,108.0,106.0,108.0,108.0,106.0,106.0,108.0,106.0,106.0,106.0,106.0,106.0,108.0,1,Spring,high_load_high_peak
117,2011-04-28,106.0,106.0,106.0,108.0,106.0,106.0,108.0,106.0,106.0,108.0,106.0,108.0,106.0,106.0,110.0,106.0,108.0,106.0,106.0,106.0,106.0,108.0,108.0,104.0,1,Spring,high_load_high_peak
118,2011-04-29,106.0,106.0,106.0,106.0,106.0,106.0,104.0,106.0,106.0,108.0,106.0,108.0,108.0,110.0,106.0,106.0,110.0,108.0,106.0,108.0,106.0,106.0,106.0,106.0,1,Spring,high_load_high_peak
119,2011-04-30,108.0,106.0,106.0,106.0,106.0,106.0,106.0,106.0,104.0,106.0,106.0,104.0,108.0,104.0,108.0,106.0,106.0,106.0,106.0,106.0,106.0,106.0,106.0,106.0,1,Spring,high_load_high_peak
120,2011-05-01,106.0,106.0,106.0,106.0,106.0,108.0,104.0,106.0,106.0,106.0,104.0,106.0,106.0,104.0,106.0,106.0,106.0,106.0,106.0,106.0,106.0,106.0,106.0,106.0,1,Spring,high_load_high_peak
121,2011-05-02,106.0,106.0,108.0,106.0,106.0,106.0,106.0,108.0,106.0,106.0,106.0,108.0,116.0,106.0,108.0,108.0,106.0,106.0,106.0,108.0,106.0,106.0,108.0,106.0,1,Spring,high_load_high_peak
122,2011-05-03,106.0,106.0,108.0,106.0,106.0,106.0,106.0,106.0,106.0,106.0,106.0,106.0,106.0,106.0,106.0,108.0,108.0,106.0,106.0,106.0,106.0,106.0,106.0,106.0,1,Spring,high_load_high_peak
123,2011-05-04,106.0,106.0,108.0,106.0,106.0,106.0,106.0,106.0,104.0,106.0,106.0,108.0,108.0,110.0,108.0,106.0,108.0,108.0,106.0,106.0,106.0,106.0,108.0,106.0,1,Spring,high_load_high_peak
124,2011-05-05,106.0,106.0,106.0,108.0,106.0,108.0,106.0,106.0,108.0,106.0,106.0,106.0,106.0,106.0,110.0,114.0,102.0,108.0,110.0,106.0,108.0,110.0,108.0,106.0,1,Spring,high_load_high_peak
125,2011-05-06,106.0,106.0,106.0,108.0,106.0,108.0,104.0,106.0,106.0,106.0,108.0,108.0,110.0,108.0,114.0,112.0,114.0,110.0,106.0,112.0,106.0,110.0,108.0,108.0,1,Spring,high_load_high_peak
126,2011-05-07,106.0,108.0,106.0,108.0,106.0,108.0,106.0,106.0,106.0,110.0,108.0,106.0,108.0,116.0,118.0,112.0,110.0,112.0,112.0,110.0,112.0,108.0,108.0,108.0,1,Spring,high_load_high_peak
127,2011-05-08,108.0,110.0,108.0,108.0,108.0,106.0,106.0,106.0,106.0,106.0,108.0,108.0,116.0,112.0,112.0,110.0,112.0,112.0,116.0,108.0,112.0,108.0,112.0,106.0,1,Spring,high_load_high_peak
128,2011-05-09,108.0,106.0,110.0,108.0,108.0,106.0,108.0,108.0,112.0,108.0,106.0,108.0,116.0,110.0,116.0,118.0,114.0,116.0,116.0,114.0,110.0,108.0,110.0,108.0,1,Spring,high_load_high_peak
129,2011-05-10,108.0,106.0,106.0,108.0,106.0,106.0,106.0,106.0,106.0,106.0,108.0,110.0,108.0,112.0,110.0,114.0,116.0,110.0,116.0,110.0,108.0,110.0,108.0,108.0,1,Spring,high_load_high_peak
130,2011-05-11,108.0,108.0,108.0,110.0,108.0,108.0,108.0,108.0,106.0,108.0,110.0,108.0,106.0,108.0,108.0,108.0,108.0,110.0,106.0,108.0,110.0,106.0,108.0,106.0,1,Spring,high_load_high_peak
131,2011-05-12,108.0,108.0,110.0,110.0,108.0,108.0,110.0,108.0,108.0,108.0,108.0,108.0,108.0,108.0,108.0,108.0,108.0,110.0,108.0,108.0,108.0,108.0,108.0,108.0,1,Spring,high_load_high_peak
132,2011-05-13,108.0,108.0,106.0,108.0,106.0,108.0,106.0,106.0,108.0,110.0,108.0,110.0,108.0,112.0,116.0,112.0,112.0,114.0,112.0,108.0,110.0,108.0,110.0,110.0,1,Spring,high_load_high_peak
133,2011-05-14,98.0,98.0,100.0,100.0,100.0,98.0,98.0,100.0,98.0,98.0,100.0,98.0,98.0,100.0,98.0,100.0,100.0,96.0,100.0,98.0,98.0,98.0,98.0,100.0,0,Spring,low_load
134,2011-05-15,98.0,98.0,98.0,100.0,100.0,98.0,98.0,100.0,98.0,98.0,100.0,98.0,98.0,100.0,98.0,100.0,98.0,98.0,100.0,100.0,100.0,98.0,100.0,100.0,0,Spring,low_load
135,2011-05-16,100.0,98.0,100.0,102.0,98.0,100.0,100.0,98.0,98.0,98.0,96.0,98.0,100.0,100.0,100.0,102.0,100.0,104.0,104.0,100.0,100.0,100.0,100.0,100.0,0,Spring,low_load
136,2011-05-17,100.0,100.0,98.0,100.0,98.0,100.0,98.0,98.0,100.0,100.0,100.0,106.0,104.0,100.0,100.0,100.0,98.0,100.0,98.0,100.0,100.0,100.0,100.0,98.0,0,Spring,low_load
137,2011-05-18,100.0,98.0,100.0,102.0,98.0,100.0,100.0,100.0,100.0,98.0,100.0,100.0,100.0,100.0,98.0,100.0,100.0,100.0,100.0,100.0,100.0,98.0,100.0,100.0,0,Spring,low_load
138,2011-05-19,98.0,100.0,100.0,102.0,100.0,98.0,100.0,100.0,100.0,98.0,100.0,100.0,100.0,98.0,100.0,100.0,98.0,98.0,100.0,98.0,100.0,98.0,100.0,98.0,0,Spring,low_load
139,2011-05-20,98.0,100.0,100.0,100.0,100.0,100.0,98.0,100.0,98.0,98.0,98.0,98.0,100.0,98.0,98.0,96.0,98.0,98.0,98.0,96.0,98.0,98.0,98.0,98.0,0,Spring,low_load
140,2011-05-21,96.0,98.0,98.0,96.0,98.0,98.0,96.0,98.0,98.0,98.0,100.0,96.0,98.0,96.0,98.0,96.0,100.0,96.0,98.0,96.0,98.0,100.0,96.0,98.0,0,Spring,low_load
141,2011-05-22,96.0,98.0,96.0,98.0,98.0,96.0,98.0,98.0,96.0,98.0,96.0,98.0,96.0,98.0,98.0,100.0,98.0,98.0,98.0,98.0,102.0,98.0,96.0,98.0,0,Spring,low_load
142,2011-05-23,96.0,98.0,100.0,100.0,96.0,98.0,96.0,98.0,102.0,98.0,104.0,102.0,102.0,104.0,102.0,100.0,102.0,104.0,102.0,98.0,98.0,102.0,98.0,98.0,0,Spring,low_load
143,2011-05-24,98.0,98.0,98.0,100.0,98.0,96.0,96.0,98.0,98.0,96.0,98.0,98.0,98.0,98.0,98.0,98.0,98.0,98.0,98.0,96.0,100.0,98.0,96.0,98.0,0,Spring,low_load
144,2011-05-25,98.0,98.0,98.0,98.0,98.0,100.0,98.0,98.0,98.0,98.0,98.0,98.0,98.0,102.0,100.0,104.0,104.0,100.0,106.0,96.0,98.0,98.0,98.0,98.0,0,Spring,low_load
145,2011-05-26,98.0,98.0,96.0,98.0,98.0,98.0,100.0,96.0,98.0,98.0,98.0,100.0,98.0,106.0,104.0,106.0,106.0,106.0,102.0,102.0,102.0,102.0,98.0,100.0,0,Spring,low_load
146,2011-05-27,100.0,98.0,98.0,98.0,98.0,98.0,96.0,98.0,98.0,98.0,100.0,100.0,102.0,102.0,104.0,104.0,104.0,104.0,102.0,102.0,96.0,102.0,96.0,98.0,0,Spring,low_load
147,2011-05-28,100.0,98.0,98.0,98.0,98.0,98.0,96.0,98.0,96.0,98.0,98.0,96.0,98.0,100.0,98.0,102.0,100.0,98.0,100.0,98.0,98.0,98.0,96.0,98.0,0,Spring,low_load
148,2011-05-29,98.0,98.0,98.0,100.0,100.0,98.0,98.0,96.0,100.0,98.0,98.0,100.0,102.0,104.0,100.0,106.0,104.0,106.0,106.0,106.0,106.0,106.0,102.0,102.0,2,Spring,moderate_load
149,2011-05-30,102.0,102.0,100.0,104.0,102.0,100.0,98.0,104.0,98.0,104.0,106.0,106.0,104.0,102.0,104.0,100.0,102.0,98.0,100.0,96.0,96.0,96.0,98.0,96.0,0,Spring,low_load
150,2011-05-31,98.0,96.0,96.0,96.0,96.0,96.0,96.0,98.0,96.0,98.0,96.0,100.0,100.0,104.0,100.0,104.0,106.0,106.0,106.0,106.0,100.0,100.0,98.0,98.0,0,Spring,low_load
151,2011-06-01,98.0,98.0,102.0,100.0,98.0,98.0,100.0,96.0,100.0,102.0,106.0,106.0,106.0,106.0,106.0,106.0,108.0,106.0,104.0,108.0,104.0,104.0,104.0,104.0,2,Summer,moderate_load
152,2011-06-02,102.0,100.0,102.0,102.0,98.0,100.0,102.0,102.0,106.0,106.0,106.0,106.0,106.0,106.0,108.0,106.0,108.0,108.0,106.0,108.0,106.0,106.0,106.0,102.0,2,Summer,moderate_load
153,2011-06-03,98.0,98.0,100.0,102.0,98.0,98.0,98.0,100.0,102.0,106.0,100.0,106.0,106.0,106.0,106.0,106.0,106.0,106.0,106.0,106.0,102.0,104.0,102.0,100.0,2,Summer,moderate_load
154,2011-06-04,98.0,98.0,102.0,100.0,100.0,98.0,98.0,102.0,98.0,100.0,100.0,98.0,102.0,106.0,106.0,106.0,106.0,106.0,106.0,106.0,106.0,106.0,104.0,106.0,2,Summer,moderate_load
155,2011-06-05,106.0,102.0,102.0,104.0,102.0,98.0,102.0,102.0,100.0,104.0,108.0,108.0,106.0,108.0,108.0,106.0,108.0,108.0,106.0,108.0,106.0,106.0,106.0,102.0,2,Summer,moderate_load
156,2011-06-06,106.0,100.0,104.0,98.0,102.0,102.0,98.0,106.0,108.0,106.0,108.0,108.0,106.0,108.0,106.0,106.0,106.0,106.0,106.0,106.0,106.0,106.0,106.0,100.0,2,Summer,moderate_load
157,2011-06-07,100.0,96.0,98.0,102.0,96.0,98.0,100.0,100.0,104.0,104.0,106.0,104.0,106.0,106.0,106.0,106.0,106.0,108.0,106.0,106.0,106.0,108.0,106.0,100.0,2,Summer,moderate_load
158,2011-06-08,98.0,98.0,98.0,104.0,98.0,98.0,98.0,100.0,102.0,104.0,104.0,106.0,104.0,106.0,106.0,106.0,106.0,106.0,106.0,106.0,106.0,104.0,106.0,102.0,2,Summer,moderate_load
159,2011-06-09,102.0,106.0,102.0,104.0,98.0,98.0,100.0,100.0,100.0,100.0,100.0,106.0,106.0,104.0,106.0,104.0,106.0,106.0,104.0,106.0,104.0,102.0,102.0,102.0,2,Summer,moderate_load
160,2011-06-10,98.0,104.0,102.0,98.0,102.0,100.0,98.0,96.0,106.0,100.0,100.0,102.0,106.0,106.0,106.0,106.0,106.0,106.0,106.0,104.0,106.0,106.0,102.0,100.0,2,Summer,moderate_load
161,2011-06-11,102.0,96.0,106.0,100.0,100.0,98.0,98.0,100.0,98.0,102.0,100.0,102.0,106.0,106.0,102.0,106.0,102.0,104.0,106.0,106.0,106.0,106.0,106.0,98.0,2,Summer,moderate_load
162,2011-06-12,102.0,100.0,102.0,98.0,102.0,98.0,98.0,94.0,100.0,100.0,100.0,104.0,106.0,108.0,108.0,108.0,108.0,108.0,108.0,108.0,102.0,100.0,98.0,98.0,2,Summer,moderate_load
163,2011-06-13,98.0,98.0,98.0,100.0,98.0,100.0,98.0,98.0,100.0,98.0,102.0,102.0,98.0,98.0,100.0,98.0,98.0,100.0,98.0,100.0,98.0,98.0,102.0,98.0,0,Summer,low_load
164,2011-06-14,100.0,104.0,102.0,104.0,100.0,104.0,102.0,98.0,100.0,102.0,102.0,102.0,102.0,100.0,102.0,104.0,104.0,104.0,102.0,104.0,102.0,102.0,100.0,100.0,2,Summer,moderate_load
165,2011-06-15,98.0,100.0,100.0,100.0,100.0,100.0,100.0,98.0,98.0,106.0,106.0,106.0,108.0,108.0,108.0,108.0,110.0,108.0,106.0,106.0,106.0,106.0,106.0,106.0,2,Summer,moderate_load
166,2011-06-16,100.0,102.0,100.0,104.0,100.0,100.0,102.0,104.0,106.0,106.0,108.0,108.0,108.0,108.0,108.0,106.0,108.0,108.0,108.0,108.0,106.0,106.0,106.0,104.0,1,Summer,high_load_high_peak
167,2011-06-17,102.0,106.0,102.0,104.0,102.0,102.0,104.0,102.0,106.0,106.0,106.0,106.0,106.0,106.0,106.0,106.0,104.0,108.0,106.0,106.0,106.0,104.0,104.0,104.0,2,Summer,moderate_load
168,2011-06-18,104.0,102.0,100.0,104.0,98.0,104.0,102.0,100.0,98.0,100.0,98.0,102.0,106.0,110.0,106.0,108.0,106.0,106.0,106.0,102.0,104.0,102.0,102.0,100.0,2,Summer,moderate_load
169,2011-06-19,104.0,98.0,102.0,100.0,102.0,98.0,98.0,98.0,104.0,98.0,102.0,102.0,108.0,104.0,108.0,106.0,106.0,106.0,106.0,102.0,106.0,104.0,104.0,104.0,2,Summer,moderate_load
170,2011-06-20,100.0,102.0,100.0,100.0,100.0,98.0,98.0,100.0,98.0,100.0,100.0,104.0,106.0,106.0,106.0,106.0,104.0,106.0,106.0,104.0,106.0,106.0,100.0,102.0,2,Summer,moderate_load
171,2011-06-21,98.0,104.0,100.0,100.0,100.0,100.0,102.0,102.0,102.0,102.0,102.0,106.0,106.0,106.0,108.0,106.0,108.0,106.0,108.0,106.0,106.0,106.0,98.0,104.0,2,Summer,moderate_load
172,2011-06-22,100.0,98.0,102.0,100.0,100.0,102.0,100.0,98.0,104.0,106.0,104.0,108.0,108.0,108.0,108.0,108.0,108.0,108.0,108.0,108.0,106.0,106.0,106.0,106.0,2,Summer,moderate_load
173,2011-06-23,104.0,104.0,102.0,104.0,100.0,102.0,100.0,106.0,102.0,108.0,106.0,108.0,106.0,108.0,108.0,108.0,106.0,108.0,106.0,106.0,104.0,106.0,104.0,104.0,2,Summer,moderate_load
174,2011-06-24,106.0,100.0,102.0,102.0,102.0,100.0,100.0,98.0,108.0,104.0,106.0,106.0,106.0,108.0,106.0,108.0,108.0,108.0,106.0,108.0,106.0,106.0,106.0,104.0,2,Summer,moderate_load
175,2011-06-25,102.0,102.0,104.0,106.0,106.0,102.0,100.0,98.0,102.0,98.0,98.0,98.0,98.0,98.0,98.0,94.0,98.0,98.0,96.0,106.0,106.0,106.0,106.0,104.0,2,Summer,moderate_load
176,2011-06-26,108.0,100.0,98.0,98.0,98.0,100.0,98.0,96.0,98.0,104.0,104.0,108.0,112.0,108.0,118.0,116.0,118.0,122.0,116.0,114.0,114.0,114.0,104.0,102.0,1,Summer,high_load_high_peak
177,2011-06-27,98.0,98.0,104.0,102.0,100.0,102.0,100.0,98.0,100.0,100.0,102.0,104.0,106.0,108.0,108.0,110.0,110.0,110.0,110.0,110.0,108.0,108.0,108.0,108.0,2,Summer,moderate_load
178,2011-06-28,106.0,106.0,102.0,104.0,102.0,100.0,102.0,102.0,102.0,106.0,108.0,110.0,110.0,114.0,114.0,110.0,110.0,112.0,110.0,110.0,110.0,108.0,110.0,106.0,1,Summer,high_load_high_peak
179,2011-06-29,100.0,102.0,100.0,102.0,100.0,100.0,102.0,102.0,102.0,108.0,108.0,108.0,110.0,112.0,112.0,110.0,110.0,110.0,108.0,112.0,110.0,108.0,108.0,104.0,1,Summer,high_load_high_peak
180,2011-06-30,104.0,104.0,100.0,106.0,100.0,102.0,102.0,102.0,106.0,106.0,108.0,112.0,108.0,112.0,110.0,112.0,108.0,110.0,110.0,108.0,108.0,106.0,106.0,106.0,1,Summer,high_load_high_peak
181,2011-07-01,106.0,102.0,102.0,100.0,100.0,98.0,100.0,100.0,102.0,106.0,106.0,108.0,108.0,110.0,108.0,110.0,110.0,110.0,110.0,112.0,108.0,108.0,108.0,110.0,1,Summer,high_load_high_peak
182,2011-07-02,110.0,106.0,106.0,106.0,106.0,102.0,106.0,102.0,106.0,106.0,112.0,110.0,114.0,114.0,114.0,112.0,114.0,116.0,114.0,114.0,114.0,112.0,110.0,110.0,1,Summer,high_load_high_peak
183,2011-07-03,104.0,106.0,106.0,106.0,106.0,106.0,102.0,102.0,100.0,106.0,108.0,112.0,112.0,108.0,112.0,110.0,112.0,110.0,110.0,108.0,108.0,108.0,106.0,106.0,1,Summer,high_load_high_peak
184,2011-07-04,102.0,102.0,98.0,104.0,102.0,102.0,104.0,104.0,106.0,108.0,110.0,112.0,114.0,112.0,110.0,110.0,110.0,110.0,110.0,110.0,112.0,110.0,110.0,108.0,1,Summer,high_load_high_peak
185,2011-07-05,108.0,106.0,104.0,106.0,100.0,104.0,102.0,104.0,106.0,108.0,110.0,110.0,112.0,114.0,114.0,110.0,112.0,112.0,112.0,112.0,112.0,108.0,112.0,110.0,1,Summer,high_load_high_peak
186,2011-07-06,106.0,106.0,108.0,106.0,102.0,106.0,106.0,106.0,108.0,108.0,108.0,112.0,112.0,112.0,112.0,114.0,116.0,114.0,114.0,114.0,114.0,112.0,112.0,112.0,1,Summer,high_load_high_peak
187,2011-07-07,106.0,110.0,108.0,110.0,106.0,106.0,110.0,110.0,108.0,108.0,114.0,112.0,114.0,114.0,116.0,114.0,114.0,114.0,114.0,114.0,112.0,114.0,112.0,110.0,1,Summer,high_load_high_peak
188,2011-07-08,110.0,106.0,106.0,110.0,104.0,106.0,106.0,108.0,108.0,110.0,110.0,112.0,110.0,114.0,112.0,116.0,116.0,116.0,116.0,114.0,112.0,114.0,114.0,110.0,1,Summer,high_load_high_peak
189,2011-07-09,106.0,106.0,106.0,106.0,106.0,106.0,102.0,100.0,106.0,110.0,110.0,110.0,112.0,114.0,112.0,114.0,112.0,114.0,110.0,110.0,110.0,106.0,106.0,106.0,1,Summer,high_load_high_peak
190,2011-07-10,102.0,106.0,106.0,102.0,106.0,106.0,102.0,106.0,104.0,106.0,110.0,106.0,112.0,112.0,112.0,110.0,112.0,112.0,112.0,114.0,110.0,110.0,106.0,106.0,1,Summer,high_load_high_peak
191,2011-07-11,106.0,106.0,102.0,106.0,106.0,106.0,106.0,106.0,108.0,108.0,110.0,110.0,112.0,114.0,112.0,114.0,114.0,114.0,112.0,110.0,108.0,108.0,110.0,106.0,1,Summer,high_load_high_peak
192,2011-07-12,106.0,106.0,106.0,104.0,106.0,104.0,106.0,106.0,108.0,110.0,110.0,112.0,112.0,114.0,114.0,114.0,116.0,114.0,114.0,116.0,116.0,114.0,114.0,110.0,1,Summer,high_load_high_peak
193,2011-07-13,108.0,106.0,110.0,106.0,108.0,106.0,110.0,110.0,110.0,122.0,98.0,118.0,116.0,116.0,116.0,116.0,116.0,116.0,118.0,114.0,118.0,116.0,114.0,114.0,1,Summer,high_load_high_peak
194,2011-07-14,112.0,112.0,108.0,110.0,106.0,108.0,112.0,108.0,110.0,114.0,114.0,116.0,116.0,112.0,114.0,110.0,110.0,110.0,110.0,108.0,108.0,110.0,108.0,106.0,1,Summer,high_load_high_peak
195,2011-07-15,106.0,108.0,106.0,106.0,102.0,102.0,102.0,102.0,104.0,104.0,106.0,106.0,108.0,110.0,110.0,110.0,110.0,106.0,106.0,106.0,108.0,108.0,110.0,106.0,1,Summer,high_load_high_peak
196,2011-07-16,106.0,106.0,104.0,106.0,106.0,104.0,102.0,104.0,100.0,96.0,98.0,98.0,100.0,108.0,108.0,108.0,110.0,110.0,108.0,110.0,108.0,108.0,108.0,106.0,1,Summer,high_load_high_peak
197,2011-07-17,108.0,106.0,106.0,108.0,106.0,104.0,106.0,106.0,104.0,106.0,108.0,108.0,108.0,110.0,110.0,110.0,110.0,108.0,108.0,110.0,110.0,108.0,110.0,108.0,1,Summer,high_load_high_peak
198,2011-07-18,110.0,108.0,108.0,108.0,106.0,106.0,106.0,106.0,106.0,106.0,108.0,110.0,108.0,110.0,110.0,112.0,110.0,108.0,110.0,108.0,110.0,110.0,108.0,108.0,1,Summer,high_load_high_peak
199,2011-07-19,106.0,108.0,106.0,106.0,106.0,106.0,106.0,106.0,106.0,108.0,108.0,108.0,110.0,108.0,108.0,108.0,108.0,110.0,108.0,108.0,104.0,108.0,106.0,108.0,1,Summer,high_load_high_peak
200,2011-07-20,106.0,106.0,108.0,106.0,106.0,104.0,104.0,104.0,104.0,106.0,106.0,106.0,108.0,108.0,108.0,108.0,108.0,106.0,108.0,108.0,108.0,108.0,106.0,108.0,1,Summer,high_load_high_peak
201,2011-07-21,106.0,106.0,106.0,106.0,106.0,104.0,104.0,104.0,104.0,106.0,106.0,108.0,106.0,108.0,106.0,104.0,108.0,106.0,106.0,106.0,106.0,106.0,104.0,106.0,1,Summer,high_load_high_peak
202,2011-07-22,104.0,106.0,104.0,106.0,102.0,102.0,104.0,106.0,104.0,104.0,106.0,108.0,108.0,106.0,106.0,108.0,106.0,108.0,106.0,108.0,106.0,108.0,108.0,106.0,1,Summer,high_load_high_peak
203,2011-07-23,106.0,106.0,106.0,104.0,104.0,102.0,102.0,102.0,102.0,104.0,104.0,106.0,106.0,106.0,106.0,106.0,106.0,106.0,106.0,108.0,106.0,108.0,106.0,106.0,1,Summer,high_load_high_peak
204,2011-07-24,106.0,104.0,106.0,106.0,104.0,104.0,102.0,104.0,104.0,106.0,106.0,108.0,108.0,108.0,110.0,110.0,106.0,108.0,108.0,108.0,106.0,108.0,106.0,108.0,1,Summer,high_load_high_peak
205,2011-07-25,106.0,106.0,106.0,106.0,106.0,104.0,104.0,104.0,106.0,106.0,108.0,110.0,110.0,108.0,110.0,106.0,110.0,104.0,108.0,108.0,106.0,108.0,106.0,106.0,1,Summer,high_load_high_peak
206,2011-07-26,104.0,108.0,106.0,106.0,106.0,104.0,106.0,104.0,106.0,108.0,108.0,108.0,108.0,108.0,108.0,108.0,110.0,108.0,108.0,108.0,106.0,108.0,106.0,106.0,1,Summer,high_load_high_peak
207,2011-07-27,106.0,106.0,106.0,106.0,104.0,104.0,104.0,104.0,106.0,108.0,108.0,108.0,108.0,108.0,108.0,108.0,110.0,108.0,108.0,108.0,108.0,108.0,106.0,106.0,1,Summer,high_load_high_peak
208,2011-07-28,106.0,106.0,106.0,106.0,104.0,104.0,104.0,104.0,104.0,106.0,108.0,108.0,108.0,110.0,108.0,108.0,108.0,108.0,106.0,108.0,106.0,106.0,104.0,106.0,1,Summer,high_load_high_peak
209,2011-07-29,104.0,106.0,104.0,106.0,106.0,104.0,104.0,104.0,104.0,104.0,106.0,106.0,108.0,108.0,108.0,108.0,108.0,104.0,110.0,106.0,106.0,106.0,108.0,106.0,1,Summer,high_load_high_peak
210,2011-07-30,106.0,106.0,106.0,104.0,104.0,104.0,104.0,102.0,104.0,104.0,106.0,106.0,108.0,108.0,106.0,106.0,108.0,106.0,106.0,106.0,106.0,108.0,108.0,106.0,1,Summer,high_load_high_peak
211,2011-07-31,106.0,106.0,106.0,106.0,106.0,106.0,104.0,104.0,106.0,104.0,106.0,108.0,110.0,110.0,110.0,106.0,106.0,108.0,108.0,108.0,106.0,110.0,106.0,108.0,1,Summer,high_load_high_peak
212,2011-08-01,106.0,106.0,108.0,106.0,106.0,106.0,104.0,104.0,106.0,106.0,110.0,108.0,108.0,108.0,108.0,108.0,108.0,110.0,108.0,110.0,108.0,108.0,108.0,106.0,1,Summer,high_load_high_peak
213,2011-08-02,108.0,106.0,106.0,106.0,106.0,104.0,104.0,106.0,106.0,106.0,108.0,108.0,110.0,108.0,110.0,110.0,110.0,110.0,108.0,108.0,108.0,108.0,108.0,106.0,1,Summer,high_load_high_peak
214,2011-08-03,106.0,106.0,106.0,106.0,106.0,104.0,104.0,102.0,104.0,104.0,106.0,108.0,106.0,108.0,108.0,108.0,108.0,110.0,108.0,106.0,106.0,104.0,106.0,106.0,1,Summer,high_load_high_peak
215,2011-08-04,106.0,106.0,104.0,104.0,106.0,104.0,104.0,102.0,104.0,104.0,106.0,106.0,106.0,108.0,106.0,106.0,108.0,104.0,104.0,106.0,104.0,104.0,106.0,104.0,1,Summer,high_load_high_peak
216,2011-08-05,104.0,104.0,104.0,106.0,102.0,102.0,102.0,102.0,102.0,106.0,106.0,106.0,104.0,108.0,106.0,104.0,106.0,106.0,104.0,106.0,104.0,104.0,104.0,104.0,2,Summer,moderate_load
217,2011-08-06,104.0,102.0,100.0,102.0,102.0,102.0,100.0,100.0,102.0,102.0,104.0,106.0,106.0,106.0,106.0,106.0,106.0,102.0,106.0,104.0,104.0,104.0,102.0,104.0,2,Summer,moderate_load
218,2011-08-07,100.0,102.0,102.0,100.0,102.0,98.0,98.0,98.0,98.0,100.0,104.0,104.0,106.0,104.0,102.0,106.0,102.0,106.0,104.0,102.0,104.0,102.0,100.0,102.0,2,Summer,moderate_load
219,2011-08-08,100.0,100.0,100.0,100.0,98.0,100.0,98.0,98.0,104.0,98.0,102.0,102.0,102.0,100.0,102.0,102.0,104.0,104.0,104.0,104.0,102.0,104.0,102.0,102.0,2,Summer,moderate_load
220,2011-08-09,102.0,102.0,98.0,100.0,100.0,100.0,98.0,100.0,100.0,100.0,102.0,102.0,104.0,104.0,104.0,104.0,104.0,102.0,106.0,102.0,104.0,106.0,104.0,104.0,2,Summer,moderate_load
221,2011-08-10,106.0,106.0,106.0,106.0,104.0,104.0,104.0,104.0,104.0,104.0,104.0,102.0,104.0,104.0,106.0,106.0,106.0,106.0,106.0,102.0,102.0,104.0,102.0,102.0,2,Summer,moderate_load
222,2011-08-11,104.0,102.0,100.0,98.0,98.0,98.0,98.0,98.0,100.0,102.0,102.0,102.0,102.0,102.0,104.0,104.0,104.0,102.0,104.0,102.0,102.0,104.0,102.0,102.0,2,Summer,moderate_load
223,2011-08-12,102.0,102.0,102.0,102.0,102.0,100.0,100.0,100.0,100.0,104.0,104.0,104.0,106.0,106.0,106.0,106.0,108.0,106.0,108.0,104.0,102.0,108.0,104.0,102.0,2,Summer,moderate_load
224,2011-08-13,104.0,104.0,102.0,104.0,100.0,102.0,98.0,98.0,100.0,102.0,102.0,104.0,106.0,106.0,106.0,106.0,108.0,108.0,108.0,106.0,106.0,108.0,106.0,104.0,2,Summer,moderate_load
225,2011-08-14,106.0,104.0,106.0,106.0,104.0,104.0,102.0,102.0,102.0,104.0,106.0,106.0,108.0,106.0,106.0,106.0,106.0,106.0,106.0,106.0,104.0,104.0,106.0,102.0,2,Summer,moderate_load
226,2011-08-15,104.0,100.0,104.0,106.0,102.0,104.0,104.0,102.0,104.0,102.0,106.0,104.0,108.0,106.0,106.0,106.0,106.0,104.0,104.0,108.0,102.0,106.0,102.0,104.0,2,Summer,moderate_load
227,2011-08-16,104.0,102.0,104.0,102.0,102.0,102.0,100.0,100.0,102.0,102.0,104.0,108.0,106.0,106.0,106.0,104.0,106.0,104.0,104.0,106.0,104.0,106.0,102.0,104.0,2,Summer,moderate_load
228,2011-08-17,104.0,104.0,100.0,104.0,100.0,102.0,100.0,100.0,102.0,106.0,106.0,104.0,106.0,106.0,106.0,106.0,106.0,106.0,104.0,106.0,102.0,104.0,102.0,104.0,2,Summer,moderate_load
229,2011-08-18,102.0,102.0,102.0,102.0,102.0,102.0,100.0,100.0,100.0,100.0,102.0,104.0,104.0,102.0,106.0,104.0,104.0,104.0,104.0,104.0,104.0,102.0,102.0,102.0,2,Summer,moderate_load
230,2011-08-19,102.0,102.0,102.0,102.0,102.0,100.0,100.0,100.0,100.0,102.0,102.0,102.0,102.0,102.0,104.0,104.0,104.0,104.0,104.0,102.0,104.0,104.0,104.0,104.0,2,Summer,moderate_load
231,2011-08-20,104.0,104.0,102.0,102.0,104.0,100.0,100.0,100.0,100.0,106.0,96.0,106.0,108.0,108.0,100.0,108.0,108.0,100.0,108.0,108.0,108.0,98.0,108.0,108.0,2,Summer,moderate_load
232,2011-08-21,106.0,98.0,106.0,106.0,106.0,106.0,96.0,104.0,104.0,106.0,98.0,106.0,108.0,108.0,100.0,108.0,108.0,98.0,106.0,108.0,108.0,98.0,106.0,106.0,2,Summer,moderate_load
233,2011-08-22,106.0,98.0,106.0,106.0,106.0,106.0,96.0,104.0,106.0,98.0,108.0,108.0,108.0,100.0,108.0,108.0,98.0,108.0,108.0,98.0,108.0,108.0,98.0,106.0,2,Summer,moderate_load
234,2011-08-23,106.0,106.0,98.0,106.0,104.0,106.0,94.0,104.0,104.0,106.0,98.0,110.0,100.0,108.0,108.0,108.0,100.0,108.0,98.0,108.0,108.0,98.0,106.0,104.0,2,Summer,moderate_load
235,2011-08-24,96.0,108.0,104.0,104.0,104.0,94.0,104.0,104.0,94.0,104.0,106.0,108.0,100.0,108.0,108.0,108.0,100.0,106.0,98.0,108.0,106.0,106.0,98.0,106.0,2,Summer,moderate_load
236,2011-08-25,106.0,98.0,104.0,104.0,104.0,94.0,104.0,102.0,94.0,106.0,108.0,108.0,100.0,108.0,110.0,98.0,108.0,110.0,110.0,100.0,108.0,106.0,98.0,106.0,2,Summer,moderate_load
237,2011-08-26,106.0,106.0,98.0,106.0,106.0,106.0,106.0,96.0,106.0,106.0,98.0,106.0,108.0,110.0,100.0,110.0,110.0,100.0,108.0,108.0,98.0,108.0,106.0,108.0,1,Summer,high_load_high_peak
238,2011-08-27,98.0,108.0,108.0,106.0,98.0,106.0,106.0,104.0,102.0,108.0,98.0,108.0,110.0,108.0,100.0,110.0,110.0,98.0,108.0,108.0,108.0,98.0,106.0,106.0,1,Summer,high_load_high_peak
239,2011-08-28,108.0,98.0,106.0,104.0,106.0,104.0,98.0,104.0,104.0,108.0,98.0,108.0,108.0,108.0,100.0,110.0,110.0,100.0,108.0,108.0,108.0,98.0,106.0,106.0,2,Summer,moderate_load
240,2011-08-29,106.0,98.0,106.0,106.0,106.0,106.0,96.0,104.0,106.0,98.0,108.0,108.0,108.0,98.0,108.0,108.0,100.0,108.0,108.0,98.0,108.0,106.0,98.0,104.0,2,Summer,moderate_load
241,2011-08-30,104.0,104.0,96.0,106.0,104.0,104.0,94.0,102.0,102.0,106.0,96.0,108.0,98.0,106.0,108.0,106.0,100.0,108.0,98.0,106.0,108.0,96.0,106.0,106.0,2,Summer,moderate_load
242,2011-08-31,96.0,104.0,104.0,102.0,102.0,94.0,104.0,102.0,94.0,106.0,106.0,108.0,98.0,106.0,108.0,108.0,98.0,106.0,98.0,108.0,106.0,108.0,96.0,106.0,2,Summer,moderate_load
243,2011-09-01,106.0,94.0,104.0,104.0,104.0,94.0,104.0,102.0,96.0,104.0,106.0,106.0,96.0,106.0,108.0,98.0,108.0,108.0,108.0,98.0,108.0,106.0,98.0,104.0,2,Fall,moderate_load
244,2011-09-02,104.0,104.0,94.0,104.0,102.0,104.0,104.0,94.0,104.0,104.0,96.0,106.0,106.0,108.0,98.0,108.0,108.0,98.0,108.0,106.0,98.0,106.0,106.0,106.0,2,Fall,moderate_load
245,2011-09-03,96.0,104.0,104.0,104.0,92.0,102.0,100.0,100.0,98.0,102.0,92.0,100.0,100.0,100.0,92.0,102.0,102.0,92.0,100.0,100.0,100.0,92.0,100.0,100.0,0,Fall,low_load
246,2011-09-04,100.0,92.0,100.0,100.0,100.0,100.0,92.0,100.0,100.0,100.0,92.0,100.0,100.0,102.0,92.0,102.0,102.0,94.0,104.0,102.0,102.0,92.0,100.0,100.0,0,Fall,low_load
247,2011-09-05,100.0,100.0,92.0,100.0,100.0,100.0,92.0,100.0,102.0,100.0,92.0,102.0,104.0,104.0,94.0,104.0,106.0,104.0,94.0,106.0,104.0,92.0,102.0,100.0,0,Fall,low_load
248,2011-09-06,100.0,100.0,92.0,102.0,100.0,102.0,92.0,100.0,100.0,102.0,92.0,102.0,94.0,98.0,102.0,104.0,104.0,104.0,94.0,104.0,104.0,104.0,104.0,94.0,0,Fall,low_load
249,2011-09-07,104.0,104.0,104.0,102.0,102.0,94.0,102.0,102.0,102.0,102.0,102.0,94.0,102.0,102.0,102.0,102.0,102.0,102.0,102.0,92.0,102.0,102.0,100.0,92.0,0,Fall,low_load
250,2011-09-08,102.0,100.0,102.0,100.0,100.0,92.0,102.0,102.0,100.0,102.0,102.0,94.0,104.0,104.0,104.0,104.0,94.0,102.0,102.0,102.0,102.0,94.0,102.0,102.0,0,Fall,low_load
251,2011-09-09,100.0,92.0,100.0,100.0,100.0,100.0,92.0,100.0,100.0,100.0,92.0,102.0,104.0,102.0,94.0,102.0,102.0,102.0,102.0,102.0,92.0,102.0,102.0,100.0,0,Fall,low_load
252,2011-09-10,102.0,100.0,92.0,100.0,100.0,100.0,100.0,100.0,92.0,100.0,102.0,102.0,102.0,102.0,94.0,102.0,102.0,104.0,102.0,102.0,92.0,100.0,102.0,100.0,0,Fall,low_load
253,2011-09-11,100.0,100.0,92.0,100.0,100.0,100.0,100.0,100.0,92.0,100.0,102.0,102.0,102.0,104.0,94.0,106.0,104.0,102.0,102.0,94.0,102.0,102.0,100.0,102.0,0,Fall,low_load
254,2011-09-12,102.0,92.0,102.0,102.0,100.0,102.0,100.0,102.0,102.0,102.0,102.0,94.0,104.0,104.0,104.0,104.0,104.0,96.0,104.0,104.0,104.0,102.0,104.0,104.0,2,Fall,moderate_load
255,2011-09-13,104.0,104.0,100.0,102.0,92.0,100.0,102.0,100.0,100.0,100.0,102.0,102.0,102.0,104.0,104.0,94.0,102.0,104.0,104.0,104.0,104.0,102.0,104.0,94.0,2,Fall,moderate_load
256,2011-09-14,102.0,100.0,102.0,100.0,100.0,100.0,100.0,100.0,100.0,100.0,100.0,100.0,100.0,102.0,102.0,92.0,102.0,102.0,102.0,100.0,92.0,110.0,92.0,102.0,0,Fall,low_load
257,2011-09-15,100.0,100.0,100.0,100.0,100.0,100.0,100.0,100.0,92.0,100.0,100.0,100.0,102.0,102.0,102.0,102.0,92.0,102.0,102.0,102.0,102.0,102.0,100.0,92.0,0,Fall,low_load
258,2011-09-16,100.0,100.0,100.0,100.0,100.0,100.0,92.0,100.0,100.0,100.0,102.0,102.0,102.0,94.0,102.0,102.0,102.0,102.0,102.0,102.0,102.0,100.0,102.0,92.0,0,Fall,low_load
259,2011-09-17,100.0,100.0,100.0,100.0,100.0,100.0,102.0,100.0,92.0,100.0,100.0,102.0,100.0,104.0,102.0,94.0,102.0,104.0,102.0,102.0,100.0,92.0,100.0,100.0,0,Fall,low_load
260,2011-09-18,100.0,100.0,100.0,92.0,100.0,100.0,100.0,92.0,100.0,100.0,100.0,100.0,100.0,92.0,102.0,102.0,102.0,102.0,92.0,102.0,100.0,102.0,100.0,102.0,0,Fall,low_load
261,2011-09-19,92.0,100.0,100.0,100.0,100.0,100.0,100.0,102.0,92.0,100.0,100.0,104.0,102.0,102.0,104.0,102.0,104.0,102.0,102.0,94.0,102.0,102.0,100.0,100.0,0,Fall,low_load
262,2011-09-20,92.0,100.0,100.0,100.0,100.0,100.0,100.0,92.0,100.0,100.0,100.0,100.0,100.0,100.0,92.0,100.0,100.0,100.0,100.0,92.0,100.0,100.0,100.0,100.0,0,Fall,low_load
263,2011-09-21,100.0,92.0,100.0,100.0,100.0,100.0,100.0,92.0,100.0,100.0,100.0,100.0,100.0,92.0,100.0,100.0,100.0,100.0,100.0,100.0,100.0,92.0,100.0,100.0,0,Fall,low_load
264,2011-09-22,100.0,100.0,100.0,100.0,100.0,100.0,100.0,100.0,92.0,100.0,100.0,100.0,100.0,100.0,100.0,100.0,92.0,100.0,110.0,92.0,100.0,100.0,100.0,100.0,0,Fall,low_load
265,2011-09-23,100.0,100.0,92.0,110.0,92.0,100.0,100.0,100.0,100.0,100.0,100.0,102.0,92.0,102.0,104.0,102.0,102.0,102.0,102.0,102.0,102.0,102.0,102.0,100.0,0,Fall,low_load
266,2011-09-24,100.0,102.0,100.0,100.0,100.0,100.0,102.0,100.0,100.0,102.0,102.0,102.0,104.0,102.0,102.0,104.0,102.0,104.0,104.0,104.0,102.0,102.0,100.0,102.0,2,Fall,moderate_load
267,2011-09-25,100.0,100.0,110.0,100.0,100.0,100.0,100.0,100.0,100.0,102.0,102.0,102.0,104.0,104.0,106.0,104.0,104.0,104.0,104.0,104.0,104.0,102.0,102.0,102.0,2,Fall,moderate_load
268,2011-09-26,100.0,102.0,100.0,100.0,100.0,100.0,100.0,100.0,110.0,92.0,110.0,102.0,104.0,102.0,102.0,102.0,102.0,102.0,112.0,102.0,102.0,102.0,104.0,102.0,2,Fall,moderate_load
269,2011-09-27,100.0,102.0,100.0,100.0,100.0,100.0,100.0,100.0,100.0,100.0,102.0,102.0,102.0,102.0,112.0,104.0,102.0,104.0,102.0,104.0,112.0,102.0,100.0,102.0,2,Fall,moderate_load
270,2011-09-28,102.0,100.0,100.0,100.0,102.0,100.0,100.0,100.0,100.0,102.0,102.0,104.0,104.0,112.0,104.0,104.0,102.0,104.0,104.0,104.0,112.0,102.0,102.0,100.0,2,Fall,moderate_load
271,2011-09-29,102.0,100.0,102.0,100.0,100.0,100.0,100.0,100.0,100.0,100.0,100.0,100.0,100.0,100.0,100.0,100.0,100.0,100.0,100.0,100.0,100.0,100.0,100.0,100.0,0,Fall,low_load
272,2011-09-30,100.0,100.0,100.0,100.0,100.0,100.0,100.0,110.0,92.0,110.0,100.0,100.0,100.0,102.0,102.0,112.0,102.0,102.0,104.0,102.0,102.0,110.0,100.0,100.0,2,Fall,moderate_load
273,2011-10-01,100.0,100.0,100.0,110.0,100.0,100.0,100.0,100.0,100.0,100.0,102.0,112.0,104.0,104.0,102.0,104.0,104.0,112.0,102.0,104.0,102.0,102.0,100.0,110.0,2,Fall,moderate_load
274,2011-10-02,102.0,100.0,100.0,102.0,110.0,100.0,100.0,100.0,100.0,100.0,112.0,104.0,104.0,102.0,102.0,104.0,114.0,102.0,104.0,104.0,100.0,102.0,110.0,102.0,2,Fall,moderate_load
275,2011-10-03,104.0,100.0,102.0,102.0,110.0,100.0,100.0,100.0,102.0,102.0,102.0,112.0,104.0,104.0,114.0,104.0,106.0,104.0,104.0,112.0,104.0,104.0,102.0,102.0,2,Fall,moderate_load
276,2011-10-04,102.0,100.0,102.0,110.0,100.0,100.0,100.0,100.0,100.0,110.0,104.0,112.0,102.0,104.0,112.0,104.0,104.0,104.0,114.0,102.0,102.0,102.0,112.0,102.0,2,Fall,moderate_load
277,2011-10-05,102.0,100.0,102.0,110.0,102.0,100.0,100.0,110.0,100.0,100.0,102.0,104.0,104.0,114.0,104.0,106.0,104.0,104.0,104.0,102.0,112.0,102.0,100.0,102.0,2,Fall,moderate_load
278,2011-10-06,100.0,110.0,100.0,100.0,100.0,110.0,100.0,100.0,100.0,100.0,110.0,100.0,102.0,100.0,110.0,100.0,100.0,110.0,100.0,100.0,100.0,100.0,100.0,100.0,2,Fall,moderate_load
279,2011-10-07,100.0,100.0,100.0,100.0,100.0,100.0,100.0,100.0,100.0,100.0,100.0,100.0,100.0,100.0,110.0,100.0,100.0,100.0,100.0,100.0,100.0,100.0,110.0,100.0,0,Fall,low_load
280,2011-10-08,100.0,100.0,100.0,100.0,100.0,100.0,100.0,100.0,100.0,110.0,100.0,100.0,100.0,100.0,100.0,100.0,100.0,100.0,110.0,100.0,100.0,100.0,100.0,110.0,2,Fall,moderate_load
281,2011-10-09,100.0,100.0,100.0,100.0,110.0,100.0,100.0,100.0,100.0,100.0,100.0,100.0,110.0,100.0,100.0,100.0,110.0,100.0,100.0,100.0,100.0,100.0,110.0,100.0,2,Fall,moderate_load
282,2011-10-10,100.0,100.0,100.0,110.0,100.0,100.0,100.0,100.0,100.0,110.0,100.0,102.0,108.0,116.0,108.0,102.0,100.0,100.0,100.0,100.0,110.0,100.0,100.0,100.0,2,Fall,moderate_load
283,2011-10-11,100.0,100.0,110.0,100.0,100.0,100.0,110.0,100.0,100.0,100.0,110.0,100.0,100.0,100.0,110.0,100.0,100.0,100.0,100.0,100.0,110.0,100.0,100.0,100.0,2,Fall,moderate_load
284,2011-10-12,100.0,110.0,100.0,100.0,100.0,110.0,100.0,100.0,100.0,110.0,100.0,100.0,100.0,100.0,110.0,100.0,100.0,110.0,100.0,100.0,100.0,100.0,100.0,110.0,2,Fall,moderate_load
285,2011-10-13,100.0,100.0,100.0,100.0,100.0,100.0,100.0,100.0,100.0,110.0,100.0,100.0,100.0,100.0,110.0,100.0,102.0,100.0,110.0,100.0,100.0,100.0,100.0,110.0,2,Fall,moderate_load
286,2011-10-14,100.0,100.0,100.0,110.0,100.0,100.0,110.0,100.0,100.0,100.0,100.0,110.0,100.0,100.0,100.0,110.0,102.0,102.0,100.0,100.0,100.0,100.0,110.0,100.0,2,Fall,moderate_load
287,2011-10-15,100.0,100.0,100.0,100.0,110.0,100.0,100.0,100.0,104.0,96.0,100.0,100.0,100.0,110.0,102.0,102.0,102.0,102.0,110.0,100.0,100.0,100.0,100.0,100.0,2,Fall,moderate_load
288,2011-10-16,100.0,100.0,118.0,92.0,100.0,100.0,100.0,110.0,92.0,110.0,100.0,100.0,100.0,100.0,110.0,100.0,102.0,100.0,100.0,100.0,110.0,100.0,100.0,100.0,2,Fall,moderate_load
289,2011-10-17,100.0,100.0,100.0,110.0,100.0,100.0,100.0,100.0,110.0,92.0,110.0,100.0,100.0,100.0,110.0,100.0,100.0,100.0,100.0,100.0,110.0,100.0,100.0,100.0,2,Fall,moderate_load
290,2011-10-18,100.0,100.0,100.0,110.0,92.0,110.0,100.0,100.0,100.0,100.0,100.0,100.0,110.0,100.0,100.0,100.0,100.0,100.0,100.0,110.0,92.0,100.0,100.0,100.0,2,Fall,moderate_load
291,2011-10-19,100.0,100.0,100.0,100.0,100.0,100.0,100.0,100.0,100.0,100.0,100.0,100.0,110.0,92.0,110.0,100.0,100.0,100.0,100.0,100.0,100.0,100.0,100.0,100.0,0,Fall,low_load
292,2011-10-20,100.0,100.0,100.0,100.0,100.0,100.0,100.0,100.0,100.0,100.0,100.0,100.0,100.0,100.0,100.0,100.0,110.0,100.0,100.0,100.0,100.0,100.0,100.0,100.0,0,Fall,low_load
293,2011-10-21,100.0,100.0,110.0,100.0,100.0,100.0,100.0,100.0,100.0,100.0,100.0,100.0,110.0,100.0,100.0,100.0,100.0,100.0,100.0,100.0,100.0,100.0,100.0,110.0,2,Fall,moderate_load
294,2011-10-22,100.0,100.0,100.0,100.0,100.0,100.0,100.0,110.0,100.0,100.0,100.0,100.0,100.0,110.0,100.0,100.0,100.0,100.0,100.0,100.0,100.0,100.0,100.0,100.0,0,Fall,low_load
295,2011-10-23,110.0,100.0,100.0,100.0,100.0,100.0,100.0,100.0,100.0,100.0,100.0,100.0,100.0,100.0,100.0,110.0,100.0,100.0,100.0,100.0,100.0,100.0,100.0,100.0,0,Fall,low_load
296,2011-10-24,100.0,100.0,100.0,100.0,100.0,100.0,110.0,100.0,100.0,100.0,100.0,100.0,100.0,100.0,100.0,100.0,110.0,100.0,100.0,100.0,100.0,100.0,100.0,100.0,0,Fall,low_load
297,2011-10-25,100.0,100.0,110.0,100.0,100.0,100.0,100.0,100.0,100.0,100.0,100.0,100.0,100.0,100.0,100.0,110.0,100.0,100.0,100.0,100.0,100.0,100.0,100.0,100.0,0,Fall,low_load
298,2011-10-26,100.0,100.0,100.0,100.0,110.0,100.0,100.0,100.0,100.0,100.0,100.0,100.0,100.0,100.0,100.0,100.0,100.0,100.0,100.0,100.0,100.0,92.0,100.0,110.0,0,Fall,low_load
299,2011-10-27,92.0,100.0,100.0,100.0,100.0,100.0,100.0,100.0,100.0,100.0,100.0,100.0,100.0,92.0,100.0,100.0,100.0,100.0,100.0,100.0,92.0,100.0,100.0,100.0,0,Fall,low_load
300,2011-10-28,100.0,100.0,100.0,100.0,100.0,100.0,92.0,100.0,100.0,100.0,100.0,100.0,100.0,100.0,100.0,92.0,100.0,100.0,100.0,100.0,100.0,100.0,92.0,100.0,0,Fall,low_load
301,2011-10-29,100.0,100.0,100.0,100.0,100.0,100.0,92.0,100.0,100.0,100.0,100.0,100.0,100.0,100.0,92.0,100.0,100.0,100.0,100.0,100.0,100.0,100.0,100.0,100.0,0,Fall,low_load
302,2011-10-30,92.0,100.0,100.0,100.0,100.0,100.0,100.0,100.0,100.0,100.0,100.0,100.0,100.0,100.0,100.0,100.0,92.0,100.0,100.0,100.0,100.0,100.0,100.0,100.0,0,Fall,low_load
303,2011-10-31,100.0,100.0,100.0,100.0,100.0,92.0,100.0,100.0,100.0,100.0,100.0,100.0,100.0,100.0,100.0,100.0,100.0,100.0,100.0,100.0,100.0,100.0,100.0,100.0,0,Fall,low_load
304,2011-11-01,100.0,100.0,100.0,100.0,100.0,100.0,100.0,100.0,100.0,100.0,100.0,100.0,100.0,100.0,100.0,100.0,100.0,100.0,100.0,100.0,100.0,100.0,100.0,100.0,0,Fall,low_load
305,2011-11-02,100.0,100.0,100.0,100.0,100.0,100.0,100.0,100.0,100.0,100.0,100.0,100.0,100.0,100.0,100.0,100.0,100.0,100.0,100.0,100.0,100.0,100.0,110.0,100.0,0,Fall,low_load
306,2011-11-03,100.0,100.0,100.0,100.0,100.0,100.0,100.0,100.0,100.0,100.0,100.0,100.0,100.0,100.0,100.0,100.0,100.0,100.0,100.0,100.0,100.0,92.0,110.0,100.0,0,Fall,low_load
307,2011-11-04,100.0,100.0,100.0,100.0,100.0,100.0,100.0,92.0,100.0,100.0,100.0,100.0,100.0,100.0,100.0,100.0,100.0,100.0,100.0,100.0,100.0,100.0,100.0,100.0,0,Fall,low_load
308,2011-11-05,100.0,100.0,100.0,100.0,100.0,100.0,100.0,100.0,100.0,100.0,100.0,92.0,96.0,100.0,100.0,100.0,100.0,100.0,100.0,100.0,100.0,100.0,100.0,100.0,0,Fall,low_load
309,2011-11-06,92.0,92.0,92.0,100.0,100.0,100.0,100.0,100.0,100.0,100.0,100.0,100.0,100.0,100.0,92.0,100.0,100.0,100.0,100.0,100.0,100.0,100.0,100.0,100.0,0,Fall,low_load
310,2011-11-07,100.0,100.0,100.0,100.0,92.0,110.0,92.0,100.0,100.0,100.0,100.0,100.0,100.0,100.0,100.0,100.0,100.0,100.0,100.0,100.0,100.0,100.0,100.0,100.0,0,Fall,low_load
311,2011-11-08,100.0,100.0,100.0,100.0,100.0,100.0,100.0,100.0,100.0,100.0,100.0,100.0,92.0,100.0,100.0,100.0,100.0,100.0,100.0,100.0,100.0,100.0,92.0,100.0,0,Fall,low_load
312,2011-11-09,100.0,100.0,100.0,100.0,100.0,100.0,100.0,100.0,100.0,100.0,100.0,100.0,92.0,100.0,100.0,100.0,100.0,100.0,100.0,92.0,100.0,100.0,100.0,100.0,0,Fall,low_load
313,2011-11-10,100.0,100.0,100.0,100.0,92.0,100.0,100.0,100.0,100.0,100.0,100.0,100.0,100.0,92.0,100.0,100.0,100.0,100.0,100.0,100.0,100.0,92.0,100.0,100.0,0,Fall,low_load
314,2011-11-11,100.0,100.0,92.0,100.0,100.0,100.0,100.0,100.0,92.0,100.0,100.0,100.0,100.0,100.0,100.0,100.0,92.0,100.0,100.0,100.0,100.0,92.0,100.0,100.0,0,Fall,low_load
315,2011-11-12,100.0,100.0,100.0,92.0,100.0,100.0,100.0,100.0,92.0,100.0,100.0,100.0,92.0,100.0,100.0,100.0,100.0,92.0,100.0,100.0,100.0,100.0,92.0,100.0,0,Fall,low_load
316,2011-11-13,100.0,100.0,100.0,100.0,92.0,100.0,100.0,92.0,100.0,100.0,100.0,100.0,92.0,100.0,100.0,100.0,100.0,100.0,92.0,100.0,100.0,100.0,100.0,100.0,0,Fall,low_load
317,2011-11-14,92.0,100.0,100.0,100.0,100.0,92.0,100.0,100.0,100.0,100.0,100.0,92.0,100.0,100.0,100.0,92.0,100.0,100.0,100.0,92.0,100.0,100.0,100.0,100.0,0,Fall,low_load
318,2011-11-15,92.0,100.0,100.0,100.0,100.0,100.0,92.0,100.0,100.0,100.0,100.0,100.0,92.0,100.0,100.0,100.0,100.0,100.0,92.0,100.0,100.0,100.0,100.0,100.0,0,Fall,low_load
319,2011-11-16,92.0,100.0,100.0,100.0,100.0,100.0,100.0,92.0,100.0,100.0,100.0,100.0,92.0,100.0,100.0,100.0,100.0,100.0,92.0,100.0,100.0,100.0,100.0,92.0,0,Fall,low_load
320,2011-11-17,100.0,100.0,100.0,100.0,100.0,92.0,100.0,100.0,100.0,100.0,92.0,100.0,100.0,100.0,100.0,100.0,92.0,100.0,100.0,100.0,100.0,92.0,100.0,100.0,0,Fall,low_load
321,2011-11-18,100.0,100.0,92.0,100.0,100.0,100.0,100.0,92.0,100.0,100.0,100.0,100.0,100.0,92.0,100.0,100.0,100.0,100.0,100.0,92.0,100.0,100.0,100.0,92.0,0,Fall,low_load
322,2011-11-19,100.0,100.0,100.0,100.0,100.0,92.0,100.0,100.0,100.0,100.0,100.0,92.0,100.0,100.0,100.0,100.0,92.0,100.0,100.0,100.0,92.0,100.0,100.0,100.0,0,Fall,low_load
323,2011-11-20,100.0,100.0,92.0,100.0,100.0,100.0,100.0,100.0,92.0,100.0,100.0,100.0,100.0,92.0,100.0,100.0,100.0,100.0,92.0,100.0,100.0,100.0,100.0,92.0,0,Fall,low_load
324,2011-11-21,100.0,100.0,100.0,100.0,100.0,92.0,100.0,100.0,100.0,100.0,92.0,100.0,100.0,100.0,100.0,100.0,92.0,110.0,92.0,100.0,100.0,92.0,100.0,100.0,0,Fall,low_load
325,2011-11-22,100.0,100.0,100.0,100.0,92.0,100.0,100.0,100.0,100.0,100.0,100.0,92.0,110.0,100.0,92.0,100.0,100.0,100.0,100.0,100.0,92.0,100.0,100.0,100.0,0,Fall,low_load
326,2011-11-23,92.0,100.0,100.0,100.0,100.0,100.0,92.0,100.0,100.0,100.0,92.0,100.0,100.0,100.0,92.0,100.0,100.0,100.0,100.0,100.0,92.0,100.0,100.0,100.0,0,Fall,low_load
327,2011-11-24,100.0,92.0,100.0,100.0,100.0,100.0,92.0,100.0,100.0,100.0,100.0,92.0,100.0,100.0,100.0,100.0,92.0,100.0,100.0,100.0,100.0,92.0,100.0,100.0,0,Fall,low_load
328,2011-11-25,100.0,92.0,100.0,100.0,100.0,100.0,92.0,100.0,100.0,100.0,92.0,100.0,100.0,100.0,92.0,100.0,100.0,100.0,100.0,92.0,100.0,100.0,100.0,92.0,0,Fall,low_load
329,2011-11-26,100.0,100.0,100.0,100.0,100.0,92.0,100.0,100.0,100.0,100.0,92.0,100.0,100.0,100.0,100.0,92.0,100.0,100.0,100.0,92.0,100.0,100.0,100.0,100.0,0,Fall,low_load
330,2011-11-27,100.0,92.0,100.0,100.0,100.0,100.0,92.0,100.0,100.0,92.0,100.0,100.0,100.0,100.0,100.0,92.0,100.0,100.0,100.0,100.0,92.0,100.0,100.0,100.0,0,Fall,low_load
331,2011-11-28,92.0,100.0,100.0,100.0,100.0,100.0,92.0,100.0,100.0,100.0,100.0,92.0,100.0,100.0,100.0,92.0,100.0,100.0,100.0,100.0,100.0,92.0,100.0,100.0,0,Fall,low_load
332,2011-11-29,100.0,100.0,100.0,92.0,100.0,100.0,100.0,100.0,100.0,92.0,100.0,100.0,100.0,100.0,92.0,100.0,100.0,100.0,100.0,100.0,92.0,100.0,100.0,100.0,0,Fall,low_load
333,2011-11-30,100.0,92.0,100.0,100.0,100.0,100.0,92.0,100.0,100.0,100.0,92.0,100.0,100.0,100.0,100.0,100.0,92.0,100.0,100.0,100.0,100.0,92.0,100.0,100.0,0,Fall,low_load
334,2011-12-01,100.0,100.0,100.0,100.0,100.0,92.0,110.0,92.0,100.0,100.0,100.0,100.0,100.0,100.0,100.0,100.0,92.0,100.0,100.0,100.0,100.0,100.0,100.0,100.0,0,Winter,low_load
335,2011-12-02,100.0,92.0,100.0,100.0,100.0,100.0,100.0,100.0,92.0,100.0,100.0,100.0,100.0,100.0,92.0,100.0,100.0,100.0,100.0,100.0,100.0,92.0,100.0,100.0,0,Winter,low_load
336,2011-12-03,100.0,100.0,100.0,100.0,100.0,100.0,92.0,100.0,100.0,100.0,100.0,100.0,92.0,100.0,100.0,100.0,100.0,100.0,100.0,100.0,100.0,92.0,100.0,100.0,0,Winter,low_load
337,2011-12-04,104.0,96.0,100.0,100.0,100.0,92.0,100.0,100.0,100.0,100.0,100.0,100.0,92.0,100.0,100.0,100.0,100.0,100.0,92.0,100.0,100.0,100.0,100.0,100.0,0,Winter,low_load
338,2011-12-05,92.0,100.0,100.0,100.0,100.0,100.0,100.0,92.0,100.0,100.0,100.0,100.0,100.0,100.0,92.0,100.0,100.0,100.0,100.0,100.0,100.0,92.0,100.0,100.0,0,Winter,low_load
339,2011-12-06,100.0,100.0,92.0,100.0,100.0,100.0,100.0,100.0,100.0,92.0,100.0,100.0,100.0,100.0,100.0,92.0,100.0,100.0,100.0,100.0,100.0,92.0,100.0,100.0,0,Winter,low_load
340,2011-12-07,100.0,100.0,92.0,100.0,100.0,100.0,100.0,92.0,100.0,100.0,100.0,100.0,100.0,100.0,100.0,92.0,100.0,100.0,100.0,100.0,100.0,100.0,92.0,100.0,0,Winter,low_load
341,2011-12-08,100.0,100.0,100.0,100.0,100.0,100.0,100.0,92.0,100.0,100.0,100.0,100.0,100.0,100.0,92.0,100.0,100.0,100.0,100.0,100.0,100.0,100.0,92.0,100.0,0,Winter,low_load
342,2011-12-09,100.0,100.0,100.0,100.0,100.0,92.0,100.0,100.0,100.0,100.0,100.0,100.0,100.0,92.0,100.0,100.0,100.0,100.0,100.0,100.0,100.0,92.0,100.0,100.0,0,Winter,low_load
343,2011-12-10,100.0,100.0,100.0,92.0,100.0,100.0,100.0,100.0,92.0,92.0,100.0,92.0,100.0,92.0,100.0,100.0,100.0,100.0,100.0,92.0,100.0,100.0,100.0,100.0,0,Winter,low_load
344,2011-12-11,100.0,100.0,92.0,100.0,100.0,100.0,100.0,100.0,100.0,92.0,100.0,100.0,100.0,100.0,92.0,100.0,100.0,100.0,100.0,100.0,92.0,100.0,100.0,100.0,0,Winter,low_load
345,2011-12-12,100.0,100.0,92.0,100.0,100.0,100.0,100.0,100.0,100.0,100.0,92.0,100.0,100.0,100.0,100.0,100.0,92.0,100.0,100.0,100.0,92.0,100.0,100.0,100.0,0,Winter,low_load
346,2011-12-13,92.0,100.0,100.0,100.0,92.0,100.0,100.0,100.0,100.0,92.0,100.0,100.0,100.0,92.0,100.0,100.0,100.0,100.0,92.0,100.0,100.0,100.0,100.0,92.0,0,Winter,low_load
347,2011-12-14,100.0,100.0,92.0,100.0,100.0,100.0,100.0,92.0,100.0,100.0,100.0,100.0,92.0,100.0,100.0,100.0,100.0,100.0,92.0,100.0,92.0,100.0,100.0,100.0,0,Winter,low_load
348,2011-12-15,100.0,92.0,100.0,100.0,100.0,100.0,92.0,100.0,100.0,100.0,92.0,100.0,100.0,100.0,100.0,92.0,100.0,100.0,92.0,100.0,100.0,92.0,100.0,100.0,0,Winter,low_load
349,2011-12-16,100.0,92.0,100.0,100.0,92.0,100.0,100.0,100.0,92.0,100.0,100.0,100.0,92.0,100.0,100.0,100.0,92.0,100.0,92.0,100.0,100.0,100.0,92.0,100.0,0,Winter,low_load
350,2011-12-17,100.0,92.0,100.0,100.0,100.0,92.0,100.0,100.0,92.0,100.0,100.0,100.0,92.0,100.0,100.0,92.0,100.0,100.0,92.0,100.0,100.0,92.0,100.0,100.0,0,Winter,low_load
351,2011-12-18,100.0,92.0,100.0,100.0,92.0,100.0,100.0,92.0,100.0,100.0,92.0,100.0,100.0,92.0,100.0,100.0,92.0,100.0,100.0,100.0,92.0,100.0,100.0,92.0,0,Winter,low_load
352,2011-12-19,100.0,100.0,92.0,100.0,100.0,92.0,100.0,100.0,92.0,100.0,100.0,100.0,92.0,100.0,100.0,100.0,100.0,92.0,100.0,100.0,100.0,92.0,100.0,100.0,0,Winter,low_load
353,2011-12-20,100.0,92.0,100.0,100.0,100.0,92.0,100.0,100.0,92.0,100.0,100.0,100.0,92.0,100.0,100.0,100.0,100.0,92.0,100.0,100.0,100.0,92.0,100.0,100.0,0,Winter,low_load
354,2011-12-21,100.0,92.0,100.0,100.0,100.0,92.0,100.0,100.0,92.0,100.0,100.0,100.0,92.0,100.0,100.0,100.0,92.0,100.0,100.0,100.0,100.0,92.0,100.0,100.0,0,Winter,low_load
355,2011-12-22,100.0,100.0,100.0,100.0,92.0,100.0,100.0,100.0,100.0,92.0,100.0,100.0,100.0,92.0,100.0,100.0,100.0,92.0,100.0,100.0,100.0,100.0,92.0,100.0,0,Winter,low_load
356,2011-12-23,100.0,100.0,92.0,100.0,100.0,100.0,92.0,100.0,100.0,100.0,92.0,100.0,92.0,100.0,100.0,92.0,100.0,92.0,100.0,92.0,100.0,100.0,92.0,100.0,0,Winter,low_load
357,2011-12-24,100.0,92.0,100.0,92.0,100.0,100.0,92.0,100.0,92.0,100.0,100.0,92.0,100.0,100.0,92.0,100.0,92.0,100.0,92.0,100.0,100.0,92.0,100.0,92.0,0,Winter,low_load
358,2011-12-25,110.0,92.0,92.0,100.0,100.0,92.0,100.0,100.0,92.0,100.0,92.0,100.0,100.0,92.0,100.0,92.0,100.0,92.0,100.0,92.0,100.0,100.0,92.0,100.0,0,Winter,low_load
359,2011-12-26,92.0,100.0,100.0,92.0,100.0,100.0,92.0,100.0,92.0,100.0,92.0,100.0,92.0,100.0,92.0,100.0,100.0,92.0,100.0,92.0,100.0,92.0,100.0,100.0,0,Winter,low_load
360,2011-12-27,92.0,100.0,92.0,100.0,100.0,92.0,100.0,92.0,100.0,100.0,92.0,100.0,92.0,100.0,100.0,92.0,100.0,92.0,100.0,100.0,92.0,92.0,100.0,100.0,0,Winter,low_load
361,2011-12-28,92.0,100.0,92.0,100.0,100.0,92.0,100.0,92.0,100.0,92.0,100.0,100.0,92.0,100.0,92.0,100.0,92.0,100.0,100.0,92.0,100.0,92.0,100.0,100.0,0,Winter,low_load
362,2011-12-29,92.0,100.0,100.0,92.0,100.0,100.0,92.0,100.0,100.0,92.0,100.0,100.0,92.0,100.0,100.0,92.0,100.0,100.0,92.0,100.0,92.0,100.0,92.0,100.0,0,Winter,low_load
363,2011-12-30,100.0,92.0,100.0,92.0,100.0,92.0,100.0,92.0,100.0,92.0,100.0,100.0,92.0,100.0,92.0,100.0,100.0,92.0,100.0,92.0,100.0,92.0,100.0,100.0,0,Winter,low_load
364,2011-12-31,92.0,100.0,92.0,100.0,92.0,100.0,100.0,92.0,100.0,92.0,100.0,92.0,100.0,92.0,100.0,92.0,100.0,100.0,92.0,92.0,100.0,100.0,92.0,100.0,0,Winter,low_load
