date,peak_load,valley_load,load_range,mean_load,std_load,load_factor,peak_time,valley_time,morning_mean,afternoon_mean,night_mean
2025-01-01,353.36,53.36,300.0,171.2175,106.99966147511623,0.48454126103690287,07:30:00,22:15:00,291.416,256.484,88.61999999999999
2025-01-02,441.04,52.96,388.08000000000004,170.64166666666674,118.2879828453171,0.38690746115242775,08:15:00,03:00:00,322.252,243.58800000000002,87.012
2025-01-03,512.48,54.96,457.52000000000004,198.53166666666655,147.8521225283572,0.3873939796024558,08:00:00,00:00:00,401.52399999999994,283.03999999999996,86.63199999999998
2025-01-04,118.64,64.24,54.400000000000006,90.14416666666669,14.504182748193104,0.7598125983367051,07:30:00,16:00:00,109.00800000000001,74.47200000000001,92.53600000000003
2025-01-05,323.36,98.56,224.8,158.1333333333333,58.853618422349435,0.4890318324261915,06:30:00,00:00:00,258.95599999999996,135.592,125.63200000000002
2025-01-06,726.64,73.6,653.04,240.69166666666675,185.94156373875646,0.33123921978788223,07:45:00,22:15:00,518.8280000000001,282.78799999999995,92.732
2025-01-07,721.68,73.84,647.8399999999999,253.43500000000014,198.60380527440483,0.35117365037135595,07:45:00,22:15:00,554.1560000000001,305.50000000000006,95.86799999999998
2025-01-08,726.16,66.8,659.36,258.8566666666667,202.0057427149648,0.3564733208475635,07:45:00,22:15:00,560.42,327.40399999999994,96.51199999999999
2025-01-09,649.36,57.04,592.32,220.30333333333328,176.6462565317099,0.3392622479569627,07:00:00,23:45:00,475.66,279.47200000000004,87.88399999999999
2025-01-10,495.04,54.32,440.72,191.43500000000006,140.9541475874522,0.38670612475759547,07:00:00,00:00:00,389.4799999999999,266.244,89.564
2025-01-11,149.92,69.76,80.15999999999998,112.25916666666666,20.778196652749987,0.7487938011383849,20:45:00,00:00:00,109.708,116.10799999999999,136.708
2025-01-12,349.36,89.92,259.44,181.9291666666667,77.18463931810956,0.5207498473398978,06:45:00,15:30:00,310.35200000000003,147.00400000000002,124.67999999999998
2025-01-13,668.72,63.28,605.44,276.7191666666667,194.97738729707348,0.4138042329624756,07:00:00,22:15:00,552.028,347.8759999999999,87.66400000000002
2025-01-14,693.6,59.04,634.5600000000001,228.60166666666672,184.91424747514245,0.3295871780084583,07:15:00,23:45:00,496.2640000000001,293.40399999999994,84.89200000000001
2025-01-15,642.96,56.0,586.96,202.75166666666658,174.23542499591974,0.3153410269171746,07:00:00,22:45:00,475.22400000000005,229.40400000000005,79.09199999999998
2025-01-16,567.12,54.4,512.72,205.35833333333332,162.4897195690054,0.36210737292518924,07:45:00,01:00:00,426.23199999999997,291.5319999999999,83.816
2025-01-17,593.04,57.68,535.36,204.74333333333337,162.95057551402172,0.34524371599442427,07:30:00,01:45:00,446.37199999999996,266.832,82.94
2025-01-18,145.76,64.16,81.6,100.15250000000002,18.2172159754101,0.6871055159165753,23:30:00,00:00:00,107.24000000000001,82.88000000000001,117.68000000000002
2025-01-19,324.16,105.84,218.32000000000002,177.72249999999997,67.73472263563436,0.5482554911154984,07:00:00,15:00:00,291.9040000000001,151.888,128.688
2025-01-20,756.16,70.72,685.4399999999999,263.24333333333345,202.1331302966161,0.34813178868669786,07:45:00,22:15:00,553.1720000000003,333.412,87.788
2025-01-21,750.56,76.24,674.3199999999999,248.52083333333337,202.97088417419903,0.3311138794144817,07:30:00,22:00:00,550.2480000000002,305.9,88.58000000000001
2025-01-22,721.28,70.88,650.4,243.93583333333342,194.22072240063508,0.33819852669328615,07:30:00,22:15:00,530.24,301.488,92.19200000000004
2025-01-23,656.4,68.72,587.68,226.22083333333333,176.77546131011366,0.34463868576071505,07:30:00,22:30:00,473.1,304.41999999999996,85.784
2025-01-24,730.96,81.04,649.9200000000001,248.73333333333346,189.07873293345108,0.34028309802633994,07:30:00,00:15:00,531.572,309.88800000000003,107.66000000000001
2025-01-25,134.8,65.2,69.60000000000001,100.86500000000002,20.286694005781488,0.7482566765578637,06:45:00,15:45:00,119.66399999999996,74.1,91.71599999999998
2025-01-26,293.04,76.56,216.48000000000002,142.25416666666663,61.3076568012197,0.48544282919282905,06:30:00,16:15:00,242.584,125.13999999999999,97.95199999999998
2025-01-27,728.24,56.0,672.24,230.87666666666667,198.961401274702,0.31703376176352116,07:30:00,23:45:00,536.788,253.21999999999997,76.34
2025-01-28,531.36,55.6,475.76,213.30916666666664,167.09050017827036,0.4014400155575629,07:45:00,00:00:00,426.26000000000005,313.75999999999993,88.008
2025-01-29,654.8,80.32,574.48,236.84166666666647,180.40509717776632,0.361700773773162,08:00:00,00:45:00,497.74800000000005,296.23199999999997,103.168
2025-01-30,732.0,78.32,653.6800000000001,260.84583333333353,205.74865148201255,0.3563467668488163,07:45:00,23:30:00,561.0040000000001,329.652,97.26400000000001
2025-01-31,697.84,84.4,613.44,259.51916666666665,193.43096282744105,0.37188921051625967,07:30:00,00:15:00,537.1360000000001,351.69200000000006,114.06799999999998
2025-02-01,211.52,126.16,85.36000000000001,164.95499999999998,23.58064451598967,0.7798553328290467,09:15:00,00:00:00,195.224,143.13599999999997,171.35200000000003
2025-02-02,389.2,71.12,318.08,181.4375,101.13823250227487,0.46618062692702983,06:15:00,16:30:00,346.71600000000007,135.304,90.13600000000001
2025-02-03,783.04,59.36,723.68,255.29666666666677,214.56543905085863,0.3260327271488899,07:00:00,23:15:00,573.628,320.768,82.18800000000002
2025-02-04,816.32,59.6,756.72,247.5616666666667,216.7839440872757,0.303265467790409,07:30:00,23:45:00,573.6479999999999,302.26800000000003,78.94000000000001
2025-02-05,603.6,54.32,549.28,183.17833333333328,159.39535413335685,0.30347636403799416,07:30:00,23:15:00,430.63599999999997,203.272,74.148
2025-02-06,492.96,51.6,441.35999999999996,162.19666666666666,128.96652976372684,0.32902601969057665,07:30:00,23:15:00,355.89199999999994,196.404,72.308
2025-02-07,306.72,50.64,256.08000000000004,141.59833333333333,83.44185897241225,0.4616534081029386,08:45:00,04:00:00,238.796,200.528,83.824
2025-02-08,92.72,60.32,32.4,70.66583333333332,7.675854098427801,0.7621422922059246,23:30:00,15:00:00,68.412,64.02,79.84399999999998
2025-02-09,288.88,85.52,203.36,152.44583333333335,68.34529372264842,0.5277133527185452,07:00:00,00:30:00,255.11600000000004,150.384,117.9
2025-02-10,770.96,68.08,702.88,256.3625,211.56732011596836,0.3325237366400332,07:30:00,23:15:00,586.8,283.39199999999994,85.93199999999999
2025-02-11,740.08,53.36,686.72,216.9374999999999,196.27272135314274,0.29312709436817624,07:00:00,22:30:00,528.2,226.084,76.72
2025-02-12,535.52,51.68,483.84,176.47833333333324,150.12337112253036,0.3295457374763468,07:15:00,22:45:00,411.03600000000006,200.98399999999998,71.48400000000001
2025-02-13,320.72,51.44,269.28000000000003,139.2166666666667,90.14799633662845,0.434075413652615,08:00:00,00:30:00,256.432,194.79200000000006,71.89200000000001
2025-02-14,318.8,52.96,265.84000000000003,147.00916666666666,87.68725699494907,0.4611328941865328,16:15:00,00:15:00,227.97600000000003,242.31199999999995,84.36
2025-02-15,127.6,69.28,58.31999999999999,97.90249999999999,15.28133012948532,0.7672609717868338,23:45:00,17:30:00,110.84400000000002,80.376,98.72399999999999
2025-02-16,358.56,60.32,298.24,152.87583333333336,92.73949996649263,0.42636053473151875,06:15:00,16:00:00,302.6360000000001,128.196,73.98400000000001
2025-02-17,626.16,70.72,555.4399999999999,222.53166666666684,181.0195391760479,0.35539106085771505,07:00:00,22:00:00,486.5360000000002,288.104,85.196
2025-02-18,663.84,67.28,596.5600000000001,206.30999999999995,165.95762543492845,0.3107827187274041,07:15:00,01:30:00,451.7159999999999,257.48400000000004,90.66399999999999
2025-02-19,627.28,61.52,565.76,214.42083333333323,169.7349990002475,0.34182635080559437,07:30:00,23:15:00,467.456,269.284,77.816
2025-02-20,411.36,57.44,353.92,173.76666666666677,118.70051459709026,0.4224199403604307,07:00:00,02:15:00,309.84800000000007,266.284,87.78399999999999
2025-02-21,348.88,56.4,292.48,160.0575,104.51870949109643,0.4587752235725751,08:45:00,23:30:00,285.928,238.76400000000004,76.50399999999999
2025-02-22,100.0,58.32,41.68,77.23916666666668,10.355434847325002,0.7723916666666668,23:00:00,02:30:00,82.00000000000003,70.824,88.54799999999999
2025-02-23,322.48,58.64,263.84000000000003,142.7225,85.71969473384257,0.44257783428429665,06:45:00,17:15:00,272.21599999999995,131.212,79.132
2025-02-24,760.48,59.76,700.72,260.86999999999995,211.80121675511535,0.3430333473595623,07:00:00,22:15:00,568.932,339.352,81.53200000000001
2025-02-25,666.88,58.0,608.88,220.2008333333333,191.97315180523316,0.3301955874120281,07:00:00,00:30:00,509.34399999999994,272.852,80.85199999999999
2025-02-26,633.92,54.16,579.76,204.52583333333322,169.9252344301468,0.3226366628806998,07:00:00,22:30:00,448.5359999999999,269.06000000000006,78.38
2025-02-27,489.28,53.84,435.43999999999994,183.585,136.09036220951057,0.3752146010464356,08:30:00,23:45:00,362.81200000000007,262.96399999999994,82.01599999999999
2025-02-28,539.84,54.72,485.12,220.1675000000001,170.7431149263034,0.4078384336099587,08:00:00,00:15:00,430.53199999999987,352.492,82.15200000000002
2025-03-01,87.28,44.64,42.64,63.88083333333335,9.706413687179559,0.7319068897036359,06:00:00,15:15:00,67.53999999999999,51.472,63.092
2025-03-02,340.64,57.2,283.44,132.70250000000001,85.44063883311343,0.38956816580554254,06:30:00,15:30:00,272.332,115.47999999999999,69.22
2025-03-03,727.28,54.88,672.4,229.3075000000001,195.53059350339393,0.3152946595534046,07:30:00,22:45:00,521.26,285.344,75.272
2025-03-04,589.2,54.56,534.6400000000001,204.55416666666665,164.70321623847622,0.3471727200724145,07:00:00,00:00:00,437.8959999999999,267.12800000000004,91.756
2025-03-05,692.8,58.24,634.56,233.89750000000006,190.69440368792874,0.33761186489607403,07:45:00,22:30:00,508.97599999999994,302.344,85.24
2025-03-06,644.16,58.56,585.5999999999999,218.82083333333324,179.5537805705939,0.3396995052988904,07:00:00,01:45:00,485.35600000000005,279.608,85.708
2025-03-07,564.32,68.08,496.24000000000007,221.20666666666662,166.39875411139525,0.3919879973537472,07:00:00,22:30:00,435.52799999999996,342.43199999999996,79.32
2025-03-08,122.32,69.68,52.639999999999986,91.17333333333335,10.883879597263068,0.7453673424896448,23:00:00,14:45:00,96.87999999999998,79.71200000000002,95.64399999999999
2025-03-09,354.16,87.12,267.04,173.17333333333332,85.22421611214634,0.4889692041261952,05:15:00,13:30:00,292.02,129.76000000000002,117.67599999999997
2025-03-10,710.0,72.24,637.76,261.14750000000004,201.76706455451884,0.3678133802816902,06:15:00,21:45:00,552.4,292.1920000000001,82.948
2025-03-11,726.56,78.56,648.0,264.24583333333334,208.40249777100314,0.3636944413858915,07:00:00,00:00:00,568.2080000000001,294.708,96.688
2025-03-12,755.52,92.48,663.04,276.60750000000013,213.92688366773706,0.3661153907242696,06:30:00,22:30:00,590.536,305.65600000000006,108.54399999999998
2025-03-13,765.92,54.96,710.9599999999999,260.9691666666667,211.25581331729282,0.34072640310563335,06:00:00,22:30:00,583.1519999999998,250.144,78.75200000000001
2025-03-14,491.36,52.88,438.48,184.80916666666667,142.26500135249205,0.37611764626071853,06:30:00,22:00:00,388.53200000000004,205.416,70.91199999999999
2025-03-15,69.6,44.88,24.71999999999999,55.53833333333335,6.197017732097415,0.7979645593869734,23:30:00,12:00:00,52.54799999999999,48.83200000000001,60.80399999999999
2025-03-16,284.4,67.04,217.35999999999996,136.16083333333333,74.39671344844358,0.4787652367557431,05:30:00,15:45:00,244.78000000000003,103.728,94.916
2025-03-17,849.84,70.48,779.36,282.6791666666668,233.65318846379617,0.33262633750666804,07:00:00,21:45:00,639.248,277.27200000000005,85.27999999999997
2025-03-18,796.24,53.36,742.88,245.61999999999992,214.02596816372784,0.30847483170903234,06:30:00,22:00:00,574.6120000000001,234.23200000000003,77.16
2025-03-19,591.44,53.12,538.32,193.00249999999997,160.4725530950452,0.32632642364398745,07:00:00,23:30:00,431.7039999999999,208.33999999999997,72.29599999999998
2025-03-20,441.76,55.68,386.08,190.16583333333332,131.99849708607468,0.4304731830254738,06:45:00,01:30:00,365.996,253.88399999999996,77.03999999999999
2025-03-21,305.76,50.56,255.2,166.92416666666662,100.47139478391131,0.5459319945927088,11:30:00,00:15:00,278.33199999999994,231.12400000000002,67.06800000000001
2025-03-22,68.56,43.68,24.880000000000003,54.74083333333334,4.789268632587623,0.7984368922598212,05:45:00,15:30:00,53.760000000000005,49.588,56.544000000000004
2025-03-23,228.8,49.2,179.60000000000002,102.0741666666667,62.21501026646337,0.44612835081585095,07:15:00,16:00:00,191.69199999999998,78.51199999999999,63.27199999999999
2025-03-24,480.72,58.16,422.56000000000006,187.60000000000002,140.90668589717922,0.3902479613912465,07:15:00,01:15:00,390.28800000000007,219.792,78.52400000000002
2025-03-25,455.2,52.24,402.96,173.57666666666668,129.40318930964867,0.3813195664909198,08:00:00,01:45:00,361.00000000000006,197.816,73.528
2025-03-26,491.68,51.36,440.32,183.52250000000004,142.68268497466312,0.37325597949886113,06:00:00,23:30:00,395.54400000000004,206.50399999999996,72.22400000000002
2025-03-27,570.88,51.76,519.12,202.05083333333337,171.66446630850095,0.3539287299140509,07:00:00,01:15:00,465.744,220.24,70.04400000000001
2025-03-28,554.4,50.64,503.76,192.9941666666666,157.7559669580748,0.3481135762385761,06:15:00,23:30:00,422.956,209.112,67.65199999999999
2025-03-29,64.08,39.92,24.159999999999997,50.01500000000001,5.67000232061588,0.7805087390761549,19:00:00,14:45:00,47.08,44.79600000000001,53.604
2025-03-30,227.92,50.16,177.76,103.5291666666667,64.21447103126026,0.4542346729846731,07:00:00,02:00:00,197.992,82.412,63.036
2025-03-31,496.56,56.96,439.6,173.86583333333328,133.56296114107357,0.3501406342301701,06:00:00,23:30:00,375.21200000000005,189.90399999999997,71.60000000000002
2025-04-01,311.76,55.92,255.83999999999997,140.34499999999994,85.42948432232832,0.4501700025660763,06:30:00,04:00:00,248.26799999999997,178.14000000000001,72.232
2025-04-02,297.2,54.8,242.39999999999998,143.10416666666663,92.18627448546108,0.4815079632122027,13:00:00,22:30:00,230.02800000000002,215.416,69.06400000000001
2025-04-03,315.44,54.72,260.72,143.84166666666667,93.35870073811425,0.4560032547129935,13:00:00,00:15:00,236.984,215.224,68.82000000000001
2025-04-04,297.12,55.52,241.6,138.81499999999997,85.59483098018427,0.4672018039849218,11:00:00,02:15:00,217.64400000000006,203.824,69.572
2025-04-05,88.8,55.52,33.279999999999994,67.14083333333335,8.048829881177783,0.7560904654654657,22:45:00,09:15:00,60.475999999999985,62.964,77.472
2025-04-06,319.52,48.88,270.64,122.69499999999995,78.50539451796323,0.38399787180771144,05:30:00,16:15:00,231.79599999999996,81.96000000000001,63.024
2025-04-07,641.84,57.68,584.1600000000001,208.78250000000006,176.19839428744433,0.32528745481740007,06:00:00,23:45:00,486.63599999999985,205.21600000000004,71.388
2025-04-08,602.4,55.52,546.88,196.02666666666653,158.64099759929104,0.32540947321823793,06:30:00,21:15:00,420.87999999999994,229.67600000000002,71.61600000000001
2025-04-09,368.08,50.0,318.08,161.96666666666667,113.77297826134347,0.4400311526479751,06:30:00,04:15:00,304.78,219.7680000000001,69.63999999999999
2025-04-10,364.8,50.48,314.32,162.25,115.40984002560977,0.4447642543859649,12:00:00,23:15:00,284.136,240.448,69.332
2025-04-11,328.56,48.16,280.4,157.26333333333332,109.32060887871982,0.47864418472526576,11:45:00,22:30:00,273.18,231.32800000000003,69.75600000000001
2025-04-12,61.36,39.68,21.68,49.02750000000001,5.333348706118196,0.7990140156453718,01:30:00,09:45:00,45.708,43.952000000000005,51.672000000000004
2025-04-13,164.4,47.28,117.12,88.38250000000001,46.80852781053334,0.5376064476885645,09:30:00,03:45:00,153.44000000000003,73.884,60.396000000000015
2025-04-14,302.64,53.6,249.04,147.48749999999998,97.84914504104346,0.487336439333862,10:45:00,23:30:00,272.612,187.484,67.3
2025-04-15,355.04,52.32,302.72,159.16916666666665,109.59224582314847,0.4483133355866005,07:00:00,03:45:00,299.45199999999994,208.38400000000001,71.34799999999998
2025-04-16,411.84,51.04,360.79999999999995,159.26833333333335,111.69394633425436,0.38672380859880867,07:45:00,22:15:00,311.616,204.61200000000002,69.96000000000001
2025-04-17,360.96,50.8,310.15999999999997,199.2716666666668,118.74120535780558,0.5520602467494093,12:00:00,02:15:00,284.1040000000001,323.904,118.13600000000001
2025-04-18,362.88,59.36,303.52,174.46583333333328,122.35362919072058,0.48078106628453837,11:00:00,02:45:00,301.82000000000005,254.26399999999995,77.0
2025-04-19,73.84,50.32,23.520000000000003,61.57500000000002,5.647346465842445,0.8338976164680392,01:00:00,14:15:00,56.56,57.2,65.40400000000002
2025-04-20,176.8,49.84,126.96000000000001,90.13166666666667,40.6620826521962,0.5097944947209653,11:00:00,16:15:00,143.39199999999997,76.268,64.47600000000001
2025-04-21,390.8,53.6,337.2,172.89416666666668,124.5846384690189,0.4424108665984306,07:00:00,23:00:00,344.54400000000004,210.536,72.424
2025-04-22,404.32,51.76,352.56,171.13750000000005,126.28215650093374,0.4232724079936685,07:45:00,03:00:00,347.8,205.948,72.34400000000001
2025-04-23,410.32,51.04,359.28,174.1250000000001,130.35513794004598,0.42436391109378074,07:45:00,22:15:00,357.43999999999994,220.11600000000004,68.89199999999997
2025-04-24,401.36,48.72,352.64,182.73500000000004,121.78468042971748,0.455289515646801,08:00:00,03:30:00,337.292,222.448,103.2
2025-04-25,370.4,51.84,318.55999999999995,173.17499999999995,123.35750878090715,0.4675350971922245,07:45:00,03:15:00,332.18799999999993,231.00799999999998,73.75999999999999
2025-04-26,64.16,38.16,26.0,49.67083333333333,5.7686469574154255,0.7741713424771405,05:00:00,13:30:00,47.016,43.024,51.94
2025-04-27,170.64,46.72,123.91999999999999,89.76166666666666,46.9569535160531,0.52602945772777,08:00:00,04:00:00,157.59199999999998,74.27600000000001,62.75200000000001
2025-04-28,388.72,52.08,336.64000000000004,172.87750000000003,122.01672607517897,0.4447352850380737,06:00:00,23:45:00,339.89199999999994,218.54399999999995,75.328
2025-04-29,436.72,50.56,386.16,184.47416666666663,134.75691817933873,0.4224083318068021,07:45:00,23:15:00,365.312,236.36400000000003,79.95599999999999
2025-04-30,501.2,50.64,450.56,192.63083333333327,147.3282946038445,0.3843392524607607,07:00:00,01:00:00,396.032,243.53199999999998,77.97999999999999
2025-05-01,536.16,53.68,482.47999999999996,192.20083333333335,150.79750381618715,0.3584766363274645,07:15:00,00:00:00,413.8639999999999,217.01999999999998,78.05600000000001
2025-05-02,445.28,52.72,392.55999999999995,184.4708333333333,135.98285507771823,0.41428052760809675,07:30:00,03:45:00,373.45599999999996,217.39199999999997,80.04
2025-05-03,74.56,50.8,23.760000000000005,58.370833333333316,4.777577379178184,0.7828706187410583,20:00:00,15:00:00,57.57600000000001,55.980000000000004,61.487999999999985
2025-05-04,182.08,50.4,131.68,92.3391666666667,48.2487962580506,0.5071351420620974,08:00:00,02:30:00,160.18799999999996,80.12799999999999,62.195999999999984
2025-05-05,412.56,48.8,363.76,187.74916666666675,142.90540641436957,0.4550833010148021,10:15:00,23:45:00,356.044,271.19199999999995,76.148
2025-05-06,348.32,48.16,300.15999999999997,164.72333333333327,115.90182875508017,0.4729080538967997,10:15:00,00:45:00,318.20799999999997,215.3,73.528
2025-05-07,372.56,51.92,320.64,172.14416666666668,120.09900512026398,0.46205756567174866,07:30:00,00:15:00,320.4039999999999,234.03199999999993,77.93999999999998
2025-05-08,376.64,51.28,325.36,180.76583333333326,126.81815323871102,0.4799432703200225,08:15:00,02:30:00,334.48400000000004,261.09600000000006,75.76400000000001
2025-05-09,400.64,51.12,349.52,186.01166666666668,139.55734602978518,0.46428630857295,10:30:00,22:15:00,339.18,273.07599999999996,72.78
2025-05-10,70.08,46.0,24.08,56.41083333333335,4.8185413094501115,0.8049491057838664,04:45:00,23:45:00,55.30400000000001,54.044,57.896
2025-05-11,179.44,46.16,133.28,89.39083333333333,49.34438496647109,0.4981655892406004,05:00:00,02:00:00,157.47599999999997,76.15600000000002,58.548
2025-05-12,327.76,46.88,280.88,159.4516666666667,109.02013147426794,0.48648909771377447,05:30:00,01:15:00,282.844,226.16,76.24
2025-05-13,372.96,49.2,323.76,172.36333333333332,123.3635998746595,0.4621496496496496,07:45:00,23:30:00,314.1120000000001,243.68399999999997,74.532
2025-05-14,361.36,51.6,309.76,171.93333333333328,121.5828362771365,0.4757951442697954,07:45:00,23:30:00,325.38399999999996,229.936,77.832
2025-05-15,334.64,51.68,282.96,157.44750000000005,102.85646555938241,0.47049814726273026,07:45:00,23:30:00,275.656,218.23600000000005,77.92000000000003
2025-05-16,327.12,50.32,276.8,165.03333333333333,110.61712998272027,0.5045039536969104,08:30:00,02:45:00,294.544,234.86800000000002,77.11600000000001
2025-05-17,70.0,49.68,20.32,57.12666666666664,4.965656084635462,0.8160952380952377,20:00:00,07:45:00,55.839999999999996,54.872,60.928
2025-05-18,173.76,48.0,125.75999999999999,87.28500000000001,42.00228936116396,0.5023308011049724,05:00:00,03:30:00,143.83999999999997,78.356,59.936000000000014
2025-05-19,366.88,48.56,318.32,170.33416666666665,121.84313808436492,0.4642776021224015,11:00:00,02:00:00,310.1,240.848,78.27199999999999
2025-05-20,363.28,48.8,314.47999999999996,167.59750000000003,116.76001245018954,0.4613452433384718,10:30:00,00:45:00,309.728,233.20000000000005,78.624
2025-05-21,350.56,49.6,300.96,165.3783333333333,114.75131069694442,0.4717547162635021,11:15:00,03:45:00,292.34,237.12000000000003,76.16000000000003
2025-05-22,327.76,49.12,278.64,156.56583333333333,104.13065298906862,0.47768438288178344,07:45:00,02:15:00,279.876,215.988,77.08000000000001
2025-05-23,300.96,51.52,249.43999999999997,152.025,102.01331153592808,0.5051335725677831,10:30:00,03:00:00,266.276,217.244,70.90400000000001
2025-05-24,70.72,48.4,22.32,57.018333333333366,4.592313639267631,0.8062547134238316,19:15:00,12:45:00,55.867999999999995,54.432,60.26400000000001
2025-05-25,171.28,51.76,119.52000000000001,87.65500000000002,43.24959385267164,0.5117643624474546,05:00:00,00:30:00,147.02800000000005,75.484,60.943999999999996
2025-05-26,325.92,49.36,276.56,161.35999999999996,115.56269221326986,0.4950908198330877,14:00:00,23:15:00,285.076,243.10800000000003,69.05599999999998
2025-05-27,296.32,49.76,246.56,152.47833333333332,102.06858671002776,0.5145732091432685,11:45:00,03:30:00,261.928,223.584,72.83200000000001
2025-05-28,299.44,47.28,252.16,151.6025,101.03650413796517,0.5062867352391129,11:00:00,23:15:00,260.492,221.192,72.5
2025-05-29,314.64,46.96,267.68,156.0783333333333,111.0224836656893,0.4960536909907618,13:45:00,21:45:00,271.56000000000006,239.24399999999997,67.688
2025-05-30,308.64,48.08,260.56,153.08416666666673,110.56299843282171,0.4959958743735962,13:00:00,22:45:00,269.1840000000001,231.304,63.251999999999995
2025-05-31,61.76,44.0,17.759999999999998,51.642499999999984,4.465011817041002,0.8361803756476681,20:15:00,16:15:00,50.315999999999995,49.08,54.779999999999994
2025-06-01,171.52,45.28,126.24000000000001,82.63416666666667,42.54490154788583,0.4817756918532338,05:00:00,01:00:00,141.608,70.47600000000001,57.012
2025-06-02,278.16,45.36,232.8,138.09,90.30150889920765,0.4964408973252804,14:45:00,01:00:00,225.468,208.99200000000005,70.436
2025-06-03,286.88,45.84,241.04,148.15666666666664,100.40349545882792,0.5164412530210075,11:45:00,21:45:00,254.344,219.836,70.77199999999999
2025-06-04,274.96,46.32,228.64,141.66916666666665,95.65691439136636,0.515235549413248,12:30:00,23:45:00,245.89600000000002,207.47199999999998,66.59200000000001
2025-06-05,284.72,44.56,240.16000000000003,137.8625,92.38701696211378,0.484203779151447,14:00:00,00:45:00,228.52399999999997,210.13199999999998,66.76
2025-06-06,285.76,45.12,240.64,142.99249999999995,100.2431600816629,0.5003936870100782,09:30:00,22:30:00,256.608,205.11600000000004,61.74399999999999
2025-06-07,67.6,41.2,26.39999999999999,49.54999999999999,4.925479191221693,0.7329881656804733,04:00:00,16:00:00,48.392,47.656000000000006,52.10799999999999
2025-06-08,191.6,42.56,149.04,93.73083333333331,56.74033114324952,0.4892005915100904,11:30:00,23:30:00,170.49999999999997,83.50399999999999,58.827999999999996
2025-06-09,339.52,41.2,298.32,186.78499999999994,119.19138213284063,0.5501443213949103,13:45:00,05:00:00,308.32399999999996,288.6279999999999,95.51999999999998
2025-06-10,298.48,48.16,250.32000000000002,168.35750000000004,97.18432341635528,0.5640495175556153,13:45:00,23:30:00,258.392,259.896,94.50399999999999
2025-06-11,323.76,48.32,275.44,174.50666666666658,103.75101639747328,0.539000082365538,14:45:00,22:30:00,263.388,276.308,94.55199999999999
2025-06-12,335.76,48.32,287.44,176.59333333333333,106.66976970925062,0.5259510761655151,14:45:00,22:15:00,269.548,283.7800000000001,96.80399999999999
2025-06-13,321.12,43.04,278.08,153.09750000000008,108.10337459068857,0.4767610239162932,14:00:00,22:30:00,273.93199999999996,225.49199999999996,64.888
2025-06-14,63.52,43.52,20.0,51.866666666666646,4.568769652800508,0.8165407220822835,07:30:00,12:45:00,50.556000000000004,49.788,55.136
2025-06-15,187.04,44.8,142.24,88.09333333333336,51.459965894125524,0.47098659823210737,10:45:00,16:15:00,159.91199999999998,75.024,55.40799999999998
2025-06-16,326.24,44.48,281.76,152.8083333333333,112.19205937439004,0.46839239006048705,11:30:00,01:15:00,273.44000000000005,223.66799999999998,66.312
2025-06-17,325.28,46.0,279.28,169.095,120.942979761887,0.519844441711756,08:30:00,03:15:00,311.216,244.09200000000004,74.852
2025-06-18,317.52,53.44,264.08,164.53499999999997,110.44668688652695,0.5181878306878306,14:00:00,23:30:00,288.5160000000001,238.676,78.72
2025-06-19,349.36,51.44,297.92,175.5141666666667,124.90321952503584,0.5023876994122587,12:30:00,22:00:00,319.732,260.01599999999996,71.936
2025-06-20,363.92,48.72,315.20000000000005,181.6108333333333,138.8266201658265,0.4990405400454311,15:00:00,02:15:00,343.0759999999999,263.4319999999999,66.108
2025-06-21,65.6,44.4,21.199999999999996,52.999166666666646,4.730300906566797,0.8079141260162599,19:30:00,01:30:00,51.620000000000005,50.784000000000006,56.696000000000005
2025-06-22,213.36,44.0,169.36,100.48,68.78622432465754,0.4709411323584552,08:45:00,14:45:00,200.23600000000002,79.412,55.376
2025-06-23,398.32,44.56,353.76,180.97666666666666,140.74781708444036,0.45434993639954474,05:45:00,01:45:00,343.3160000000001,266.64,69.032
2025-06-24,341.52,45.6,295.91999999999996,171.24833333333325,126.20537847131448,0.5014298820957287,12:00:00,22:15:00,312.03200000000004,255.00399999999996,68.49600000000001
2025-06-25,324.72,45.76,278.96000000000004,164.1441666666667,121.1071083286167,0.5054944772932578,10:45:00,03:00:00,299.564,244.83199999999997,66.00399999999999
2025-06-26,317.2,45.12,272.08,157.72916666666666,114.10772018410512,0.49725462379150903,14:30:00,23:45:00,278.108,240.78799999999995,67.06400000000001
2025-06-27,342.48,45.12,297.36,168.54749999999999,128.29955806626924,0.4921382270497547,12:15:00,00:30:00,308.264,251.13999999999996,62.35199999999999
2025-06-28,64.0,42.32,21.68,50.67833333333332,4.75242357377385,0.7918489583333331,19:15:00,22:00:00,48.187999999999995,49.284000000000006,53.396
2025-06-29,266.32,35.12,231.2,112.86000000000003,90.91927468624948,0.4237759086812858,10:30:00,14:30:00,244.752,81.65599999999999,53.39999999999999
2025-06-30,424.08,43.2,380.88,195.45333333333326,163.04093039005923,0.4608878827894107,10:45:00,00:15:00,370.612,305.12800000000004,62.45200000000001
2025-07-01,393.76,44.08,349.68,181.03583333333347,144.3842682760627,0.4597618684816474,05:45:00,21:30:00,350.648,266.012,61.58399999999999
2025-07-02,404.48,44.56,359.92,183.0466666666667,145.13729446842405,0.45254812763713087,05:45:00,02:30:00,350.496,268.11600000000004,65.648
2025-07-03,423.6,46.48,377.12,190.91166666666663,152.41893093269832,0.4506885426502989,13:00:00,03:15:00,363.416,287.492,66.652
2025-07-04,407.36,45.2,362.16,184.74750000000006,145.39483049523062,0.4535239100549883,14:30:00,22:00:00,349.148,270.79200000000003,61.944
2025-07-05,66.88,46.24,20.639999999999993,53.044999999999995,4.495743952252011,0.793136961722488,04:45:00,21:30:00,51.92,51.944,55.524
2025-07-06,269.76,46.88,222.88,119.9333333333333,89.78208390807819,0.4445927243969947,11:00:00,01:45:00,245.532,97.444,60.459999999999994
2025-07-07,383.36,49.36,334.0,172.92,129.9446225047221,0.45106427378964936,05:45:00,00:15:00,326.16399999999993,245.68399999999997,65.75999999999998
2025-07-08,340.4,47.12,293.28,169.055,125.31656725857793,0.4966363102232668,13:15:00,03:45:00,308.976,251.752,67.508
2025-07-09,361.92,46.72,315.20000000000005,178.64999999999995,134.25023598136667,0.49361737400530487,13:45:00,02:00:00,329.284,268.788,70.404
2025-07-10,445.84,46.8,399.03999999999996,198.36916666666647,160.26002087178375,0.4449335337041685,12:45:00,21:15:00,366.988,311.73600000000005,67.13199999999999
2025-07-11,382.0,47.92,334.08,180.60416666666677,139.62649333634184,0.4727857766143109,05:45:00,02:15:00,327.35600000000005,271.64400000000006,62.267999999999994
2025-07-12,66.56,44.96,21.6,52.88416666666666,4.78946731829151,0.7945337540064101,18:15:00,09:00:00,50.768,50.38000000000001,56.94
2025-07-13,268.64,46.0,222.64,116.6316666666667,90.0585480517701,0.434155995632321,07:45:00,01:15:00,246.128,88.464,56.14
2025-07-14,397.36,45.84,351.52,187.16250000000005,148.63280066554694,0.4710149486611638,05:45:00,21:30:00,367.73999999999995,269.556,66.47999999999999
2025-07-15,401.84,44.24,357.59999999999997,183.44166666666658,142.67636953068344,0.4565042471298691,05:45:00,22:30:00,350.8959999999999,267.516,67.95199999999998
2025-07-16,384.56,45.76,338.8,179.94166666666675,140.11991326729793,0.46791571319603376,05:45:00,03:15:00,341.81999999999994,264.99199999999996,64.172
2025-07-17,350.4,43.28,307.12,174.8233333333334,134.55849998120883,0.49892503805175065,05:30:00,22:00:00,328.5679999999999,257.396,63.580000000000005
2025-07-18,338.32,42.56,295.76,167.4008333333334,129.35120550506682,0.49480028769606704,11:45:00,02:30:00,310.784,244.57199999999997,58.708000000000006
2025-07-19,61.92,41.12,20.800000000000004,49.43999999999999,4.7780832977251455,0.7984496124031006,04:30:00,14:30:00,48.068,47.224000000000004,52.512
2025-07-20,239.44,41.76,197.68,100.91166666666662,73.2295542101996,0.4214486579797303,08:00:00,03:45:00,210.16799999999998,77.42000000000002,52.55200000000001
2025-07-21,382.08,42.96,339.12,176.1525,137.9905722866602,0.46103564698492466,05:45:00,23:45:00,333.12800000000004,261.852,66.07199999999997
2025-07-22,404.64,44.48,360.15999999999997,188.25166666666664,150.5770876724936,0.4652324700144984,13:00:00,01:00:00,351.47200000000004,289.072,64.912
2025-07-23,418.16,44.96,373.20000000000005,187.6808333333333,149.97019908646888,0.44882540973152213,12:15:00,21:30:00,346.02,295.72799999999995,64.62399999999998
2025-07-24,472.4,43.12,429.28,214.02166666666676,181.75050029999431,0.4530517922664411,14:15:00,03:45:00,407.81600000000003,340.83600000000007,66.692
2025-07-25,465.36,43.76,421.6,212.2558333333334,180.18237820063067,0.4561110394819783,15:00:00,03:30:00,405.512,331.764,59.26399999999999
2025-07-26,61.84,43.36,18.480000000000004,50.57166666666666,5.0527288440930445,0.8177824493316083,20:00:00,02:30:00,49.260000000000005,48.252,53.475999999999985
2025-07-27,233.68,43.6,190.08,105.75333333333334,76.49961577704221,0.45255620221385373,05:00:00,02:00:00,214.41600000000003,80.69599999999998,54.360000000000014
2025-07-28,363.68,43.68,320.0,179.6925,138.90941154882958,0.4940950835899692,11:15:00,03:30:00,337.016,268.548,68.756
2025-07-29,377.68,44.64,333.04,178.865,93.15603015202083,0.4735887523829697,12:30:00,02:30:00,250.66,261.212,147.228
2025-07-30,334.4,77.68,256.71999999999997,208.30916666666664,88.80966898126242,0.622934110845295,13:15:00,00:30:00,300.8119999999999,273.512,144.99599999999998
2025-07-31,343.76,89.68,254.07999999999998,221.53999999999996,90.58872150084635,0.6444612520363043,08:30:00,00:30:00,324.62800000000004,279.812,154.92400000000004
2025-08-01,364.4,99.28,265.12,235.72500000000014,99.20954508407686,0.6468852908891333,08:00:00,21:45:00,350.22800000000007,293.67600000000004,153.808
2025-08-02,173.04,104.72,68.32,142.57000000000002,11.529856894168287,0.8239135460009248,05:15:00,01:45:00,146.56000000000003,141.368,139.05199999999996
2025-08-03,332.64,109.28,223.35999999999999,202.95666666666662,77.70910087819989,0.6101390893057559,09:15:00,02:15:00,312.2439999999999,184.184,150.34400000000002
2025-08-04,482.24,136.64,345.6,288.66166666666663,138.68906519842886,0.5985850752046007,13:30:00,00:15:00,437.12000000000006,388.74000000000007,190.53599999999997
2025-08-05,385.44,146.56,238.88,254.2633333333334,93.87315386275434,0.6596703334717036,09:45:00,23:15:00,359.912,319.93600000000004,173.82
2025-08-06,394.96,144.96,249.99999999999997,251.17916666666665,98.01682330000581,0.6359610255890892,12:00:00,02:15:00,351.752,331.744,178.06
2025-08-07,450.24,152.64,297.6,292.03749999999997,112.65515744495397,0.6486262882018479,17:30:00,23:45:00,365.956,407.18799999999993,221.24000000000007
2025-08-08,430.08,147.04,283.03999999999996,254.40666666666652,98.42962030294773,0.5915333581349204,13:45:00,00:00:00,353.5959999999999,334.14,179.18
2025-08-09,198.16,151.04,47.120000000000005,179.04833333333332,13.423711830125287,0.9035543668416094,17:30:00,00:45:00,181.02799999999996,190.516,182.432
2025-08-10,444.88,172.64,272.24,317.07666666666665,104.30284064019557,0.7127240304501589,14:15:00,00:30:00,275.948,429.0759999999999,364.73600000000005
2025-08-11,540.48,278.24,262.24,413.42250000000007,72.14572966900873,0.7649172957371226,11:45:00,21:30:00,465.55199999999996,472.0840000000001,398.9240000000001
2025-08-12,523.04,316.4,206.64,403.93083333333334,64.86675248727667,0.7722752243295605,08:15:00,23:45:00,469.64,458.75999999999993,352.144
2025-08-13,428.48,295.92,132.56,353.7091666666667,38.97462536646299,0.8254974950211601,06:45:00,21:30:00,401.01599999999996,382.4680000000001,320.33599999999996
2025-08-14,477.36,288.8,188.56,374.0850000000001,50.447144950772106,0.7836538461538464,11:45:00,01:30:00,415.36800000000005,420.55600000000004,351.968
2025-08-15,442.56,258.64,183.92000000000002,352.82416666666654,45.04642619545369,0.7972346499156421,07:15:00,22:30:00,406.1240000000001,373.192,300.65199999999993
2025-08-16,329.92,257.76,72.16000000000003,292.26083333333327,19.049979674898214,0.8858536412867763,15:00:00,03:30:00,299.788,312.976,288.98799999999994
2025-08-17,380.64,291.92,88.71999999999997,337.1025,27.06728540041221,0.8856202711223203,10:30:00,01:45:00,352.524,358.46799999999996,335.99999999999994
2025-08-18,462.48,314.16,148.32,376.4666666666667,41.72691194362312,0.8140171827250188,10:45:00,01:15:00,423.3759999999999,405.46799999999996,345.6600000000001
2025-08-19,465.6,261.76,203.84000000000003,357.1483333333333,55.84639140519695,0.7670711626575027,08:30:00,21:30:00,433.78000000000003,362.10799999999995,283.04400000000004
2025-08-20,468.56,278.08,190.48000000000002,334.7491666666666,44.254477303471894,0.714421134255307,07:30:00,00:30:00,391.15600000000006,354.88,301.884
2025-08-21,460.0,297.76,162.24,367.3741666666667,43.578844110819254,0.7986394927536233,14:45:00,00:45:00,405.928,398.46799999999996,350.84
2025-08-22,520.24,339.28,180.96000000000004,416.6516666666666,55.594105531293174,0.8008835665590238,11:00:00,01:30:00,449.088,471.16,386.184
2025-08-23,448.56,341.04,107.51999999999998,375.3741666666667,25.4194024389024,0.8368427114915881,15:15:00,21:30:00,380.896,409.03600000000006,357.83599999999996
2025-08-24,401.04,336.72,64.32,368.42499999999995,13.614478052117125,0.9186739477358865,09:00:00,13:30:00,384.03200000000004,359.35200000000003,362.69999999999993
2025-08-25,466.4,353.68,112.71999999999997,387.5391666666664,30.588062606760296,0.8309158805031441,10:30:00,15:45:00,429.0,371.70000000000005,378.5960000000001
2025-08-26,476.48,348.8,127.68,395.7708333333334,29.405963436249376,0.8306137368479966,07:00:00,21:15:00,429.468,400.33200000000005,374.552
2025-08-27,502.88,292.16,210.71999999999997,376.97166666666675,41.01017975465082,0.7496254905080074,07:45:00,21:30:00,430.33600000000007,371.19200000000006,339.21599999999995
2025-08-28,412.72,267.76,144.96000000000004,323.1474999999999,35.683881456330866,0.7829702946307422,07:30:00,21:15:00,368.372,329.50000000000006,285.9240000000001
2025-08-29,347.44,276.24,71.19999999999999,307.0091666666668,19.488348349809144,0.8836321858930082,15:00:00,01:45:00,324.192,323.23999999999995,294.552
2025-08-30,356.16,288.08,68.08000000000004,321.67000000000013,17.664571501052308,0.9031615004492366,12:30:00,02:15:00,332.764,337.58799999999997,315.09599999999995
2025-08-31,394.64,292.64,102.0,352.33500000000004,22.481276045446773,0.8928010338536388,14:30:00,21:45:00,367.996,369.39599999999996,348.08399999999995
2025-09-01,440.32,323.2,117.12,376.73916666666673,29.12171364487391,0.8556031219718994,12:15:00,03:15:00,389.204,410.3,365.62
2025-09-02,508.4,324.24,184.15999999999997,405.4941666666666,52.93304767477828,0.7975888408077628,11:00:00,22:00:00,453.43199999999996,445.744,367.364
2025-09-03,528.0,317.36,210.64,408.4466666666665,63.770501853652256,0.7735732323232319,10:15:00,21:30:00,463.2879999999999,456.0,371.56000000000006
2025-09-04,513.84,292.72,221.12,400.30249999999995,67.78676382210384,0.7790411412112719,10:30:00,21:30:00,454.2999999999999,459.712,352.31600000000003
2025-09-05,477.28,283.6,193.67999999999995,374.9191666666665,56.65957080236994,0.7855329506090063,11:30:00,01:15:00,405.7800000000001,436.4200000000001,341.75600000000003
2025-09-06,405.76,305.84,99.92000000000002,340.19666666666654,22.883132407341655,0.8384184411146159,13:30:00,15:00:00,351.17999999999995,347.288,336.504
2025-09-07,389.6,321.76,67.84000000000003,355.28833333333347,15.702709566163996,0.9119310403832994,10:45:00,01:00:00,370.41999999999996,360.876,349.1240000000001
2025-09-08,463.52,329.12,134.39999999999998,382.5633333333332,41.22524302482813,0.8253437464043261,07:00:00,05:00:00,432.436,404.72799999999995,341.54
2025-09-09,470.72,312.96,157.76000000000005,381.4291666666668,46.13009064001652,0.8103100923408114,11:00:00,21:30:00,419.64400000000006,424.44399999999996,343.27599999999995
2025-09-10,455.36,291.2,164.16000000000003,359.47333333333336,36.40080723994042,0.7894266807214805,08:00:00,22:00:00,411.9719999999999,357.648,328.70799999999997
2025-09-11,415.04,263.12,151.92000000000002,321.13750000000016,39.324497815243014,0.773750722821897,07:30:00,22:45:00,370.38,324.1239999999999,279.956
2025-09-12,402.24,47.12,355.12,226.88083333333327,114.91339171344532,0.564043440068947,07:30:00,22:00:00,340.66,234.85600000000005,75.732
2025-09-13,66.88,44.64,22.239999999999995,53.61666666666667,5.448673168602206,0.8016846092503987,05:15:00,13:30:00,51.73199999999999,50.284000000000006,57.068000000000005
2025-09-14,185.28,45.2,140.07999999999998,92.145,53.92808224605101,0.49732836787564766,10:45:00,14:30:00,165.772,77.16399999999997,57.556
2025-09-15,414.32,46.16,368.15999999999997,186.53916666666655,144.51208934069854,0.4502296936345495,10:00:00,02:00:00,361.65599999999995,261.56399999999996,71.66799999999998
2025-09-16,379.6,46.88,332.72,176.46916666666667,132.0885815031291,0.46488189322093426,11:45:00,22:15:00,325.224,259.78000000000003,71.764
2025-09-17,417.12,46.8,370.32,185.8799999999999,143.88316476627102,0.4456271576524739,10:30:00,21:30:00,353.5920000000001,270.756,70.34400000000001
2025-09-18,401.6,43.68,357.92,181.94583333333335,137.87857015784553,0.4530523738379814,10:15:00,00:45:00,344.312,258.9,73.84
2025-09-19,392.32,47.44,344.88,178.71583333333334,129.72993531638323,0.4555358720772159,10:30:00,01:45:00,329.308,252.67200000000003,74.45599999999999
2025-09-20,66.72,46.56,20.159999999999997,55.49750000000001,5.018489812682694,0.8317970623501201,19:45:00,02:15:00,53.528,53.936,57.672000000000004
2025-09-21,185.52,45.76,139.76000000000002,91.91083333333337,52.27147000171653,0.4954227756216762,08:00:00,22:30:00,163.44400000000002,76.66399999999999,57.36399999999999
2025-09-22,419.92,0.0,419.92,179.9216666666666,143.5831599469481,0.4284665333079315,07:45:00,13:45:00,370.648,214.56,77.176
2025-09-23,377.36,48.96,328.40000000000003,180.4725,132.09143682353243,0.47825021199915196,07:30:00,03:00:00,347.0760000000001,247.64000000000001,74.416
2025-09-24,402.56,50.08,352.48,180.1575000000001,133.1464591382461,0.4475295608108111,08:30:00,03:30:00,365.8159999999999,231.996,76.63199999999999
2025-09-25,415.92,48.0,367.92,181.1116666666666,133.26740294505365,0.4354483233955246,07:30:00,02:15:00,360.648,238.62399999999997,76.53599999999999
2025-09-26,419.92,48.56,371.36,192.5516666666667,143.38105084128404,0.4585436908617515,10:15:00,02:45:00,374.12,259.6,77.60799999999999
2025-09-27,67.6,46.88,20.71999999999999,55.15166666666668,5.004075531986359,0.8158530571992113,05:15:00,13:30:00,52.976,52.16400000000001,57.11600000000001
2025-09-28,176.32,46.48,129.84,89.67416666666666,49.4786975037406,0.5085876058681186,05:00:00,02:30:00,156.608,76.052,57.02399999999999
2025-09-29,415.6,47.84,367.76,187.3458333333333,144.35275202865242,0.45078400705806854,08:15:00,02:30:00,357.74,267.252,73.26000000000002
2025-09-30,396.88,48.08,348.8,184.45999999999992,140.12980929349607,0.4647752469260228,11:00:00,01:00:00,345.95599999999985,266.52,74.31600000000002
2025-10-01,419.28,49.2,370.08,186.06083333333345,143.44333045467755,0.44376272021878804,11:00:00,00:00:00,354.996,266.22799999999995,72.09600000000002
2025-10-02,408.16,45.92,362.24,184.54083333333327,139.1044026218147,0.45212865869593605,11:15:00,03:15:00,338.27199999999993,270.97200000000004,75.25999999999998
2025-10-03,424.8,47.84,376.96000000000004,197.1416666666668,148.7350225890372,0.464081136220967,08:30:00,01:45:00,380.916,273.1960000000001,77.80399999999999
2025-10-04,71.6,47.92,23.679999999999993,56.22166666666666,4.810521509460534,0.7852188081936684,05:00:00,11:45:00,55.064,53.42,59.424
2025-10-05,169.28,47.76,121.52000000000001,86.32916666666664,43.16052132914417,0.5099785365469437,10:00:00,03:00:00,143.23200000000003,78.116,57.59599999999999
2025-10-06,428.64,49.04,379.59999999999997,178.03916666666672,131.41496432988347,0.4153582648998384,07:45:00,03:00:00,360.9599999999999,223.26799999999997,76.07199999999997
2025-10-07,445.12,46.24,398.88,188.0333333333333,142.0896955756185,0.4224329019889767,07:00:00,03:45:00,382.47200000000004,237.56399999999994,79.568
2025-10-08,461.92,50.96,410.96000000000004,189.06833333333327,139.88907484271556,0.40930969287611113,07:15:00,03:00:00,381.38,240.94,81.932
2025-10-09,407.12,48.96,358.16,215.4058333333334,131.54170636335252,0.5290966627366216,07:15:00,02:45:00,359.03600000000006,302.39199999999994,115.744
2025-10-10,341.84,50.48,291.35999999999996,171.395,123.52229275892289,0.501389538965598,10:30:00,03:30:00,317.8959999999999,243.868,67.97600000000001
2025-10-11,69.12,48.96,20.160000000000004,56.56416666666666,4.77779241395827,0.8183473186728393,04:15:00,21:00:00,54.88799999999999,54.97600000000001,58.58400000000002
2025-10-12,189.52,48.4,141.12,94.2575,53.824966013141044,0.49734856479527223,08:00:00,01:15:00,173.07600000000002,76.616,58.112
2025-10-13,392.08,50.56,341.52,173.69083333333333,126.47338981750202,0.44299845269672855,06:00:00,01:00:00,325.9839999999999,240.3040000000001,72.25199999999998
2025-10-14,544.08,52.08,492.00000000000006,201.82500000000005,158.23459447422061,0.37094728716365244,07:00:00,03:00:00,429.86,240.252,80.24
2025-10-15,494.72,49.2,445.52000000000004,193.95583333333343,150.6913432897064,0.3920517329667962,07:15:00,02:45:00,412.1160000000001,229.42000000000002,79.372
2025-10-16,451.76,50.08,401.68,198.01250000000007,149.52578866466305,0.43831348503630263,06:00:00,03:00:00,402.78000000000003,251.288,79.64
2025-10-17,421.6,49.2,372.40000000000003,189.8741666666667,143.3568367812635,0.45036567046173315,07:00:00,03:15:00,384.876,242.852,73.35999999999999
2025-10-18,61.12,35.76,25.36,47.951666666666675,5.868504098224452,0.7845495200698082,03:00:00,15:00:00,43.92400000000001,42.656,50.804
2025-10-19,224.56,47.04,177.52,101.37583333333328,65.20872023807644,0.4514420793254955,07:45:00,03:00:00,200.55999999999997,77.27599999999998,60.891999999999996
2025-10-20,503.04,57.12,445.92,199.01000000000008,153.66901925207543,0.3956146628498729,07:00:00,22:15:00,413.24799999999993,238.31199999999998,76.51599999999999
2025-10-21,478.4,52.32,426.08,197.11750000000004,154.1344908632854,0.41203490802675596,07:00:00,23:00:00,406.688,250.776,71.67999999999999
2025-10-22,520.24,49.44,470.8,203.11083333333332,163.4622734112429,0.39041756368855396,07:15:00,03:45:00,441.4959999999999,253.14799999999997,75.01599999999999
2025-10-23,422.64,49.2,373.44,187.58499999999995,145.10016289301316,0.4438410940753359,07:15:00,03:45:00,359.01599999999996,270.968,68.924
2025-10-24,411.84,45.76,366.08,188.87749999999994,144.18191851743552,0.4586186383061382,11:00:00,02:15:00,355.724,272.09600000000006,72.72
2025-10-25,62.0,38.24,23.759999999999998,50.183333333333344,6.023884158155532,0.8094086021505378,23:15:00,13:45:00,45.168000000000006,45.152,53.544
2025-10-26,203.68,48.8,154.88,97.21083333333331,55.54241151762303,0.47727235532861995,12:15:00,03:30:00,166.70800000000003,89.16400000000002,61.984
2025-10-27,418.48,50.8,367.68,189.83333333333346,145.17158563986612,0.4536258204294911,10:30:00,22:30:00,350.024,279.02399999999994,70.544
2025-10-28,359.6,51.76,307.84000000000003,165.29250000000005,115.82919770984024,0.45965656284760853,10:30:00,23:45:00,306.304,225.55599999999998,72.02000000000001
2025-10-29,488.8,49.36,439.44,183.63666666666677,142.50439646526635,0.3756887615930171,07:30:00,03:00:00,399.896,203.70799999999997,74.33200000000001
2025-10-30,610.72,65.44,545.28,220.59666666666658,171.47254839165896,0.36120753645969766,07:30:00,00:30:00,476.092,245.46000000000004,88.00399999999999
2025-10-31,613.2,65.52,547.6800000000001,217.02166666666662,170.26662493782888,0.35391661230702315,07:15:00,23:00:00,470.67600000000004,214.95199999999994,85.42799999999998
2025-11-01,100.88,54.48,46.4,72.56833333333334,11.385912502244693,0.7193530266983876,05:45:00,15:15:00,84.02,59.652,66.576
2025-11-02,216.48,48.08,168.39999999999998,104.28749999999998,53.457544649936914,0.48174196230598665,06:30:00,15:15:00,187.32,93.3,62.848
2025-11-03,577.36,59.76,517.6,198.11750000000004,159.67579024220825,0.34314379243452964,08:00:00,00:15:00,432.7320000000001,249.65199999999996,83.82399999999998
2025-11-04,334.32,59.04,275.28,166.51666666666668,107.02540686719071,0.4980756959400176,07:00:00,02:45:00,278.77199999999993,265.57199999999995,80.1
2025-11-05,458.08,52.4,405.68,173.19416666666666,130.6547304653852,0.3780871609034812,08:15:00,23:00:00,356.548,229.868,75.08399999999997
2025-11-06,422.72,49.12,373.6,205.61250000000007,124.91190897672858,0.4864035295230887,08:00:00,05:00:00,320.22400000000005,296.39199999999994,175.27999999999994
2025-11-07,362.96,50.56,312.4,176.08,123.9600305021956,0.48512232752920437,09:00:00,05:00:00,302.23199999999997,292.6039999999999,79.332
2025-11-08,87.36,46.72,40.64,64.27416666666669,8.957704554024597,0.7357390873015875,06:45:00,15:45:00,72.00800000000001,51.908,63.90399999999998
2025-11-09,233.76,57.92,175.83999999999997,115.05666666666657,54.83978629976149,0.49219997718457636,06:30:00,15:30:00,198.324,105.14399999999998,80.20000000000002
2025-11-10,658.4,61.44,596.96,233.6483333333334,185.789911723553,0.35487292426083444,07:30:00,23:15:00,501.9919999999999,295.34000000000003,79.69199999999998
2025-11-11,594.24,59.2,535.04,209.8758333333334,172.07727923456926,0.3531836182911507,07:30:00,23:15:00,459.0,274.308,80.888
2025-11-12,618.08,56.56,561.52,209.90166666666656,170.80013449191463,0.33960274829579756,07:30:00,00:15:00,441.948,290.616,80.59199999999998
2025-11-13,592.88,55.92,536.96,201.97083333333322,165.03039883077793,0.340660560877974,07:30:00,02:15:00,432.25600000000003,276.14000000000004,75.89599999999999
2025-11-14,463.68,50.0,413.68,181.69999999999996,137.04237512920093,0.39186507936507925,07:00:00,02:00:00,362.116,268.548,75.99600000000001
2025-11-15,63.6,39.84,23.759999999999998,51.62833333333334,6.37487678587498,0.811766247379455,23:30:00,08:15:00,47.995999999999995,44.775999999999996,55.80400000000001
2025-11-16,229.04,53.76,175.28,108.20416666666661,57.759132076630216,0.472424758411922,06:45:00,16:00:00,198.68800000000002,101.23599999999998,72.56
2025-11-17,657.52,70.8,586.72,235.69583333333344,182.26762717248423,0.35846184653445284,08:00:00,22:30:00,497.148,307.328,89.62799999999999
2025-11-18,630.32,65.2,565.12,226.55333333333337,179.79553586558535,0.35942590007192116,07:30:00,23:00:00,476.4320000000001,299.96399999999994,89.15599999999998
2025-11-19,400.48,63.36,337.12,167.60916666666665,112.06219077549532,0.41852069183646284,07:00:00,00:00:00,314.924,236.94,81.1
2025-11-20,522.24,65.84,456.4,184.49749999999997,135.01848978254014,0.3532810585171568,07:00:00,02:30:00,376.34800000000007,239.52800000000002,82.808
2025-11-21,533.52,70.72,462.79999999999995,194.82416666666674,142.3494562551623,0.3651675038736444,07:00:00,00:45:00,401.932,257.29200000000003,79.46799999999999
2025-11-22,115.76,62.88,52.88,84.22916666666664,11.860974990248408,0.727618924211011,23:00:00,15:15:00,87.29600000000002,70.35600000000002,94.89199999999998
2025-11-23,307.04,72.72,234.32000000000002,147.5775,68.30025471170816,0.48064584418968204,06:30:00,16:30:00,258.004,125.93200000000002,93.528
2025-11-24,694.56,69.76,624.8,236.20916666666665,187.5058400868268,0.34008460992090916,07:00:00,22:30:00,517.6920000000001,283.70799999999997,87.58399999999997
2025-11-25,713.76,76.88,636.88,243.11583333333354,190.63211728996802,0.3406128577299562,07:30:00,00:00:00,519.244,311.0400000000001,101.98000000000002
2025-11-26,787.84,84.48,703.36,267.52333333333326,219.5040340723493,0.339565563227728,07:15:00,22:45:00,614.492,296.424,95.756
2025-11-27,757.36,65.28,692.08,246.77833333333342,202.77294817326398,0.32584019928875757,06:45:00,22:30:00,553.596,291.14799999999997,86.0
2025-11-28,612.08,60.16,551.9200000000001,267.91749999999996,172.41446248410895,0.43771647497059196,07:00:00,23:45:00,474.564,346.46399999999994,203.16
2025-11-29,70.08,45.36,24.72,56.885,6.073556835296675,0.8117151826484018,05:30:00,12:00:00,55.452,50.21600000000001,58.492000000000004
2025-11-30,210.4,51.12,159.28,104.52666666666664,59.246024404337035,0.49679974651457526,09:15:00,03:30:00,191.99999999999997,107.00800000000001,67.54400000000001
2025-12-01,604.56,61.52,543.04,207.49583333333337,166.59863331509104,0.34321793260112043,07:15:00,23:00:00,445.06400000000014,274.1,81.72
2025-12-02,672.8,61.04,611.76,224.36166666666657,183.86361296905673,0.33347453428458174,07:00:00,22:45:00,487.96000000000004,295.604,83.216
2025-12-03,576.64,61.2,515.4399999999999,222.83916666666678,169.7672101231049,0.3864441708287091,07:00:00,00:00:00,443.5200000000001,317.29999999999995,94.64000000000001
2025-12-04,729.92,80.4,649.52,255.47916666666666,200.49806748335857,0.35000981842759027,07:00:00,22:30:00,545.96,331.65599999999995,99.632
2025-12-05,715.04,59.36,655.68,232.90166666666673,194.28466198727259,0.32571837472961895,07:30:00,23:45:00,540.804,268.6520000000001,80.96000000000001
2025-12-06,91.52,47.68,43.839999999999996,68.02499999999999,11.68024981708327,0.7432801573426573,07:30:00,13:45:00,80.58800000000001,53.467999999999996,62.75599999999999
2025-12-07,241.68,53.12,188.56,111.57749999999997,69.28988742195625,0.46167452830188666,06:30:00,15:00:00,217.70400000000004,111.02000000000001,64.63199999999999
2025-12-08,650.8,72.16,578.64,233.24666666666667,182.89528532766425,0.35839991804958005,07:30:00,00:30:00,494.5679999999999,309.128,87.804
2025-12-09,764.0,69.52,694.48,255.8175000000001,216.42805389223216,0.33483965968586404,07:30:00,23:45:00,577.536,322.004,87.99600000000001
2025-12-10,699.12,71.52,627.6,235.29749999999993,193.2913915092417,0.33656239272227934,07:30:00,23:00:00,522.436,286.6840000000001,90.69200000000002
2025-12-11,733.92,74.88,659.04,251.07916666666668,206.2204242050196,0.3421069962212049,07:45:00,00:15:00,557.5360000000001,312.148,94.216
2025-12-12,723.28,63.28,660.0,237.89083333333338,198.8362823169203,0.3289055875087565,07:15:00,22:30:00,554.008,272.108,82.04799999999999
2025-12-13,105.36,50.96,54.4,75.74083333333334,12.760664532000112,0.7188765502404455,05:30:00,14:30:00,88.392,57.81600000000002,74.92
2025-12-14,267.28,69.6,197.67999999999998,130.62083333333337,67.88548995674014,0.48870410555721855,06:45:00,15:45:00,239.23600000000005,123.12799999999997,79.568
2025-12-15,648.72,60.48,588.24,217.6833333333333,173.4200974856427,0.3355582274838656,06:45:00,23:45:00,465.48799999999994,285.216,88.736
2025-12-16,655.76,62.56,593.2,227.07500000000007,183.29577154223486,0.346277601561547,07:00:00,00:00:00,488.45199999999994,302.24000000000007,92.15199999999997
2025-12-17,682.4,76.16,606.24,242.17166666666665,192.5365772312623,0.354882278233685,07:00:00,19:30:00,525.1200000000001,320.2879999999999,83.55999999999999
2025-12-18,676.16,74.8,601.36,245.40333333333328,193.75189758074717,0.36293678024925063,07:15:00,18:30:00,523.196,328.48400000000004,84.26000000000002
2025-12-19,631.36,64.88,566.48,221.52666666666673,174.03712036390803,0.3508721912485218,07:00:00,22:15:00,478.52799999999996,294.0400000000001,74.316
2025-12-20,109.28,70.48,38.8,87.54916666666672,9.644375472036229,0.8011453757930703,08:45:00,16:15:00,99.62,77.108,85.94399999999999
2025-12-21,281.92,53.76,228.16000000000003,132.87500000000009,71.50015107823567,0.4713216515323499,07:00:00,15:15:00,247.33200000000002,115.58800000000001,76.56400000000001
2025-12-22,655.04,63.6,591.4399999999999,229.36583333333337,184.13370492041727,0.35015546124409713,07:00:00,22:15:00,500.4880000000001,292.676,74.90400000000001
2025-12-23,597.84,60.8,537.0400000000001,214.46166666666662,181.65422959519705,0.35872753021990267,07:00:00,22:45:00,475.188,281.95599999999996,73.39999999999999
2025-12-24,526.88,55.68,471.2,186.61999999999998,153.3161908708858,0.3541982994230185,07:00:00,02:45:00,411.988,248.61200000000002,70.24799999999999
2025-12-25,480.48,55.68,424.8,173.0308333333334,138.89663779543832,0.3601207819957821,07:30:00,03:15:00,379.1,222.248,70.732
2025-12-26,484.08,57.84,426.24,181.91,139.29969920245605,0.3757849942158321,07:00:00,03:30:00,387.9319999999999,246.63600000000002,69.244
2025-12-27,99.76,53.84,45.92,72.17999999999999,10.471810379852137,0.7235364875701683,23:15:00,16:00:00,72.732,63.07199999999999,81.83200000000001
2025-12-28,349.12,67.04,282.08,153.9,88.16558431067138,0.44082263978001834,07:00:00,15:30:00,303.58399999999995,124.38799999999999,90.204
